학교명,표준학교코드,급식일자,요일,식사종류,급식인원,메뉴명,알레르기번호
명덕고등학교,7010158,2024-03-04,월,조식,60.0,쌀밥,
명덕고등학교,7010158,2024-03-04,월,조식,60.0,김치국,"5,6,9"
명덕고등학교,7010158,2024-03-04,월,조식,60.0,오이무침,"5,6,13"
명덕고등학교,7010158,2024-03-04,월,조식,60.0,와규큐브찹스테이크,16
명덕고등학교,7010158,2024-03-04,월,조식,60.0,깍두기,9
명덕고등학교,7010158,2024-03-04,월,조식,60.0,시리얼(스페셜K외),"1,2,4,5,6,10,14,16,18"
명덕고등학교,7010158,2024-03-04,월,조식,60.0,사과,
명덕고등학교,7010158,2024-03-04,월,조식,60.0,우유&주스,"2,5,6,11,13"
명덕고등학교,7010158,2024-03-04,월,조식,60.0,감자샐러드(깍둑)-조식,"1,2,5"
명덕고등학교,7010158,2024-03-04,월,중식,759.0,잡곡밥,5
명덕고등학교,7010158,2024-03-04,월,중식,759.0,미역국,"2,5,6,15,16,18"
명덕고등학교,7010158,2024-03-04,월,중식,759.0,미나리무생채,13
명덕고등학교,7010158,2024-03-04,월,중식,759.0,배추김치,9
명덕고등학교,7010158,2024-03-04,월,중식,759.0,수육-교,"5,6,9,10"
명덕고등학교,7010158,2024-03-04,월,중식,759.0,한입녹두전,"2,5,6,9,10,12,16"
명덕고등학교,7010158,2024-03-04,월,석식,55.0,계란국,"1,5,6"
명덕고등학교,7010158,2024-03-04,월,석식,55.0,마파두부덮밥,"8,10,12,13,16,18,2,4,5,6"
명덕고등학교,7010158,2024-03-04,월,석식,55.0,소고기가지볶음,"5,6,13,16"
명덕고등학교,7010158,2024-03-04,월,석식,55.0,꿔바로우,"5,6,10,11,12,13"
명덕고등학교,7010158,2024-03-04,월,석식,55.0,배추김치,9
명덕고등학교,7010158,2024-03-04,월,석식,55.0,매실간장마늘쫑,
명덕고등학교,7010158,2024-03-05,화,조식,60.0,쌀밥,
명덕고등학교,7010158,2024-03-05,화,조식,60.0,콩나물국(밥),"1,5,9"
명덕고등학교,7010158,2024-03-05,화,조식,60.0,두부조림,"5,6,13,16"
명덕고등학교,7010158,2024-03-05,화,조식,60.0,깻잎지,"5,6"
명덕고등학교,7010158,2024-03-05,화,조식,60.0,맛김치,9
명덕고등학교,7010158,2024-03-05,화,조식,60.0,시리얼(스페셜K외),"1,2,4,5,6,10,14,16,18"
명덕고등학교,7010158,2024-03-05,화,조식,60.0,오렌지,
명덕고등학교,7010158,2024-03-05,화,조식,60.0,우유&주스,"2,5,6,11,13"
명덕고등학교,7010158,2024-03-05,화,조식,60.0,훈제오리*야채무침(참깨소스),"1,2,5,6,16"
명덕고등학교,7010158,2024-03-05,화,중식,1005.0,잡곡밥,5
명덕고등학교,7010158,2024-03-05,화,중식,1005.0,냉이된장찌개,"5,6"
명덕고등학교,7010158,2024-03-05,화,중식,1005.0,계란찜,1
명덕고등학교,7010158,2024-03-05,화,중식,1005.0,시금치나물,
명덕고등학교,7010158,2024-03-05,화,중식,1005.0,배추김치,9
명덕고등학교,7010158,2024-03-05,화,중식,1005.0,매콤고추장불고기,10
명덕고등학교,7010158,2024-03-05,화,석식,55.0,잡곡밥,5
명덕고등학교,7010158,2024-03-05,화,석식,55.0,크림스프(석식),"2,5,6,13,16"
명덕고등학교,7010158,2024-03-05,화,석식,55.0,치킨까스*소스,"1,5,6,12,13,15,18"
명덕고등학교,7010158,2024-03-05,화,석식,55.0,고구마그라탕,"1,2,5,10,12,13"
명덕고등학교,7010158,2024-03-05,화,석식,55.0,배추김치,9
명덕고등학교,7010158,2024-03-05,화,석식,55.0,일식샐러드*흑임자드레싱,"1,5,12"
명덕고등학교,7010158,2024-03-06,수,조식,60.0,쌀밥,
명덕고등학교,7010158,2024-03-06,수,조식,60.0,쇠고기무국,"1,5,6,16"
명덕고등학교,7010158,2024-03-06,수,조식,60.0,허니간장불고기,10
명덕고등학교,7010158,2024-03-06,수,조식,60.0,해쉬브라운*케찹,"5,6,12"
명덕고등학교,7010158,2024-03-06,수,조식,60.0,맛김치,9
명덕고등학교,7010158,2024-03-06,수,조식,60.0,시리얼(스페셜K외),"1,2,4,5,6,10,14,18,16"
명덕고등학교,7010158,2024-03-06,수,조식,60.0,방울토마토,12
명덕고등학교,7010158,2024-03-06,수,조식,60.0,우유&주스,"2,5,6,11,13"
명덕고등학교,7010158,2024-03-06,수,조식,60.0,콥샐러드,"1,2,5,10,12,13"
명덕고등학교,7010158,2024-03-06,수,중식,1005.0,나물비빔밥,"1,5,6,10,13,16"
명덕고등학교,7010158,2024-03-06,수,중식,1005.0,가락냉국수,"1,2,5,6,9,16"
명덕고등학교,7010158,2024-03-06,수,중식,1005.0,청포묵흑임자무침,"1,5,6,16"
명덕고등학교,7010158,2024-03-06,수,중식,1005.0,닭봉강정,"5,6,12,13,15"
명덕고등학교,7010158,2024-03-06,수,중식,1005.0,배추김치,9
명덕고등학교,7010158,2024-03-06,수,석식,38.0,잡곡밥,5
명덕고등학교,7010158,2024-03-06,수,석식,38.0,설렁탕,"1,5,6,13,16,18"
명덕고등학교,7010158,2024-03-06,수,석식,38.0,삼치조림,"5,6,13"
명덕고등학교,7010158,2024-03-06,수,석식,38.0,깍두기,9
명덕고등학교,7010158,2024-03-06,수,석식,38.0,사과,
명덕고등학교,7010158,2024-03-06,수,석식,38.0,떡갈비파채무침,"5,6,10,13,15,16,18"
명덕고등학교,7010158,2024-03-07,목,조식,60.0,쌀밥,
명덕고등학교,7010158,2024-03-07,목,조식,60.0,호박죽(조식),
명덕고등학교,7010158,2024-03-07,목,조식,60.0,북어국,"1,5,6"
명덕고등학교,7010158,2024-03-07,목,조식,60.0,멸치견과볶음(유자),"5,13,14"
명덕고등학교,7010158,2024-03-07,목,조식,60.0,버섯불고기,"5,6,13,16,18"
명덕고등학교,7010158,2024-03-07,목,조식,60.0,맛김치,9
명덕고등학교,7010158,2024-03-07,목,조식,60.0,시리얼(스페셜K외),"1,2,4,5,6,10,14,16,18"
명덕고등학교,7010158,2024-03-07,목,조식,60.0,신고배,
명덕고등학교,7010158,2024-03-07,목,조식,60.0,우유&주스,"2,5,6,11,13"
명덕고등학교,7010158,2024-03-07,목,조식,60.0,키위샐러드,"2,5,6,12"
명덕고등학교,7010158,2024-03-07,목,중식,1005.0,쌀밥,
명덕고등학교,7010158,2024-03-07,목,중식,1005.0,쑥갓어묵국,"5,6"
명덕고등학교,7010158,2024-03-07,목,중식,1005.0,카레소스,"1,5,6,10,12,16,18"
명덕고등학교,7010158,2024-03-07,목,중식,1005.0,깍두기,9
명덕고등학교,7010158,2024-03-07,목,중식,1005.0,매쉬드포테이토,"1,2,5,6,10,13"
명덕고등학교,7010158,2024-03-07,목,중식,1005.0,당근양배추라페샐러드,"1,5,6,13"
명덕고등학교,7010158,2024-03-07,목,석식,55.0,잡곡밥,5
명덕고등학교,7010158,2024-03-07,목,석식,55.0,순두부찌개,"1,2,4,5,6,8,9,10,16"
명덕고등학교,7010158,2024-03-07,목,석식,55.0,얼갈이겉절이,"5,6,13"
명덕고등학교,7010158,2024-03-07,목,석식,55.0,순대볶음,"2,5,6,10,13,16"
명덕고등학교,7010158,2024-03-07,목,석식,55.0,유자치킨탕수,"1,2,5,6,15,16,18"
명덕고등학교,7010158,2024-03-07,목,석식,55.0,깍두기,9
명덕고등학교,7010158,2024-03-08,금,조식,60.0,쌀밥,
명덕고등학교,7010158,2024-03-08,금,조식,60.0,육개장,"1,2,4,8,16"
명덕고등학교,7010158,2024-03-08,금,조식,60.0,갈치구이(국내산바질향 갈치토막),"5,6"
명덕고등학교,7010158,2024-03-08,금,조식,60.0,치킨너겟(조식),"1,2,5,6,12,13,15"
명덕고등학교,7010158,2024-03-08,금,조식,60.0,맛김치,9
명덕고등학교,7010158,2024-03-08,금,조식,60.0,시리얼(스페셜K외),"1,2,4,5,6,10,14,16,18"
명덕고등학교,7010158,2024-03-08,금,조식,60.0,파인애플,
명덕고등학교,7010158,2024-03-08,금,조식,60.0,우유&주스,"2,5,6,11,13"
명덕고등학교,7010158,2024-03-08,금,조식,60.0,그래놀라샐러드(조식),"2,5,6,12"
명덕고등학교,7010158,2024-03-08,금,중식,1005.0,잡곡밥,5
명덕고등학교,7010158,2024-03-08,금,중식,1005.0,맑은콩나물국,"5,6"
명덕고등학교,7010158,2024-03-08,금,중식,1005.0,춘천닭갈비,"2,5,6,8,13,15,16"
명덕고등학교,7010158,2024-03-08,금,중식,1005.0,배추김치,9
명덕고등학교,7010158,2024-03-08,금,중식,1005.0,그린샐러드,"2,5,12"
명덕고등학교,7010158,2024-03-08,금,중식,1005.0,허니버터연근강정,"1,2,5,6,16"
명덕고등학교,7010158,2024-03-08,금,석식,16.0,잡곡밥,5
명덕고등학교,7010158,2024-03-08,금,석식,16.0,고추장찌개,"1,5,6,10"
명덕고등학교,7010158,2024-03-08,금,석식,16.0,삼색나물(숙주),
명덕고등학교,7010158,2024-03-08,금,석식,16.0,제육볶음,"5,6,10,13"
명덕고등학교,7010158,2024-03-08,금,석식,16.0,스팸감자구이,"1,2,5,6,10,13,15,16"
명덕고등학교,7010158,2024-03-08,금,석식,16.0,배추김치,9
명덕고등학교,7010158,2024-03-09,토,조식,18.0,쌀밥,
명덕고등학교,7010158,2024-03-09,토,조식,18.0,배추된장국,"5,6"
명덕고등학교,7010158,2024-03-09,토,조식,18.0,하이라이스소스,"1,2,5,6,12,16"
명덕고등학교,7010158,2024-03-09,토,조식,18.0,미나리무생채,13
명덕고등학교,7010158,2024-03-09,토,조식,18.0,청포묵김가루무침,
명덕고등학교,7010158,2024-03-09,토,조식,18.0,멘츠까스,"1,5,6,10"
명덕고등학교,7010158,2024-03-09,토,조식,18.0,맛김치,9
명덕고등학교,7010158,2024-03-09,토,조식,18.0,시리얼(스페셜K외),"1,2,4,5,6,10,14,16,18"
명덕고등학교,7010158,2024-03-09,토,조식,18.0,바나나,
명덕고등학교,7010158,2024-03-09,토,조식,18.0,우유&주스,"2,5,6,11,13"
명덕고등학교,7010158,2024-03-11,월,조식,60.0,쌀밥,
명덕고등학교,7010158,2024-03-11,월,조식,60.0,빵(조식),"1,2,5,6,9,10,12,13,14,15,16,18"
명덕고등학교,7010158,2024-03-11,월,조식,60.0,얼갈이된장국,"5,6"
명덕고등학교,7010158,2024-03-11,월,조식,60.0,두부조림,"5,6,13,16"
명덕고등학교,7010158,2024-03-11,월,조식,60.0,인삼양념닭구이,"5,6,13,15"
명덕고등학교,7010158,2024-03-11,월,조식,60.0,깻잎지,"5,6"
명덕고등학교,7010158,2024-03-11,월,조식,60.0,맛김치,9
명덕고등학교,7010158,2024-03-11,월,조식,60.0,시리얼(스페셜K외),"1,2,4,5,6,10,14,16,18"
명덕고등학교,7010158,2024-03-11,월,조식,60.0,사과,
명덕고등학교,7010158,2024-03-11,월,조식,60.0,우유&주스,"2,5,6,11,13"
명덕고등학교,7010158,2024-03-11,월,중식,3290.0,잡곡밥,5
명덕고등학교,7010158,2024-03-11,월,중식,3290.0,돈육김치찌개,"5,9,10"
명덕고등학교,7010158,2024-03-11,월,중식,3290.0,도토리묵야채무침,"5,6"
명덕고등학교,7010158,2024-03-11,월,중식,3290.0,버섯불고기,"5,6,13,16,18"
명덕고등학교,7010158,2024-03-11,월,중식,3290.0,메밀전병,"2,3,5,6,10,16,18"
명덕고등학교,7010158,2024-03-11,월,중식,3290.0,깍두기,9
명덕고등학교,7010158,2024-03-11,월,석식,167.0,일식장국,"5,6"
명덕고등학교,7010158,2024-03-11,월,석식,167.0,쫄면야채무침,"1,5,6,13"
명덕고등학교,7010158,2024-03-11,월,석식,167.0,돈까스*소스,"1,2,5,6,10,12,13,16,18"
명덕고등학교,7010158,2024-03-11,월,석식,167.0,깍두기,9
명덕고등학교,7010158,2024-03-11,월,석식,167.0,마카로니샐러드,"1,5,6,8,13,18"
명덕고등학교,7010158,2024-03-12,화,조식,60.0,쌀밥,
명덕고등학교,7010158,2024-03-12,화,조식,60.0,콩나물밥*양념장,"5,6,13,16"
명덕고등학교,7010158,2024-03-12,화,조식,60.0,쇠고기미역국,"5,6,16"
명덕고등학교,7010158,2024-03-12,화,조식,60.0,계란찜,1
명덕고등학교,7010158,2024-03-12,화,조식,60.0,맛김치,9
명덕고등학교,7010158,2024-03-12,화,조식,60.0,시리얼(스페셜K외),"1,2,4,5,6,10,14,16,18"
명덕고등학교,7010158,2024-03-12,화,조식,60.0,바나나,
명덕고등학교,7010158,2024-03-12,화,조식,60.0,우유&주스,"2,5,6,11,13"
명덕고등학교,7010158,2024-03-12,화,조식,60.0,단호박견과샐러드,"1,2,5,6,16"
명덕고등학교,7010158,2024-03-12,화,조식,60.0,고기완자전(조식),"1,5,6,10,16"
명덕고등학교,7010158,2024-03-12,화,중식,995.0,잡곡밥,5
명덕고등학교,7010158,2024-03-12,화,중식,995.0,부대찌개,"1,2,5,6,9,10,12,15,16"
명덕고등학교,7010158,2024-03-12,화,중식,995.0,매콤어묵잡채,"5,6,13"
명덕고등학교,7010158,2024-03-12,화,중식,995.0,도시락김(풀무원),
명덕고등학교,7010158,2024-03-12,화,중식,995.0,배추김치,9
명덕고등학교,7010158,2024-03-12,화,중식,995.0,레몬크림새우,"1,5,6,9,13"
명덕고등학교,7010158,2024-03-12,화,석식,847.0,잡곡밥,5
명덕고등학교,7010158,2024-03-12,화,석식,847.0,짬뽕수제비,"1,2,4,5,6,8,9,10,13,16,17,18"
명덕고등학교,7010158,2024-03-12,화,석식,847.0,오이지무침,13
명덕고등학교,7010158,2024-03-12,화,석식,847.0,감자치즈푸틴,"2,5,6,12,13,16"
명덕고등학교,7010158,2024-03-12,화,석식,847.0,배추김치,9
명덕고등학교,7010158,2024-03-12,화,석식,847.0,닭다리오븐구이,"1,5,6,13,15"
명덕고등학교,7010158,2024-03-13,수,조식,60.0,쌀밥,
명덕고등학교,7010158,2024-03-13,수,조식,60.0,나주곰탕,"1,5,6,16"
명덕고등학교,7010158,2024-03-13,수,조식,60.0,가자미구이,"1,2,5,6,12,16,18"
명덕고등학교,7010158,2024-03-13,수,조식,60.0,찰떡궁합떡갈비(조식),"2,5,6,10,13,16"
명덕고등학교,7010158,2024-03-13,수,조식,60.0,맛김치,9
명덕고등학교,7010158,2024-03-13,수,조식,60.0,시리얼(스페셜K외),"1,2,4,5,6,10,14,16,18"
명덕고등학교,7010158,2024-03-13,수,조식,60.0,신고배,
명덕고등학교,7010158,2024-03-13,수,조식,60.0,우유&주스,"2,5,6,11,13"
명덕고등학교,7010158,2024-03-13,수,조식,60.0,그래놀라샐러드(조식),"2,5,6,12"
명덕고등학교,7010158,2024-03-13,수,중식,3300.0,콘버터구이,"1,2,5,6,8,12,13,15"
명덕고등학교,7010158,2024-03-13,수,중식,3300.0,소세지또띠아,"2,5,6,10,12,13,15,16"
명덕고등학교,7010158,2024-03-13,수,중식,3300.0,오이피클,9
명덕고등학교,7010158,2024-03-13,수,중식,3300.0,비피더스요구르트,2
명덕고등학교,7010158,2024-03-13,수,중식,3300.0,볼로네제파스타,"1,2,5,6,10,12,13,15,16,18"
명덕고등학교,7010158,2024-03-13,수,석식,141.0,잡곡밥,5
명덕고등학교,7010158,2024-03-13,수,석식,141.0,된장찌개,"5,6,18"
명덕고등학교,7010158,2024-03-13,수,석식,141.0,미나리무생채,13
명덕고등학교,7010158,2024-03-13,수,석식,141.0,깐풍만두구이,"1,5,6,10,12,13,16,18"
명덕고등학교,7010158,2024-03-13,수,석식,141.0,언양식바싹불고기(수제),"5,6,13,16"
명덕고등학교,7010158,2024-03-13,수,석식,141.0,배추김치,9
명덕고등학교,7010158,2024-03-14,목,조식,60.0,쌀밥,
명덕고등학교,7010158,2024-03-14,목,조식,60.0,물만두국,"1,5,6,10,15,16,18"
명덕고등학교,7010158,2024-03-14,목,조식,60.0,메추리알장조림,"1,5,6,13"
명덕고등학교,7010158,2024-03-14,목,조식,60.0,숯불고기*숙주,10
명덕고등학교,7010158,2024-03-14,목,조식,60.0,맛김치,9
명덕고등학교,7010158,2024-03-14,목,조식,60.0,시리얼(스페셜K외),"1,2,4,5,6,10,14,16,18"
명덕고등학교,7010158,2024-03-14,목,조식,60.0,파인애플,
명덕고등학교,7010158,2024-03-14,목,조식,60.0,우유&주스,"2,5,6,11,13"
명덕고등학교,7010158,2024-03-14,목,조식,60.0,토마토카프리제,"2,12,13"
명덕고등학교,7010158,2024-03-14,목,중식,991.0,잡곡밥,5
명덕고등학교,7010158,2024-03-14,목,중식,991.0,육개장,"1,2,16,4,8"
명덕고등학교,7010158,2024-03-14,목,중식,991.0,봄동겉절이,"5,6,13"
명덕고등학교,7010158,2024-03-14,목,중식,991.0,고구마치즈롤까스,"1,5,6,10,12,17,18"
명덕고등학교,7010158,2024-03-14,목,중식,991.0,깍두기,9
명덕고등학교,7010158,2024-03-14,목,중식,991.0,캔디,
명덕고등학교,7010158,2024-03-14,목,중식,991.0,맛살콘샐러드(꽃맛살샐러드),"1,5,6,8,9,12,13,16,18"
명덕고등학교,7010158,2024-03-14,목,석식,433.0,참치야채비빔밥*초고추장,"5,6,13"
명덕고등학교,7010158,2024-03-14,목,석식,433.0,맑은콩나물국,"5,6"
명덕고등학교,7010158,2024-03-14,목,석식,433.0,연근조림,"5,6,13"
명덕고등학교,7010158,2024-03-14,목,석식,433.0,청양풍등갈비,"5,6,10,13"
명덕고등학교,7010158,2024-03-14,목,석식,433.0,웨지감자구이,"2,5,12"
명덕고등학교,7010158,2024-03-14,목,석식,433.0,배추김치,9
명덕고등학교,7010158,2024-03-14,목,석식,433.0,바나나,
명덕고등학교,7010158,2024-03-15,금,조식,60.0,쌀밥,
명덕고등학교,7010158,2024-03-15,금,조식,60.0,현미누룽지,
명덕고등학교,7010158,2024-03-15,금,조식,60.0,건새우무국,"5,6,9"
명덕고등학교,7010158,2024-03-15,금,조식,60.0,도토리묵*양념장,"5,6,13"
명덕고등학교,7010158,2024-03-15,금,조식,60.0,버섯불고기,"5,6,13,16,18"
명덕고등학교,7010158,2024-03-15,금,조식,60.0,진미채볶음,"1,5,6,13,17"
명덕고등학교,7010158,2024-03-15,금,조식,60.0,구운계란,1
명덕고등학교,7010158,2024-03-15,금,조식,60.0,맛김치,9
명덕고등학교,7010158,2024-03-15,금,조식,60.0,시리얼(스페셜K외),"1,2,4,5,6,10,14,16,18"
명덕고등학교,7010158,2024-03-15,금,조식,60.0,오렌지,
명덕고등학교,7010158,2024-03-15,금,조식,60.0,우유&주스,"2,5,6,11,13"
명덕고등학교,7010158,2024-03-15,금,중식,3296.0,잡곡밥,5
명덕고등학교,7010158,2024-03-15,금,중식,3296.0,아욱된장국,"5,6"
명덕고등학교,7010158,2024-03-15,금,중식,3296.0,멸치견과류볶음,"5,13,14"
명덕고등학교,7010158,2024-03-15,금,중식,3296.0,치즈불닭,"1,2,5,6,12,13,15,16"
명덕고등학교,7010158,2024-03-15,금,중식,3296.0,배추김치,9
명덕고등학교,7010158,2024-03-15,금,중식,3296.0,타코야끼,"1,5,6,13"
명덕고등학교,7010158,2024-03-15,금,석식,374.0,잡곡밥,5
명덕고등학교,7010158,2024-03-15,금,석식,374.0,닭곰탕,"1,5,6,15"
명덕고등학교,7010158,2024-03-15,금,석식,374.0,고등어조림,"5,6,7,13"
명덕고등학교,7010158,2024-03-15,금,석식,374.0,카레자반,5
명덕고등학교,7010158,2024-03-15,금,석식,374.0,김치햄감자전,"1,2,5,6,9,10,13,15,16"
명덕고등학교,7010158,2024-03-15,금,석식,374.0,깍두기,9
명덕고등학교,7010158,2024-03-16,토,조식,18.0,쌀밥,
명덕고등학교,7010158,2024-03-16,토,조식,18.0,계란국,"1,5,6"
명덕고등학교,7010158,2024-03-16,토,조식,18.0,구운어묵볶음,"1,5,6,9,13,16,17,18"
명덕고등학교,7010158,2024-03-16,토,조식,18.0,맛김치,9
명덕고등학교,7010158,2024-03-16,토,조식,18.0,시리얼(스페셜K외),"1,2,4,5,6,10,14,16,18"
명덕고등학교,7010158,2024-03-16,토,조식,18.0,사과,
명덕고등학교,7010158,2024-03-16,토,조식,18.0,우유&주스,"2,5,6,11,13"
명덕고등학교,7010158,2024-03-16,토,조식,18.0,훈제오리*야채무침(참깨소스),"1,2,5,6,16"
명덕고등학교,7010158,2024-03-16,토,조식,18.0,간장무채장아찌,"5,6,8,9,18"
명덕고등학교,7010158,2024-03-18,월,조식,60.0,쌀밥,
명덕고등학교,7010158,2024-03-18,월,조식,60.0,빵(조식),"1,2,5,6,9,10,12,13,14,15,16,18"
명덕고등학교,7010158,2024-03-18,월,조식,60.0,쇠고기무국,"1,5,6,16"
명덕고등학교,7010158,2024-03-18,월,조식,60.0,동그랑땡전(조식),"1,5,6,10,12,13,15,16,18"
명덕고등학교,7010158,2024-03-18,월,조식,60.0,매실된장고등어살구이,7
명덕고등학교,7010158,2024-03-18,월,조식,60.0,맛김치,9
명덕고등학교,7010158,2024-03-18,월,조식,60.0,시리얼(스페셜K외),"1,2,4,5,6,10,14,16,18"
명덕고등학교,7010158,2024-03-18,월,조식,60.0,오렌지,
명덕고등학교,7010158,2024-03-18,월,조식,60.0,우유&주스,"2,5,6,11,13"
명덕고등학교,7010158,2024-03-18,월,조식,60.0,그래놀라샐러드(조식),"2,5,6,12"
명덕고등학교,7010158,2024-03-18,월,중식,986.0,잡곡밥,5
명덕고등학교,7010158,2024-03-18,월,중식,986.0,또띠아*갈릭딥핑소스,"1,2,5,6,13"
명덕고등학교,7010158,2024-03-18,월,중식,986.0,참치탕,"5,6"
명덕고등학교,7010158,2024-03-18,월,중식,986.0,오이무침,"5,6,13"
명덕고등학교,7010158,2024-03-18,월,중식,986.0,닭불고기,"5,6,12,13,15"
명덕고등학교,7010158,2024-03-18,월,중식,986.0,배추김치,9
명덕고등학교,7010158,2024-03-18,월,중식,986.0,포테이토큐브*케찹,"1,5,6,12"
명덕고등학교,7010158,2024-03-18,월,석식,447.0,후리가케밥,"1,5,6"
명덕고등학교,7010158,2024-03-18,월,석식,447.0,카레우동,"2,5,6,10,12,13,15,16,18"
명덕고등학교,7010158,2024-03-18,월,석식,447.0,멘츠까스,"1,2,5,6,10,12,13,15,16,18"
명덕고등학교,7010158,2024-03-18,월,석식,447.0,깍두기,9
명덕고등학교,7010158,2024-03-18,월,석식,447.0,코코넛칩망고샐러드,"1,2,5,6,12"
명덕고등학교,7010158,2024-03-19,화,조식,60.0,쌀밥,
명덕고등학교,7010158,2024-03-19,화,조식,60.0,배추된장국,"5,6"
명덕고등학교,7010158,2024-03-19,화,조식,60.0,스팸감자구이,"2,5,6,10,16"
명덕고등학교,7010158,2024-03-19,화,조식,60.0,직접구워먹는사이미트,"1,5,13,15,16"
명덕고등학교,7010158,2024-03-19,화,조식,60.0,맛김치,9
명덕고등학교,7010158,2024-03-19,화,조식,60.0,시리얼(스페셜K외),"1,2,4,5,6,10,14,16,18"
명덕고등학교,7010158,2024-03-19,화,조식,60.0,사과,
명덕고등학교,7010158,2024-03-19,화,조식,60.0,우유&주스,"2,5,6,11,13"
명덕고등학교,7010158,2024-03-19,화,조식,60.0,토마토샐러드-조식,"2,6,12,14"
명덕고등학교,7010158,2024-03-19,화,중식,982.0,쌀밥,
명덕고등학교,7010158,2024-03-19,화,중식,982.0,매운콩나물국,"5,6"
명덕고등학교,7010158,2024-03-19,화,중식,982.0,샤오롱바오,"1,5,6,10,16,18"
명덕고등학교,7010158,2024-03-19,화,중식,982.0,삼색냉채,"1,6,8,13"
명덕고등학교,7010158,2024-03-19,화,중식,982.0,탕수육,"1,2,5,6,10,11,12,13,16"
명덕고등학교,7010158,2024-03-19,화,중식,982.0,배추김치,9
명덕고등학교,7010158,2024-03-19,화,중식,982.0,짜장소스,"2,5,6,9,10,13,15,16,17,18"
명덕고등학교,7010158,2024-03-19,화,석식,425.0,잡곡밥,5
명덕고등학교,7010158,2024-03-19,화,석식,425.0,돈코츠라멘,"1,2,5,6,10,13,15,16"
명덕고등학교,7010158,2024-03-19,화,석식,425.0,생선까스*새우칩,"1,2,5,6,9,12,13,16"
명덕고등학교,7010158,2024-03-19,화,석식,425.0,배추김치,9
명덕고등학교,7010158,2024-03-19,화,석식,425.0,신고배,
명덕고등학교,7010158,2024-03-19,화,석식,425.0,그린샐러드,"1,2,5,6,12"
명덕고등학교,7010158,2024-03-20,수,조식,60.0,쌀밥,
명덕고등학교,7010158,2024-03-20,수,조식,60.0,전복죽(조식),"1,5,6,18"
명덕고등학교,7010158,2024-03-20,수,조식,60.0,김치국,"5,6,9"
명덕고등학교,7010158,2024-03-20,수,조식,60.0,퀴노아호두조림,"5,13,14"
명덕고등학교,7010158,2024-03-20,수,조식,60.0,두부구이*양념장,"1,5,6,13"
명덕고등학교,7010158,2024-03-20,수,조식,60.0,깍두기,9
명덕고등학교,7010158,2024-03-20,수,조식,60.0,시리얼(스페셜K외),"1,2,4,5,6,10,14,16,18"
명덕고등학교,7010158,2024-03-20,수,조식,60.0,파인애플,
명덕고등학교,7010158,2024-03-20,수,조식,60.0,우유&주스,"2,5,6,11,13"
명덕고등학교,7010158,2024-03-20,수,조식,60.0,돼지고기장조림(조식),"1,5,6,10,13,16"
명덕고등학교,7010158,2024-03-20,수,중식,982.0,잡곡밥,5
명덕고등학교,7010158,2024-03-20,수,중식,982.0,물쫄면,"1,5,6"
명덕고등학교,7010158,2024-03-20,수,중식,982.0,묵은지닭볶음탕,"5,6,9,13,15"
명덕고등학교,7010158,2024-03-20,수,중식,982.0,타코야끼,"1,5,6,10,13"
명덕고등학교,7010158,2024-03-20,수,중식,982.0,깍두기,9
명덕고등학교,7010158,2024-03-20,수,중식,982.0,만다린샐러드,"1,2,5,6,12"
명덕고등학교,7010158,2024-03-20,수,석식,149.0,밥버거,"1,2,5,6,9,10,12,13,16"
명덕고등학교,7010158,2024-03-20,수,석식,149.0,어묵우동국,"1,2,5,6,7,9,13,16,18"
명덕고등학교,7010158,2024-03-20,수,석식,149.0,단무지,
명덕고등학교,7010158,2024-03-20,수,석식,149.0,떡볶이(석식),"1,5,6,12,13,16"
명덕고등학교,7010158,2024-03-20,수,석식,149.0,쥬시쿨,
명덕고등학교,7010158,2024-03-20,수,석식,149.0,김떡만,"1,2,5,6,10,12,13,16,18"
명덕고등학교,7010158,2024-03-21,목,조식,60.0,쌀밥,
명덕고등학교,7010158,2024-03-21,목,조식,60.0,떡국,"1,5,6,16"
명덕고등학교,7010158,2024-03-21,목,조식,60.0,열탄불고기,"1,5,6,10,13"
명덕고등학교,7010158,2024-03-21,목,조식,60.0,해쉬브라운*케찹,"5,6,12"
명덕고등학교,7010158,2024-03-21,목,조식,60.0,맛김치,9
명덕고등학교,7010158,2024-03-21,목,조식,60.0,시리얼(스페셜K외),"1,2,4,5,6,10,14,16,18"
명덕고등학교,7010158,2024-03-21,목,조식,60.0,방울토마토,12
명덕고등학교,7010158,2024-03-21,목,조식,60.0,우유&주스,"2,5,6,11,13"
명덕고등학교,7010158,2024-03-21,목,조식,60.0,그린샐러드(조식),"1,2,5,6,12,14"
명덕고등학교,7010158,2024-03-21,목,중식,982.0,곤드레나물밥*양념장,"5,6,13"
명덕고등학교,7010158,2024-03-21,목,중식,982.0,미역장국,"5,6"
명덕고등학교,7010158,2024-03-21,목,중식,982.0,낙지볶음*소면사리,"2,5,6,10,12,13,16,18"
명덕고등학교,7010158,2024-03-21,목,중식,982.0,고구마베이컨오븐구이,"1,5,10"
명덕고등학교,7010158,2024-03-21,목,중식,982.0,배추김치,9
명덕고등학교,7010158,2024-03-21,목,중식,982.0,무조미김,
명덕고등학교,7010158,2024-03-21,목,석식,433.0,잡곡밥,5
명덕고등학교,7010158,2024-03-21,목,석식,433.0,계란국,"1,5,6"
명덕고등학교,7010158,2024-03-21,목,석식,433.0,마늘쫑고추장무침,"6,13,5"
명덕고등학교,7010158,2024-03-21,목,석식,433.0,고추잡채,"2,4,5,6,8,10,13,16,18"
명덕고등학교,7010158,2024-03-21,목,석식,433.0,배추김치,9
명덕고등학교,7010158,2024-03-21,목,석식,433.0,지삼선,"5,6,12,13,18"
명덕고등학교,7010158,2024-03-22,금,조식,60.0,쌀밥,
명덕고등학교,7010158,2024-03-22,금,조식,60.0,빵(조식),"1,2,5,6,9,10,12,13,14,15,16,18"
명덕고등학교,7010158,2024-03-22,금,조식,60.0,쑥갓어묵국,"5,6"
명덕고등학교,7010158,2024-03-22,금,조식,60.0,닭살카레볶음,"1,2,5,6,12,15,16,18"
명덕고등학교,7010158,2024-03-22,금,조식,60.0,맛김치,9
명덕고등학교,7010158,2024-03-22,금,조식,60.0,시리얼(스페셜K외),"1,2,4,5,6,10,14,16,18"
명덕고등학교,7010158,2024-03-22,금,조식,60.0,신고배,
명덕고등학교,7010158,2024-03-22,금,조식,60.0,우유&주스,"2,5,6,11,13"
명덕고등학교,7010158,2024-03-22,금,조식,60.0,단호박카프리제,"2,13,14"
명덕고등학교,7010158,2024-03-22,금,조식,60.0,새우완자,"1,5,6,8,9,12,16,18"
명덕고등학교,7010158,2024-03-22,금,중식,982.0,잡곡밥,5
명덕고등학교,7010158,2024-03-22,금,중식,982.0,김치국,"5,6,9"
명덕고등학교,7010158,2024-03-22,금,중식,982.0,매콤물갈비,"5,6,10"
명덕고등학교,7010158,2024-03-22,금,중식,982.0,시금치나물,
명덕고등학교,7010158,2024-03-22,금,중식,982.0,배추김치,9
명덕고등학교,7010158,2024-03-22,금,중식,982.0,허니버터옥수수,"1,2,5,13"
명덕고등학교,7010158,2024-03-22,금,중식,982.0,오렌지,
명덕고등학교,7010158,2024-03-22,금,석식,374.0,잡곡밥,5
명덕고등학교,7010158,2024-03-22,금,석식,374.0,근대된장국,"5,6"
명덕고등학교,7010158,2024-03-22,금,석식,374.0,청양풍찜닭,"5,6,13,15"
명덕고등학교,7010158,2024-03-22,금,석식,374.0,멸치고추장조림(가이리),"5,6,13,14"
명덕고등학교,7010158,2024-03-22,금,석식,374.0,달걀만두,"1,5,12"
명덕고등학교,7010158,2024-03-22,금,석식,374.0,배추김치,9
명덕고등학교,7010158,2024-03-23,토,조식,13.0,쌀밥,
명덕고등학교,7010158,2024-03-23,토,조식,13.0,쇠고기미역국,"5,6,16"
명덕고등학교,7010158,2024-03-23,토,조식,13.0,오이무침,"5,6,13"
명덕고등학교,7010158,2024-03-23,토,조식,13.0,스크램블에그(조식),"1,2,12"
명덕고등학교,7010158,2024-03-23,토,조식,13.0,순살삼치구이(조식),
명덕고등학교,7010158,2024-03-23,토,조식,13.0,맛김치,9
명덕고등학교,7010158,2024-03-23,토,조식,13.0,시리얼(스페셜K외),"1,2,4,5,6,10,14,16,18"
명덕고등학교,7010158,2024-03-23,토,조식,13.0,사과,
명덕고등학교,7010158,2024-03-23,토,조식,13.0,우유&주스,"2,5,6,11,13"
명덕고등학교,7010158,2024-03-25,월,조식,60.0,쌀밥,
명덕고등학교,7010158,2024-03-25,월,조식,60.0,갈빗살양념구이,"5,6,13,16,18"
명덕고등학교,7010158,2024-03-25,월,조식,60.0,계란국,"1,5,6"
명덕고등학교,7010158,2024-03-25,월,조식,60.0,두부조림,"5,6,13,16"
명덕고등학교,7010158,2024-03-25,월,조식,60.0,맛김치,9
명덕고등학교,7010158,2024-03-25,월,조식,60.0,시리얼(스페셜K외),"1,2,4,5,6,10,14,16,18"
명덕고등학교,7010158,2024-03-25,월,조식,60.0,사과,
명덕고등학교,7010158,2024-03-25,월,조식,60.0,우유&주스,"2,5,6,11,13"
명덕고등학교,7010158,2024-03-25,월,조식,60.0,그래놀라샐러드(조식),"2,5,6,12"
명덕고등학교,7010158,2024-03-25,월,중식,986.0,콩나물국(밥),"1,5,9,17"
명덕고등학교,7010158,2024-03-25,월,중식,986.0,단호박새우그라탕,"2,5,6,9,12,13,15,16,18"
명덕고등학교,7010158,2024-03-25,월,중식,986.0,제육볶음,"5,6,10,13,18"
명덕고등학교,7010158,2024-03-25,월,중식,986.0,배추김치,9
명덕고등학교,7010158,2024-03-25,월,중식,986.0,시저샐러드,"1,2,5,6,10,12"
명덕고등학교,7010158,2024-03-25,월,석식,447.0,잡곡밥,5
명덕고등학교,7010158,2024-03-25,월,석식,447.0,누룽지장각백숙,15
명덕고등학교,7010158,2024-03-25,월,석식,447.0,갈치조림,"5,6,13"
명덕고등학교,7010158,2024-03-25,월,석식,447.0,소시지그릴구이,"1,2,5,6,10,12,13,15,16"
명덕고등학교,7010158,2024-03-25,월,석식,447.0,양념깻잎지,9
명덕고등학교,7010158,2024-03-25,월,석식,447.0,배추김치,9
명덕고등학교,7010158,2024-03-26,화,조식,60.0,쌀밥,
명덕고등학교,7010158,2024-03-26,화,조식,60.0,야채죽,"1,5,6"
명덕고등학교,7010158,2024-03-26,화,조식,60.0,된장찌개,"5,6"
명덕고등학교,7010158,2024-03-26,화,조식,60.0,명태초무침,"5,6"
명덕고등학교,7010158,2024-03-26,화,조식,60.0,닭고기마늘구이,"5,6,13,15"
명덕고등학교,7010158,2024-03-26,화,조식,60.0,맛김치,9
명덕고등학교,7010158,2024-03-26,화,조식,60.0,시리얼(스페셜K외),"1,2,4,5,6,10,14,16,18"
명덕고등학교,7010158,2024-03-26,화,조식,60.0,신고배,
명덕고등학교,7010158,2024-03-26,화,조식,60.0,우유&주스,"2,5,6,11,13"
명덕고등학교,7010158,2024-03-26,화,조식,60.0,사과호두샐러드,"2,14"
명덕고등학교,7010158,2024-03-26,화,중식,3299.0,잡곡밥,5
명덕고등학교,7010158,2024-03-26,화,중식,3299.0,쌀국수,"2,5,6,12,15,16"
명덕고등학교,7010158,2024-03-26,화,중식,3299.0,돈육메추리알장조림,"1,5,6,10,13,16"
명덕고등학교,7010158,2024-03-26,화,중식,3299.0,깍두기,9
명덕고등학교,7010158,2024-03-26,화,중식,3299.0,얌운센샐러드,"2,5,9,12"
명덕고등학교,7010158,2024-03-26,화,중식,3299.0,춘권튀김,"1,5,6,10,12,13,16,18"
명덕고등학교,7010158,2024-03-26,화,석식,425.0,미니우동,"1,2,5,6,7,9,13,16,18"
명덕고등학교,7010158,2024-03-26,화,석식,425.0,새우까스*잠발라소스,"1,2,5,6,9,12,13,17"
명덕고등학교,7010158,2024-03-26,화,석식,425.0,깍두기,9
명덕고등학교,7010158,2024-03-26,화,석식,425.0,오렌지,
명덕고등학교,7010158,2024-03-26,화,석식,425.0,일식샐러드*흑임자드레싱,"1,5,12"
명덕고등학교,7010158,2024-03-26,화,석식,425.0,불고기필라프,"2,5,6,13,16"
명덕고등학교,7010158,2024-03-26,화,석식,425.0,콘소스,"1,2,5,6,13"
명덕고등학교,7010158,2024-03-27,수,조식,60.0,쌀밥,
명덕고등학교,7010158,2024-03-27,수,조식,60.0,빵(조식),"1,2,5,6,9,10,12,13,14,15,16,18"
명덕고등학교,7010158,2024-03-27,수,조식,60.0,감자옹심이국,"5,6,17"
명덕고등학교,7010158,2024-03-27,수,조식,60.0,구운어묵볶음,"1,5,6,9,13,16,17,18"
명덕고등학교,7010158,2024-03-27,수,조식,60.0,참치김치볶음*두부,"5,9"
명덕고등학교,7010158,2024-03-27,수,조식,60.0,깍두기,9
명덕고등학교,7010158,2024-03-27,수,조식,60.0,시리얼(스페셜K외),"1,2,4,5,6,10,14,16,18"
명덕고등학교,7010158,2024-03-27,수,조식,60.0,울외장아찌,
명덕고등학교,7010158,2024-03-27,수,조식,60.0,파인애플,
명덕고등학교,7010158,2024-03-27,수,조식,60.0,우유&주스,"2,5,6,11,13"
명덕고등학교,7010158,2024-03-27,수,중식,3299.0,일식장국,"5,6"
명덕고등학교,7010158,2024-03-27,수,중식,3299.0,오이지무침,13
명덕고등학교,7010158,2024-03-27,수,중식,3299.0,자메이카저크치킨,"1,2,5,6,10,15,16"
명덕고등학교,7010158,2024-03-27,수,중식,3299.0,배추김치,9
명덕고등학교,7010158,2024-03-27,수,중식,3299.0,감자샐러드(네모),"1,5,13"
명덕고등학교,7010158,2024-03-27,수,중식,3299.0,연탄불고기비빔밥,"5,6,10,13,16"
명덕고등학교,7010158,2024-03-27,수,석식,149.0,잡곡밥,5
명덕고등학교,7010158,2024-03-27,수,석식,149.0,미역국,"5,6"
명덕고등학교,7010158,2024-03-27,수,석식,149.0,계란찜,1
명덕고등학교,7010158,2024-03-27,수,석식,149.0,콩나물파채무침,"5,6,13"
명덕고등학교,7010158,2024-03-27,수,석식,149.0,삼겹살허브구이,"5,10"
명덕고등학교,7010158,2024-03-27,수,석식,149.0,배추김치,9
명덕고등학교,7010158,2024-03-27,수,석식,149.0,상추쌈,
명덕고등학교,7010158,2024-03-28,목,조식,60.0,쌀밥,
명덕고등학교,7010158,2024-03-28,목,조식,60.0,순두부국,"1,5,6,9,13,16,18"
명덕고등학교,7010158,2024-03-28,목,조식,60.0,미나리무생채,13
명덕고등학교,7010158,2024-03-28,목,조식,60.0,미니돈까스,"5,6,10,12,16,17,18"
명덕고등학교,7010158,2024-03-28,목,조식,60.0,굴비구이,
명덕고등학교,7010158,2024-03-28,목,조식,60.0,구운계란,1
명덕고등학교,7010158,2024-03-28,목,조식,60.0,맛김치,9
명덕고등학교,7010158,2024-03-28,목,조식,60.0,시리얼(스페셜K외),"1,2,4,5,6,10,14,16,18"
명덕고등학교,7010158,2024-03-28,목,조식,60.0,오렌지,
명덕고등학교,7010158,2024-03-28,목,조식,60.0,우유&주스,"2,5,6,11,13"
명덕고등학교,7010158,2024-03-28,목,중식,3299.0,잡곡밥,5
명덕고등학교,7010158,2024-03-28,목,중식,3299.0,등뼈감자탕,"5,6,10"
명덕고등학교,7010158,2024-03-28,목,중식,3299.0,배추나물,
명덕고등학교,7010158,2024-03-28,목,중식,3299.0,청포묵김가루무침,
명덕고등학교,7010158,2024-03-28,목,중식,3299.0,깍두기,9
명덕고등학교,7010158,2024-03-28,목,중식,3299.0,너비아니*파채무침,"1,2,5,6,10,12,13,15,16"
명덕고등학교,7010158,2024-03-28,목,석식,56.0,잡곡밥,5
명덕고등학교,7010158,2024-03-28,목,석식,56.0,시금치된장국,"5,6"
명덕고등학교,7010158,2024-03-28,목,석식,56.0,돈갈비찜,"5,6,10,13"
명덕고등학교,7010158,2024-03-28,목,석식,56.0,오꼬노미야끼,"1,5,6,9,10,13,17"
명덕고등학교,7010158,2024-03-28,목,석식,56.0,배추김치,9
명덕고등학교,7010158,2024-03-28,목,석식,56.0,토마토카프리제,"2,12,13"
명덕고등학교,7010158,2024-03-29,금,조식,60.0,쌀밥,
명덕고등학교,7010158,2024-03-29,금,조식,60.0,돈육김치찌개,"5,9,10"
명덕고등학교,7010158,2024-03-29,금,조식,60.0,계란장조림,"1,5,6,13"
명덕고등학교,7010158,2024-03-29,금,조식,60.0,훈제오리감자볶음(조식),"2,5,6,10,13,16"
명덕고등학교,7010158,2024-03-29,금,조식,60.0,깍두기,9
명덕고등학교,7010158,2024-03-29,금,조식,60.0,시리얼(스페셜K외),"1,2,4,5,6,10,14,16,18"
명덕고등학교,7010158,2024-03-29,금,조식,60.0,핫도그(조식),"1,2,5,6,9,10,12,15,16,18"
명덕고등학교,7010158,2024-03-29,금,조식,60.0,방울토마토,12
명덕고등학교,7010158,2024-03-29,금,조식,60.0,우유&주스,"2,5,6,11,13"
명덕고등학교,7010158,2024-03-29,금,조식,60.0,보코치니샐러드,"2,6,12"
명덕고등학교,7010158,2024-03-29,금,중식,3299.0,잡곡밥,5
명덕고등학교,7010158,2024-03-29,금,중식,3299.0,마라탕*옥수수면,"5,6,9,13,15,16"
명덕고등학교,7010158,2024-03-29,금,중식,3299.0,단무지,9
명덕고등학교,7010158,2024-03-29,금,중식,3299.0,유린기(왕스덕)*샐러드,"1,2,5,6,12,15,16"
명덕고등학교,7010158,2024-03-29,금,중식,3299.0,사과,
명덕고등학교,7010158,2024-03-29,금,중식,3299.0,콘샐러드,"2,5,6,12,13"
명덕고등학교,7010158,2024-03-29,금,석식,374.0,잡곡밥,5
명덕고등학교,7010158,2024-03-29,금,석식,374.0,떡국,"1,5,6,16"
명덕고등학교,7010158,2024-03-29,금,석식,374.0,단호박범벅,"1,2,5,13"
명덕고등학교,7010158,2024-03-29,금,석식,374.0,매콤불고기볶음,"5,6,13,16"
명덕고등학교,7010158,2024-03-29,금,석식,374.0,미역줄기볶음,"1,5,6,8"
명덕고등학교,7010158,2024-03-29,금,석식,374.0,배추김치,9
명덕고등학교,7010158,2024-03-30,토,조식,18.0,쌀밥,
명덕고등학교,7010158,2024-03-30,토,조식,18.0,아욱된장국,"5,6"
명덕고등학교,7010158,2024-03-30,토,조식,18.0,감자조림,"5,6,13"
명덕고등학교,7010158,2024-03-30,토,조식,18.0,제육볶음,"5,6,10,13,18"
명덕고등학교,7010158,2024-03-30,토,조식,18.0,도시락김,
명덕고등학교,7010158,2024-03-30,토,조식,18.0,맛김치,9
명덕고등학교,7010158,2024-03-30,토,조식,18.0,시리얼(스페셜K외),"1,2,4,5,6,10,14,16,18"
명덕고등학교,7010158,2024-03-30,토,조식,18.0,바나나,
명덕고등학교,7010158,2024-03-30,토,조식,18.0,우유&주스,"2,5,6,11,13"
명덕고등학교,7010158,2024-04-01,월,조식,739.0,쌀밥,
명덕고등학교,7010158,2024-04-01,월,조식,739.0,오징어무국,"5,6,17"
명덕고등학교,7010158,2024-04-01,월,조식,739.0,열탄오리불고기*파채무침,"5,13"
명덕고등학교,7010158,2024-04-01,월,조식,739.0,맛김치,9
명덕고등학교,7010158,2024-04-01,월,조식,739.0,시리얼(스페셜K외),"1,2,4,5,6,10,14,16,18"
명덕고등학교,7010158,2024-04-01,월,조식,739.0,매실간장마늘쫑,
명덕고등학교,7010158,2024-04-01,월,조식,739.0,사과,
명덕고등학교,7010158,2024-04-01,월,조식,739.0,우유&주스,"2,5,6,11,13"
명덕고등학교,7010158,2024-04-01,월,조식,739.0,감자샐러드(깍둑)-조식,"1,2,5"
명덕고등학교,7010158,2024-04-01,월,중식,3254.0,잡곡밥,5
명덕고등학교,7010158,2024-04-01,월,중식,3254.0,탄탄면(중국식라멘),"1,2,4,5,6,8,10,12,13,15,16,18"
명덕고등학교,7010158,2024-04-01,월,중식,3254.0,토마토닭가슴살냉채,"5,6,12,13,15"
명덕고등학교,7010158,2024-04-01,월,중식,3254.0,탕수육,"1,5,6,10,12,13"
명덕고등학교,7010158,2024-04-01,월,중식,3254.0,깍두기,9
명덕고등학교,7010158,2024-04-01,월,중식,3254.0,뻥,5
명덕고등학교,7010158,2024-04-01,월,석식,1302.0,잡곡밥,5
명덕고등학교,7010158,2024-04-01,월,석식,1302.0,순두부국,"1,5,6,9,13"
명덕고등학교,7010158,2024-04-01,월,석식,1302.0,매운돈갈비찜(선진),"5,6,10,12,13"
명덕고등학교,7010158,2024-04-01,월,석식,1302.0,스페니쉬오믈렛*케찹,"1,2,5,6,10,12,15,16"
명덕고등학교,7010158,2024-04-01,월,석식,1302.0,배추김치,9
명덕고등학교,7010158,2024-04-01,월,석식,1302.0,바나나,
명덕고등학교,7010158,2024-04-01,월,석식,1302.0,콩나물김가루무침,"5,9"
명덕고등학교,7010158,2024-04-02,화,조식,739.0,쌀밥,
명덕고등학교,7010158,2024-04-02,화,조식,739.0,야채죽,"1,2,5,6,9,13,16,18"
명덕고등학교,7010158,2024-04-02,화,조식,739.0,참치김치찌개,"5,9,13,16,18"
명덕고등학교,7010158,2024-04-02,화,조식,739.0,계란장조림,"1,5,6,13"
명덕고등학교,7010158,2024-04-02,화,조식,739.0,와규큐브찹스테이크,"5,6,12,16"
명덕고등학교,7010158,2024-04-02,화,조식,739.0,깍두기,9
명덕고등학교,7010158,2024-04-02,화,조식,739.0,시리얼(스페셜K외),"1,2,4,5,6,10,14,16,18"
명덕고등학교,7010158,2024-04-02,화,조식,739.0,방울토마토,12
명덕고등학교,7010158,2024-04-02,화,조식,739.0,우유&주스,"2,5,6,11,13"
명덕고등학교,7010158,2024-04-02,화,조식,739.0,자몽파스타샐러드,"1,2,5,6,13"
명덕고등학교,7010158,2024-04-02,화,중식,3300.0,잡곡밥,5
명덕고등학교,7010158,2024-04-02,화,중식,3300.0,황태수제비,"1,5,6,13"
명덕고등학교,7010158,2024-04-02,화,중식,3300.0,오이지무침,13
명덕고등학교,7010158,2024-04-02,화,중식,3300.0,파채소불고기,"5,6,13,16,18"
명덕고등학교,7010158,2024-04-02,화,중식,3300.0,수제치즈감자전,"2,5,6"
명덕고등학교,7010158,2024-04-02,화,중식,3300.0,배추김치,9
명덕고등학교,7010158,2024-04-02,화,석식,1305.0,잡곡밥,5
명덕고등학교,7010158,2024-04-02,화,석식,1305.0,된장찌개,"5,6,18"
명덕고등학교,7010158,2024-04-02,화,석식,1305.0,도시락김(풀무원),
명덕고등학교,7010158,2024-04-02,화,석식,1305.0,배추김치,9
명덕고등학교,7010158,2024-04-02,화,석식,1305.0,마카로니샐러드,"1,5,6,8,13,18"
명덕고등학교,7010158,2024-04-02,화,석식,1305.0,제육두루치기,"5,6,10,13"
명덕고등학교,7010158,2024-04-03,수,조식,796.0,쌀밥,
명덕고등학교,7010158,2024-04-03,수,조식,796.0,육개장,"1,16"
명덕고등학교,7010158,2024-04-03,수,조식,796.0,미니돈까스,"1,5,6,10,12,13,18"
명덕고등학교,7010158,2024-04-03,수,조식,796.0,깻잎지,"5,6"
명덕고등학교,7010158,2024-04-03,수,조식,796.0,맛김치,9
명덕고등학교,7010158,2024-04-03,수,조식,796.0,시리얼(스페셜K외),"1,2,4,5,6,10,14,16,18"
명덕고등학교,7010158,2024-04-03,수,조식,796.0,바나나,
명덕고등학교,7010158,2024-04-03,수,조식,796.0,우유&주스,"2,5,6,11,13"
명덕고등학교,7010158,2024-04-03,수,조식,796.0,삼치구이,
명덕고등학교,7010158,2024-04-03,수,중식,3300.0,콩나물밥*양념장,"5,6,13,16"
명덕고등학교,7010158,2024-04-03,수,중식,3300.0,쇠고기무국,"5,6,16"
명덕고등학교,7010158,2024-04-03,수,중식,3300.0,닭봉강정,"5,6,12,13,15"
명덕고등학교,7010158,2024-04-03,수,중식,3300.0,배추김치,9
명덕고등학교,7010158,2024-04-03,수,중식,3300.0,옹심이메추리알볶음,"1,2,5,6,12,13,16,17,18"
명덕고등학교,7010158,2024-04-03,수,중식,3300.0,흑임자연근샐러드,"1,5,6,12"
명덕고등학교,7010158,2024-04-03,수,석식,675.0,잡곡밥,5
명덕고등학교,7010158,2024-04-03,수,석식,675.0,쇠고기우거지탕,"5,6,13,16"
명덕고등학교,7010158,2024-04-03,수,석식,675.0,오이무침,"5,6,9,13"
명덕고등학교,7010158,2024-04-03,수,석식,675.0,달걀만두,"1,5,12"
명덕고등학교,7010158,2024-04-03,수,석식,675.0,배추김치,9
명덕고등학교,7010158,2024-04-03,수,석식,675.0,훈제오리*야채무침(참깨소스),"1,2,5,6,14"
명덕고등학교,7010158,2024-04-04,목,조식,739.0,쌀밥,
명덕고등학교,7010158,2024-04-04,목,조식,739.0,쇠고기미역국,"5,6,16"
명덕고등학교,7010158,2024-04-04,목,조식,739.0,계란찜,1
명덕고등학교,7010158,2024-04-04,목,조식,739.0,구운계란,1
명덕고등학교,7010158,2024-04-04,목,조식,739.0,맛김치,9
명덕고등학교,7010158,2024-04-04,목,조식,739.0,시리얼(스페셜K외),"1,2,4,5,6,10,14,16,18"
명덕고등학교,7010158,2024-04-04,목,조식,739.0,크림슨포도,
명덕고등학교,7010158,2024-04-04,목,조식,739.0,우유&주스,"2,5,6,11,13"
명덕고등학교,7010158,2024-04-04,목,조식,739.0,그래놀라샐러드(조식),"2,5,6,12"
명덕고등학교,7010158,2024-04-04,목,조식,739.0,고기완자전(조식),"1,5,6,10,16"
명덕고등학교,7010158,2024-04-04,목,중식,3300.0,잡곡밥,5
명덕고등학교,7010158,2024-04-04,목,중식,3300.0,매콤어묵잡채,"5,6,13"
명덕고등학교,7010158,2024-04-04,목,중식,3300.0,깐풍오징어,"1,5,6,12,13,17"
명덕고등학교,7010158,2024-04-04,목,중식,3300.0,깍두기,9
명덕고등학교,7010158,2024-04-04,목,중식,3300.0,사과,
명덕고등학교,7010158,2024-04-04,목,중식,3300.0,돼지국밥,"5,6,10,16"
명덕고등학교,7010158,2024-04-04,목,석식,1160.0,쌀밥,"1,5,6"
명덕고등학교,7010158,2024-04-04,목,석식,1160.0,모밀국수(냉),"3,5,6,13"
명덕고등학교,7010158,2024-04-04,목,석식,1160.0,탄두리치킨,"2,5,6,12,13,15,18"
명덕고등학교,7010158,2024-04-04,목,석식,1160.0,깍두기,9
명덕고등학교,7010158,2024-04-04,목,석식,1160.0,양배추샐러드,"1,2,5,6,12"
명덕고등학교,7010158,2024-04-05,금,조식,739.0,쌀밥,
명덕고등학교,7010158,2024-04-05,금,조식,739.0,빵(조식),"1,2,5,6,9,10,12,13,14,15,16,18"
명덕고등학교,7010158,2024-04-05,금,조식,739.0,쑥갓어묵국,"1,5,6"
명덕고등학교,7010158,2024-04-05,금,조식,739.0,두부조림,"5,6,13,16"
명덕고등학교,7010158,2024-04-05,금,조식,739.0,버섯불고기,"5,6,13,16"
명덕고등학교,7010158,2024-04-05,금,조식,739.0,맛김치,9
명덕고등학교,7010158,2024-04-05,금,조식,739.0,시리얼(스페셜K외),"1,2,4,5,6,10,14,16,18"
명덕고등학교,7010158,2024-04-05,금,조식,739.0,메론,
명덕고등학교,7010158,2024-04-05,금,조식,739.0,우유&주스,"2,5,6,11,13"
명덕고등학교,7010158,2024-04-05,금,조식,739.0,토마토샐러드(믹스넛),"1,2,5,6,12,14"
명덕고등학교,7010158,2024-04-05,금,중식,3300.0,잡곡밥,5
명덕고등학교,7010158,2024-04-05,금,중식,3300.0,맑은콩나물국,"5,6"
명덕고등학교,7010158,2024-04-05,금,중식,3300.0,치즈불닭,"2,5,6,12,13,15"
명덕고등학교,7010158,2024-04-05,금,중식,3300.0,고구마베이컨오븐구이,"1,5,10"
명덕고등학교,7010158,2024-04-05,금,중식,3300.0,배추김치,9
명덕고등학교,7010158,2024-04-05,금,중식,3300.0,과일그린샐러드,"2,5,12"
명덕고등학교,7010158,2024-04-05,금,석식,612.0,잡곡밥,5
명덕고등학교,7010158,2024-04-05,금,석식,612.0,얼갈이된장국,"5,6"
명덕고등학교,7010158,2024-04-05,금,석식,612.0,코다리무조림,"5,6,13"
명덕고등학교,7010158,2024-04-05,금,석식,612.0,시금치나물,
명덕고등학교,7010158,2024-04-05,금,석식,612.0,육전,"1,5,6,10,16"
명덕고등학교,7010158,2024-04-05,금,석식,612.0,배추김치,9
명덕고등학교,7010158,2024-04-06,토,조식,73.0,쌀밥,
명덕고등학교,7010158,2024-04-06,토,조식,73.0,김치국,"5,6,9"
명덕고등학교,7010158,2024-04-06,토,조식,73.0,하이라이스소스,"1,2,5,6,12,16"
명덕고등학교,7010158,2024-04-06,토,조식,73.0,메추리알장조림,"1,5,6,13"
명덕고등학교,7010158,2024-04-06,토,조식,73.0,미나리무생채,13
명덕고등학교,7010158,2024-04-06,토,조식,73.0,멘츠까스,"1,5,6,10"
명덕고등학교,7010158,2024-04-06,토,조식,73.0,맛김치,9
명덕고등학교,7010158,2024-04-06,토,조식,73.0,시리얼(스페셜K외),"1,2,4,5,6,10,14,16,18"
명덕고등학교,7010158,2024-04-06,토,조식,73.0,바나나,
명덕고등학교,7010158,2024-04-06,토,조식,73.0,우유&주스,"2,5,6,11,13"
명덕고등학교,7010158,2024-04-08,월,조식,739.0,쌀밥,
명덕고등학교,7010158,2024-04-08,월,조식,739.0,쇠고기우거지탕,"5,6,16,18"
명덕고등학교,7010158,2024-04-08,월,조식,739.0,진미채볶음,"1,5,6,13,17"
명덕고등학교,7010158,2024-04-08,월,조식,739.0,열탄불고기,"2,5,6,10,13"
명덕고등학교,7010158,2024-04-08,월,조식,739.0,맛김치,9
명덕고등학교,7010158,2024-04-08,월,조식,739.0,시리얼(스페셜K외),"1,2,4,5,6,10,14,16,18"
명덕고등학교,7010158,2024-04-08,월,조식,739.0,사과,
명덕고등학교,7010158,2024-04-08,월,조식,739.0,우유&주스,"2,5,6,11,13"
명덕고등학교,7010158,2024-04-08,월,조식,739.0,그래놀라샐러드(조식),"2,5,6,12"
명덕고등학교,7010158,2024-04-08,월,조식,739.0,빵(조식),"1,2,5,6,10,12,13,14,15,16"
명덕고등학교,7010158,2024-04-08,월,중식,3304.0,잡곡밥,5
명덕고등학교,7010158,2024-04-08,월,중식,3304.0,또띠아*갈릭딥핑소스,"1,2,5,6,13"
명덕고등학교,7010158,2024-04-08,월,중식,3304.0,쇠고기미역국,"5,6,16"
명덕고등학교,7010158,2024-04-08,월,중식,3304.0,계란찜,1
명덕고등학교,7010158,2024-04-08,월,중식,3304.0,배추나물,
명덕고등학교,7010158,2024-04-08,월,중식,3304.0,깍두기,9
명덕고등학교,7010158,2024-04-08,월,중식,3304.0,쭈꾸미소세지볶음,"2,5,6,10,12,13,16,18"
명덕고등학교,7010158,2024-04-08,월,석식,1341.0,잡곡밥,5
명덕고등학교,7010158,2024-04-08,월,석식,1341.0,크림스프(석식),"2,5,6,13,16"
명덕고등학교,7010158,2024-04-08,월,석식,1341.0,치킨까스*소스,"1,5,6,12,13,15,18"
명덕고등학교,7010158,2024-04-08,월,석식,1341.0,고구마그라탕,"1,2,5,6,10,12,13,15,16"
명덕고등학교,7010158,2024-04-08,월,석식,1341.0,배추김치,9
명덕고등학교,7010158,2024-04-08,월,석식,1341.0,시저샐러드,"1,2,5,6,10,12"
명덕고등학교,7010158,2024-04-08,월,석식,1341.0,파채무침,"2,5,6,12,13"
명덕고등학교,7010158,2024-04-09,화,조식,739.0,쌀밥,
명덕고등학교,7010158,2024-04-09,화,조식,739.0,영양닭죽,"1,2,5,6,9,13,15,16,18"
명덕고등학교,7010158,2024-04-09,화,조식,739.0,건새우무국,"5,6,9"
명덕고등학교,7010158,2024-04-09,화,조식,739.0,쇠고기사태장조림(조식),"1,16"
명덕고등학교,7010158,2024-04-09,화,조식,739.0,두부구이*양념장,"1,5,6,13"
명덕고등학교,7010158,2024-04-09,화,조식,739.0,맛김치,9
명덕고등학교,7010158,2024-04-09,화,조식,739.0,시리얼(스페셜K외),"1,2,4,5,6,10,14,16,18"
명덕고등학교,7010158,2024-04-09,화,조식,739.0,바나나,
명덕고등학교,7010158,2024-04-09,화,조식,739.0,우유&주스,"2,5,6,11,13"
명덕고등학교,7010158,2024-04-09,화,조식,739.0,울외장아찌,
명덕고등학교,7010158,2024-04-09,화,중식,3300.0,잡곡밥,5
명덕고등학교,7010158,2024-04-09,화,중식,3300.0,얼갈이된장국,"5,6"
명덕고등학교,7010158,2024-04-09,화,중식,3300.0,해물파전,"1,5,6,9,13,17"
명덕고등학교,7010158,2024-04-09,화,중식,3300.0,배추김치,9
명덕고등학교,7010158,2024-04-09,화,중식,3300.0,나쵸야채샐러드,"1,2,5,12,16"
명덕고등학교,7010158,2024-04-09,화,중식,3300.0,춘천닭갈비,"1,2,5,6,12,13,15,16,18"
명덕고등학교,7010158,2024-04-09,화,석식,1304.0,쌀밥,
명덕고등학교,7010158,2024-04-09,화,석식,1304.0,가쓰오장국,"1,2,5,6,7,9,13,16,18"
명덕고등학교,7010158,2024-04-09,화,석식,1304.0,야끼소바,"2,5,6,8,9,10,13,17,18"
명덕고등학교,7010158,2024-04-09,화,석식,1304.0,함박스테이크(선진),"1,2,5,6,10,12,15,16"
명덕고등학교,7010158,2024-04-09,화,석식,1304.0,깍두기,9
명덕고등학교,7010158,2024-04-09,화,석식,1304.0,신고배,
명덕고등학교,7010158,2024-04-09,화,석식,1304.0,일식샐러드*흑임자드레싱,"1,5,12"
명덕고등학교,7010158,2024-04-10,수,조식,739.0,쌀밥,
명덕고등학교,7010158,2024-04-10,수,조식,739.0,쇠고기무국,"1,5,6,16"
명덕고등학교,7010158,2024-04-10,수,조식,739.0,감자채햄볶음,"1,2,5,6,10,15,13,16"
명덕고등학교,7010158,2024-04-10,수,조식,739.0,멸치견과볶음(유자),"5,13,14"
명덕고등학교,7010158,2024-04-10,수,조식,739.0,맛김치,9
명덕고등학교,7010158,2024-04-10,수,조식,739.0,시리얼(스페셜K외),"1,2,4,5,6,10,14,16,18"
명덕고등학교,7010158,2024-04-10,수,조식,739.0,파인애플,
명덕고등학교,7010158,2024-04-10,수,조식,739.0,우유&주스,"2,5,6,11,13"
명덕고등학교,7010158,2024-04-10,수,조식,739.0,훈제오리*야채무침(참깨소스),"1,2,5,6,14"
명덕고등학교,7010158,2024-04-10,수,중식,740.0,잡곡밥,5
명덕고등학교,7010158,2024-04-10,수,중식,740.0,떡국,"1,5,6,16"
명덕고등학교,7010158,2024-04-10,수,중식,740.0,미역줄기볶음,"1,5,6,8"
명덕고등학교,7010158,2024-04-10,수,중식,740.0,볼어묵볶음,"1,5,6,13"
명덕고등학교,7010158,2024-04-10,수,중식,740.0,제육볶음,"5,6,10,13,18"
명덕고등학교,7010158,2024-04-10,수,중식,740.0,배추김치,9
명덕고등학교,7010158,2024-04-10,수,석식,391.0,잡곡밥,5
명덕고등학교,7010158,2024-04-10,수,석식,391.0,설렁탕,"1,5,6,13,16"
명덕고등학교,7010158,2024-04-10,수,석식,391.0,고등어조림,"5,6,7,13"
명덕고등학교,7010158,2024-04-10,수,석식,391.0,깻잎겉절이,"5,6,9,13"
명덕고등학교,7010158,2024-04-10,수,석식,391.0,소세지볶음,"2,5,6,10,12,13,15,16"
명덕고등학교,7010158,2024-04-10,수,석식,391.0,깍두기,9
명덕고등학교,7010158,2024-04-11,목,조식,739.0,쌀밥,
명덕고등학교,7010158,2024-04-11,목,조식,739.0,빵(조식),"1,2,5,6,9,10,12,13,14,15,16,18"
명덕고등학교,7010158,2024-04-11,목,조식,739.0,맑은콩나물국,"5,6"
명덕고등학교,7010158,2024-04-11,목,조식,739.0,연근조림,"5,6,13"
명덕고등학교,7010158,2024-04-11,목,조식,739.0,직접구워먹는사이미트,"1,5,13,15,16"
명덕고등학교,7010158,2024-04-11,목,조식,739.0,맛김치,9
명덕고등학교,7010158,2024-04-11,목,조식,739.0,시리얼(스페셜K외),"1,2,4,5,6,10,14,16,18"
명덕고등학교,7010158,2024-04-11,목,조식,739.0,메론,
명덕고등학교,7010158,2024-04-11,목,조식,739.0,우유&주스,"2,5,6,11,13"
명덕고등학교,7010158,2024-04-11,목,조식,739.0,믹스넛츠샐러드,"5,6,12,14"
명덕고등학교,7010158,2024-04-11,목,중식,3300.0,잡곡밥,5
명덕고등학교,7010158,2024-04-11,목,중식,3300.0,부대찌개,"1,2,5,6,9,10,12,15,16"
명덕고등학교,7010158,2024-04-11,목,중식,3300.0,소고기참나물무침,"5,6,13,16,18"
명덕고등학교,7010158,2024-04-11,목,중식,3300.0,카레자반,5
명덕고등학교,7010158,2024-04-11,목,중식,3300.0,생선까스*그린채소,"1,5,6,16"
명덕고등학교,7010158,2024-04-11,목,중식,3300.0,깍두기,9
명덕고등학교,7010158,2024-04-11,목,석식,1292.0,잡곡밥,5
명덕고등학교,7010158,2024-04-11,목,석식,1292.0,흑임자묵김가루무침,"1,2,5,6,14"
명덕고등학교,7010158,2024-04-11,목,석식,1292.0,버섯불고기,"5,6,13,16"
명덕고등학교,7010158,2024-04-11,목,석식,1292.0,배추김치,9
명덕고등학교,7010158,2024-04-11,목,석식,1292.0,바나나,
명덕고등학교,7010158,2024-04-11,목,석식,1292.0,장칼제비,"1,2,4,5,6,8,9,13,16,18"
명덕고등학교,7010158,2024-04-12,금,조식,739.0,쌀밥,
명덕고등학교,7010158,2024-04-12,금,조식,739.0,된장찌개,"5,6,18"
명덕고등학교,7010158,2024-04-12,금,조식,739.0,갈치구이(국내산바질향 갈치토막),"1,5,6,12,13,16,18"
명덕고등학교,7010158,2024-04-12,금,조식,739.0,맛김치,9
명덕고등학교,7010158,2024-04-12,금,조식,739.0,시리얼(스페셜K외),"1,2,4,5,6,10,14,16,18"
명덕고등학교,7010158,2024-04-12,금,조식,739.0,방울토마토,12
명덕고등학교,7010158,2024-04-12,금,조식,739.0,우유&주스,"2,5,6,11,13"
명덕고등학교,7010158,2024-04-12,금,조식,739.0,크루통샐러드,"1,2,5,6,12"
명덕고등학교,7010158,2024-04-12,금,조식,739.0,떡갈비조림,"5,6,10,13,15,16,18"
명덕고등학교,7010158,2024-04-12,금,중식,3300.0,잡곡밥,5
명덕고등학교,7010158,2024-04-12,금,중식,3300.0,북어국,"1,5,6"
명덕고등학교,7010158,2024-04-12,금,중식,3300.0,매콤물갈비,"5,6,10,13"
명덕고등학교,7010158,2024-04-12,금,중식,3300.0,타코야끼,"1,5,6,10,13"
명덕고등학교,7010158,2024-04-12,금,중식,3300.0,깍두기,9
명덕고등학교,7010158,2024-04-12,금,중식,3300.0,사과,
명덕고등학교,7010158,2024-04-12,금,중식,3300.0,단호박견과샐러드,"1,2,5,6,16"
명덕고등학교,7010158,2024-04-12,금,석식,610.0,오징어덮밥,"5,6,10,12,13,17,18"
명덕고등학교,7010158,2024-04-12,금,석식,610.0,일식장국,"5,6"
명덕고등학교,7010158,2024-04-12,금,석식,610.0,돈까스*소스,"1,2,5,6,10,12,13,16,18"
명덕고등학교,7010158,2024-04-12,금,석식,610.0,알감자버터구이,"1,2,5,6,13"
명덕고등학교,7010158,2024-04-12,금,석식,610.0,배추김치,9
명덕고등학교,7010158,2024-04-12,금,석식,610.0,어니언콘샐러드,"2,5,6,12"
명덕고등학교,7010158,2024-04-13,토,조식,50.0,쌀밥,
명덕고등학교,7010158,2024-04-13,토,조식,50.0,쇠고기미역국,"5,6,16"
명덕고등학교,7010158,2024-04-13,토,조식,50.0,도토리묵야채무침,
명덕고등학교,7010158,2024-04-13,토,조식,50.0,제육볶음,"5,6,10,13"
명덕고등학교,7010158,2024-04-13,토,조식,50.0,도시락김(풀무원),
명덕고등학교,7010158,2024-04-13,토,조식,50.0,맛김치,9
명덕고등학교,7010158,2024-04-13,토,조식,50.0,시리얼(스페셜K외),"1,2,4,5,6,10,14,16,18"
명덕고등학교,7010158,2024-04-13,토,조식,50.0,사과,
명덕고등학교,7010158,2024-04-13,토,조식,50.0,우유&주스,"2,5,6,11,13"
명덕고등학교,7010158,2024-04-15,월,조식,739.0,쌀밥,
명덕고등학교,7010158,2024-04-15,월,조식,739.0,떡국,"1,5,6,16"
명덕고등학교,7010158,2024-04-15,월,조식,739.0,꽈리고추오징어볶음,17
명덕고등학교,7010158,2024-04-15,월,조식,739.0,구운계란,1
명덕고등학교,7010158,2024-04-15,월,조식,739.0,맛김치,9
명덕고등학교,7010158,2024-04-15,월,조식,739.0,시리얼(스페셜K외),"1,2,4,5,6,10,14,16,18"
명덕고등학교,7010158,2024-04-15,월,조식,739.0,사과,
명덕고등학교,7010158,2024-04-15,월,조식,739.0,우유&주스,"2,5,6,11,13"
명덕고등학교,7010158,2024-04-15,월,조식,739.0,토마토샐러드(믹스넛),"1,2,5,6,12,14"
명덕고등학교,7010158,2024-04-15,월,조식,739.0,동그랑땡전,"1,2,5,6,10,12,15,16"
명덕고등학교,7010158,2024-04-15,월,중식,3304.0,잡곡밥,5
명덕고등학교,7010158,2024-04-15,월,중식,3304.0,짬뽕수제비,"1,2,4,5,6,8,9,10,13,15,16,17,18"
명덕고등학교,7010158,2024-04-15,월,중식,3304.0,풋고추쌈장무침,"5,6"
명덕고등학교,7010158,2024-04-15,월,중식,3304.0,블랙알리오치킨,"1,2,5,6,15"
명덕고등학교,7010158,2024-04-15,월,중식,3304.0,깍두기,9
명덕고등학교,7010158,2024-04-15,월,중식,3304.0,허니버터옥수수,"1,2,5,13"
명덕고등학교,7010158,2024-04-15,월,석식,1341.0,밥버거,"1,2,5,6,9,10,13,15,16"
명덕고등학교,7010158,2024-04-15,월,석식,1341.0,미니핫도그,"1,2,5,6,10,12,15,18"
명덕고등학교,7010158,2024-04-15,월,석식,1341.0,어묵우동국,"1,2,5,6,7,9,13,16,18"
명덕고등학교,7010158,2024-04-15,월,석식,1341.0,단무지,
명덕고등학교,7010158,2024-04-15,월,석식,1341.0,떡볶이(석식),"1,2,5,6,10,12,13,15,16"
명덕고등학교,7010158,2024-04-15,월,석식,1341.0,쥬시쿨,
명덕고등학교,7010158,2024-04-15,월,석식,1341.0,나쵸야채샐러드,"1,2,5,6"
명덕고등학교,7010158,2024-04-16,화,조식,739.0,장조림비빔밥,"1,2,5,6,9,10,13,16,18"
명덕고등학교,7010158,2024-04-16,화,조식,739.0,가쓰오장국,"1,2,5,6,7,9,13,18"
명덕고등학교,7010158,2024-04-16,화,조식,739.0,돌돌고기떡말이,"5,6,10,15,16,18"
명덕고등학교,7010158,2024-04-16,화,조식,739.0,오이무침,"5,6,13"
명덕고등학교,7010158,2024-04-16,화,조식,739.0,맛김치,9
명덕고등학교,7010158,2024-04-16,화,조식,739.0,시리얼(스페셜K외),"1,2,4,5,6,10,14,16,18"
명덕고등학교,7010158,2024-04-16,화,조식,739.0,크림슨포도,
명덕고등학교,7010158,2024-04-16,화,조식,739.0,우유&주스,"2,5,6,11,13"
명덕고등학교,7010158,2024-04-16,화,조식,739.0,콥샐러드,"1,2,5,6,12"
명덕고등학교,7010158,2024-04-16,화,중식,3300.0,잡곡밥,5
명덕고등학교,7010158,2024-04-16,화,중식,3300.0,참치김치찌개,"5,9,13"
명덕고등학교,7010158,2024-04-16,화,중식,3300.0,단호박새우그라탕,"2,5,6,9,12,13,15,16,18"
명덕고등학교,7010158,2024-04-16,화,중식,3300.0,버섯불고기,"5,6,13,16,18"
명덕고등학교,7010158,2024-04-16,화,중식,3300.0,도시락김(풀무원),
명덕고등학교,7010158,2024-04-16,화,중식,3300.0,배추김치,9
명덕고등학교,7010158,2024-04-16,화,중식,3300.0,아이스망고,
명덕고등학교,7010158,2024-04-16,화,석식,1304.0,부추계란볶음밥,"1,2,5,6,10,13,15,16,18"
명덕고등학교,7010158,2024-04-16,화,석식,1304.0,일식장국,"5,6"
명덕고등학교,7010158,2024-04-16,화,석식,1304.0,미나리무생채,"5,9,13"
명덕고등학교,7010158,2024-04-16,화,석식,1304.0,꿔바로우,"1,5,6,10,11,12,13"
명덕고등학교,7010158,2024-04-16,화,석식,1304.0,배추김치,9
명덕고등학교,7010158,2024-04-16,화,석식,1304.0,짜장소스,"1,5,6,9,10,13,16,17,18"
명덕고등학교,7010158,2024-04-16,화,석식,1304.0,딤섬,"1,5,6,9,10,16,18"
명덕고등학교,7010158,2024-04-17,수,조식,739.0,쌀밥,
명덕고등학교,7010158,2024-04-17,수,조식,739.0,빵(조식),"1,2,5,6,9,10,12,13,14,15,16,18"
명덕고등학교,7010158,2024-04-17,수,조식,739.0,아욱된장국,"5,6,18"
명덕고등학교,7010158,2024-04-17,수,조식,739.0,탕평채,"1,5,6"
명덕고등학교,7010158,2024-04-17,수,조식,739.0,맛김치,9
명덕고등학교,7010158,2024-04-17,수,조식,739.0,시리얼(스페셜K외),"1,2,4,5,6,10,14,16,18"
명덕고등학교,7010158,2024-04-17,수,조식,739.0,방울토마토,12
명덕고등학교,7010158,2024-04-17,수,조식,739.0,우유&주스,"2,5,6,11,13"
명덕고등학교,7010158,2024-04-17,수,조식,739.0,가자미구이,"1,5,6,12,16,18"
명덕고등학교,7010158,2024-04-17,수,조식,739.0,소고기영양부추무침,"5,6,16"
명덕고등학교,7010158,2024-04-17,수,중식,3300.0,오이피클,9
명덕고등학교,7010158,2024-04-17,수,중식,3300.0,딸기우유(매일),2
명덕고등학교,7010158,2024-04-17,수,중식,3300.0,볼로네제파스타,"2,5,6,12,13,15,16,18"
명덕고등학교,7010158,2024-04-17,수,중식,3300.0,조각피자,"1,2,5,6,10,12,13,15,16"
명덕고등학교,7010158,2024-04-17,수,중식,3300.0,시금치만다린샐러드,"1,2,5,6,12"
명덕고등학교,7010158,2024-04-17,수,석식,674.0,잡곡밥,5
명덕고등학교,7010158,2024-04-17,수,석식,674.0,김치국,"5,6,9"
명덕고등학교,7010158,2024-04-17,수,석식,674.0,계란찜,1
명덕고등학교,7010158,2024-04-17,수,석식,674.0,콩나물파채무침,"5,6,13"
명덕고등학교,7010158,2024-04-17,수,석식,674.0,삼겹살허브구이,"5,10"
명덕고등학교,7010158,2024-04-17,수,석식,674.0,깍두기,9
명덕고등학교,7010158,2024-04-18,목,조식,739.0,쌀밥,
명덕고등학교,7010158,2024-04-18,목,조식,739.0,갈빗살양념구이,"5,6,13,16"
명덕고등학교,7010158,2024-04-18,목,조식,739.0,쇠고기미역국,"5,6,16"
명덕고등학교,7010158,2024-04-18,목,조식,739.0,연두부*양념장,"5,6"
명덕고등학교,7010158,2024-04-18,목,조식,739.0,골뱅이야채무침,"5,6,13"
명덕고등학교,7010158,2024-04-18,목,조식,739.0,맛김치,9
명덕고등학교,7010158,2024-04-18,목,조식,739.0,시리얼(스페셜K외),"1,2,4,5,6,10,14,16,18"
명덕고등학교,7010158,2024-04-18,목,조식,739.0,파인애플,
명덕고등학교,7010158,2024-04-18,목,조식,739.0,우유&주스,"2,5,6,11,13"
명덕고등학교,7010158,2024-04-18,목,중식,3300.0,잡곡밥,5
명덕고등학교,7010158,2024-04-18,목,중식,3300.0,불고기카레우동,"1,2,5,6,12,13,16,18"
명덕고등학교,7010158,2024-04-18,목,중식,3300.0,치즈돈까스*돈까스소스,"2,5,6,10,12,17,18"
명덕고등학교,7010158,2024-04-18,목,중식,3300.0,배추김치,9
명덕고등학교,7010158,2024-04-18,목,중식,3300.0,그래놀라샐러드,"5,6,12"
명덕고등학교,7010158,2024-04-18,목,석식,1292.0,잡곡밥,5
명덕고등학교,7010158,2024-04-18,목,석식,1292.0,육개장,"1,5,16"
명덕고등학교,7010158,2024-04-18,목,석식,1292.0,청양풍찜닭,"2,5,6,13,15,16"
명덕고등학교,7010158,2024-04-18,목,석식,1292.0,수제야채튀김,"5,6"
명덕고등학교,7010158,2024-04-18,목,석식,1292.0,배추김치,9
명덕고등학교,7010158,2024-04-18,목,석식,1292.0,메론,
명덕고등학교,7010158,2024-04-18,목,석식,1292.0,양배추샐러드,"1,2,5,6,12"
명덕고등학교,7010158,2024-04-19,금,조식,739.0,쌀밥,
명덕고등학교,7010158,2024-04-19,금,조식,739.0,계란국,"1,5,6"
명덕고등학교,7010158,2024-04-19,금,조식,739.0,전복버터구이,18
명덕고등학교,7010158,2024-04-19,금,조식,739.0,맛김치,9
명덕고등학교,7010158,2024-04-19,금,조식,739.0,시리얼(스페셜K외),"1,2,4,5,6,10,14,16,18"
명덕고등학교,7010158,2024-04-19,금,조식,739.0,신고배,
명덕고등학교,7010158,2024-04-19,금,조식,739.0,우유&주스,"2,5,6,11,13"
명덕고등학교,7010158,2024-04-19,금,조식,739.0,단호박카프리제,"2,13,14"
명덕고등학교,7010158,2024-04-19,금,조식,739.0,누룽지,
명덕고등학교,7010158,2024-04-19,금,조식,739.0,훈제오리감자볶음,
명덕고등학교,7010158,2024-04-19,금,중식,3300.0,쌀밥,
명덕고등학교,7010158,2024-04-19,금,중식,3300.0,갈치무조림,"13,5,6"
명덕고등학교,7010158,2024-04-19,금,중식,3300.0,방풍나물무침01,"5,6"
명덕고등학교,7010158,2024-04-19,금,중식,3300.0,비빔만두,"1,5,6,10,13,15,16,18"
명덕고등학교,7010158,2024-04-19,금,중식,3300.0,깍두기,9
명덕고등학교,7010158,2024-04-19,금,중식,3300.0,닭들깨곰탕,"5,6,10,15,16"
명덕고등학교,7010158,2024-04-19,금,석식,610.0,잡곡밥,5
명덕고등학교,7010158,2024-04-19,금,석식,610.0,얼갈이된장국,"5,6"
명덕고등학교,7010158,2024-04-19,금,석식,610.0,감자채볶음,5
명덕고등학교,7010158,2024-04-19,금,석식,610.0,제육볶음,"5,6,10,13,18"
명덕고등학교,7010158,2024-04-19,금,석식,610.0,깍두기,9
명덕고등학교,7010158,2024-04-19,금,석식,610.0,양념깻잎지,"5,6"
명덕고등학교,7010158,2024-04-20,토,조식,70.0,쌀밥,
명덕고등학교,7010158,2024-04-20,토,조식,70.0,매운콩나물국,"5,6"
명덕고등학교,7010158,2024-04-20,토,조식,70.0,미나리무생채,"5,9,13"
명덕고등학교,7010158,2024-04-20,토,조식,70.0,버섯불고기,"5,6,13,16,18"
명덕고등학교,7010158,2024-04-20,토,조식,70.0,맛김치,9
명덕고등학교,7010158,2024-04-20,토,조식,70.0,시리얼(스페셜K외),"1,2,4,5,6,10,14,16,18"
명덕고등학교,7010158,2024-04-20,토,조식,70.0,사과,
명덕고등학교,7010158,2024-04-20,토,조식,70.0,우유&주스,"2,5,6,11,13"
명덕고등학교,7010158,2024-04-20,토,조식,70.0,스크램블에그,"1,2,12"
명덕고등학교,7010158,2024-04-22,월,조식,739.0,쌀밥,
명덕고등학교,7010158,2024-04-22,월,조식,739.0,야채죽,"1,5,6"
명덕고등학교,7010158,2024-04-22,월,조식,739.0,된장찌개,"5,6"
명덕고등학교,7010158,2024-04-22,월,조식,739.0,해쉬브라운*케찹,"5,6,12"
명덕고등학교,7010158,2024-04-22,월,조식,739.0,닭고기마늘구이,"5,6,13,15"
명덕고등학교,7010158,2024-04-22,월,조식,739.0,맛김치,9
명덕고등학교,7010158,2024-04-22,월,조식,739.0,시리얼(스페셜K외),"1,2,4,5,6,10,14,16,18"
명덕고등학교,7010158,2024-04-22,월,조식,739.0,사과,
명덕고등학교,7010158,2024-04-22,월,조식,739.0,우유&주스,"2,5,6,11,13"
명덕고등학교,7010158,2024-04-22,월,조식,739.0,토마토샐러드(믹스넛),"5,6,12,14"
명덕고등학교,7010158,2024-04-22,월,중식,3303.0,잡곡밥,5
명덕고등학교,7010158,2024-04-22,월,중식,3303.0,순두부찌개,"1,2,4,5,6,8,9,10,16,18"
명덕고등학교,7010158,2024-04-22,월,중식,3303.0,쪽파김무침,"5,6,13"
명덕고등학교,7010158,2024-04-22,월,중식,3303.0,양송이크림소스볶음,"1,2,5,6,10,13,15"
명덕고등학교,7010158,2024-04-22,월,중식,3303.0,나주식오리불고기,5
명덕고등학교,7010158,2024-04-22,월,중식,3303.0,배추김치,9
명덕고등학교,7010158,2024-04-22,월,중식,3303.0,바나나,
명덕고등학교,7010158,2024-04-22,월,석식,1149.0,계란국,"1,5,6"
명덕고등학교,7010158,2024-04-22,월,석식,1149.0,목살김치짜글이,"5,6,9,10"
명덕고등학교,7010158,2024-04-22,월,석식,1149.0,메추리알장조림,"1,5,6,13"
명덕고등학교,7010158,2024-04-22,월,석식,1149.0,오이무침,"5,6,9,13"
명덕고등학교,7010158,2024-04-22,월,석식,1149.0,크리스피돈강정,"2,5,6,10,16"
명덕고등학교,7010158,2024-04-22,월,석식,1149.0,깍두기,9
명덕고등학교,7010158,2024-04-23,화,조식,739.0,쌀밥,
명덕고등학교,7010158,2024-04-23,화,조식,739.0,야채죽,"1,5,6"
명덕고등학교,7010158,2024-04-23,화,조식,739.0,쇠고기무국,"1,5,6,16"
명덕고등학교,7010158,2024-04-23,화,조식,739.0,구운어묵볶음,"5,6,9,13,16,17,18"
명덕고등학교,7010158,2024-04-23,화,조식,739.0,맛김치,9
명덕고등학교,7010158,2024-04-23,화,조식,739.0,시리얼(스페셜K외),"1,2,4,5,6,10,14,16,18"
명덕고등학교,7010158,2024-04-23,화,조식,739.0,메론,
명덕고등학교,7010158,2024-04-23,화,조식,739.0,우유&주스,"2,5,6,11,13"
명덕고등학교,7010158,2024-04-23,화,조식,739.0,단호박견과샐러드,"1,2,5,6,16"
명덕고등학교,7010158,2024-04-23,화,조식,739.0,순살찜닭,"2,5,6,13,15,16"
명덕고등학교,7010158,2024-04-23,화,중식,3299.0,잡곡밥,5
명덕고등학교,7010158,2024-04-23,화,중식,3299.0,떡국,"1,5,6,16"
명덕고등학교,7010158,2024-04-23,화,중식,3299.0,충무식오징어무침,"1,5,6,9,13,17"
명덕고등학교,7010158,2024-04-23,화,중식,3299.0,고구마순들깨볶음,5
명덕고등학교,7010158,2024-04-23,화,중식,3299.0,훈제삼겹구이,"1,5,6,10,13"
명덕고등학교,7010158,2024-04-23,화,중식,3299.0,배추김치,9
명덕고등학교,7010158,2024-04-23,화,석식,1119.0,잡곡밥,5
명덕고등학교,7010158,2024-04-23,화,석식,1119.0,배추된장국,"5,6"
명덕고등학교,7010158,2024-04-23,화,석식,1119.0,닭불고기,"5,6,12,13,15"
명덕고등학교,7010158,2024-04-23,화,석식,1119.0,새우튀김*칠리소스,"1,5,6,9,12,13"
명덕고등학교,7010158,2024-04-23,화,석식,1119.0,깍두기,9
명덕고등학교,7010158,2024-04-23,화,석식,1119.0,맛살콘샐러드(꽃맛살샐러드),"1,5,6,8,9,12,13,16,18"
명덕고등학교,7010158,2024-04-24,수,조식,734.0,쌀밥,
명덕고등학교,7010158,2024-04-24,수,조식,734.0,야채죽,"1,5,6"
명덕고등학교,7010158,2024-04-24,수,조식,734.0,물만두국,"1,5,6,10,15,16,18"
명덕고등학교,7010158,2024-04-24,수,조식,734.0,오이지무침,13
명덕고등학교,7010158,2024-04-24,수,조식,734.0,오징어볶음,"5,6,13,17"
명덕고등학교,7010158,2024-04-24,수,조식,734.0,치즈포테이토오믈렛,"1,2,5,6,10,12,15,16"
명덕고등학교,7010158,2024-04-24,수,조식,734.0,맛김치,9
명덕고등학교,7010158,2024-04-24,수,조식,734.0,시리얼(스페셜K외),"1,2,4,5,6,10,14,16,18"
명덕고등학교,7010158,2024-04-24,수,조식,734.0,바나나,
명덕고등학교,7010158,2024-04-24,수,조식,734.0,우유&주스,"2,5,6,11,13"
명덕고등학교,7010158,2024-04-24,수,조식,734.0,빵(조식),"1,2,5,6,9,10,12,13,14,15,16,18"
명덕고등학교,7010158,2024-04-24,수,중식,3299.0,후리가케밥,"1,5,6"
명덕고등학교,7010158,2024-04-24,수,중식,3299.0,마라쌀국수,16
명덕고등학교,7010158,2024-04-24,수,중식,3299.0,깍두기,9
명덕고등학교,7010158,2024-04-24,수,중식,3299.0,코코넛칩망고샐러드,"1,2,5,6,12"
명덕고등학교,7010158,2024-04-24,수,중식,3299.0,갈비치킨,"5,6,9,13,15,16,17,18"
명덕고등학교,7010158,2024-04-24,수,석식,500.0,갈릭씨즐링볶음밥,"1,2,5,6,9,10,12,13,16,17,18"
명덕고등학교,7010158,2024-04-24,수,석식,500.0,가쓰오장국,"1,2,5,6,7,9,13,16,18"
명덕고등학교,7010158,2024-04-24,수,석식,500.0,배추김치,9
명덕고등학교,7010158,2024-04-24,수,석식,500.0,자몽샐러드,"1,2,5,6,14"
명덕고등학교,7010158,2024-04-24,수,석식,500.0,대파포크커틀렛,"5,10"
명덕고등학교,7010158,2024-04-25,목,조식,739.0,쌀밥,
명덕고등학교,7010158,2024-04-25,목,조식,739.0,야채죽,"1,5,6"
명덕고등학교,7010158,2024-04-25,목,조식,739.0,나주곰탕,"5,6,16"
명덕고등학교,7010158,2024-04-25,목,조식,739.0,굴비구이,
명덕고등학교,7010158,2024-04-25,목,조식,739.0,맛김치,9
명덕고등학교,7010158,2024-04-25,목,조식,739.0,시리얼(스페셜K외),"1,2,4,5,6,10,14,16,18"
명덕고등학교,7010158,2024-04-25,목,조식,739.0,방울토마토,12
명덕고등학교,7010158,2024-04-25,목,조식,739.0,우유&주스,"2,5,6,11,13"
명덕고등학교,7010158,2024-04-25,목,조식,739.0,그래놀라샐러드(조식),"2,5,6,12"
명덕고등학교,7010158,2024-04-25,목,조식,739.0,치킨너겟,"1,2,5,6,13,15"
명덕고등학교,7010158,2024-04-25,목,중식,3299.0,잡곡밥,5
명덕고등학교,7010158,2024-04-25,목,중식,3299.0,어묵국*물떡,"5,6,13,18"
명덕고등학교,7010158,2024-04-25,목,중식,3299.0,베이컨고구마치즈전,"1,2,5,6,10"
명덕고등학교,7010158,2024-04-25,목,중식,3299.0,고추장돈육구이,"5,6,10,13,16"
명덕고등학교,7010158,2024-04-25,목,중식,3299.0,배추김치,9
명덕고등학교,7010158,2024-04-25,목,중식,3299.0,쌈무생채,"5,6"
명덕고등학교,7010158,2024-04-25,목,석식,1123.0,일식장국,"5,6"
명덕고등학교,7010158,2024-04-25,목,석식,1123.0,깍두기,9
명덕고등학교,7010158,2024-04-25,목,석식,1123.0,어니언콘샐러드,"2,5,6,12,13"
명덕고등학교,7010158,2024-04-25,목,석식,1123.0,규동,"1,5,6,7,13,16,18"
명덕고등학교,7010158,2024-04-25,목,석식,1123.0,갈릭치킨까스바,"2,5,6,12,15"
명덕고등학교,7010158,2024-04-25,목,석식,1123.0,아이스크림(쭈쭈바),2
명덕고등학교,7010158,2024-04-26,금,조식,739.0,쌀밥,
명덕고등학교,7010158,2024-04-26,금,조식,739.0,야채죽,"1,5,6"
명덕고등학교,7010158,2024-04-26,금,조식,739.0,매운콩나물국,"5,6"
명덕고등학교,7010158,2024-04-26,금,조식,739.0,계란찜,1
명덕고등학교,7010158,2024-04-26,금,조식,739.0,숯불고기*숙주,10
명덕고등학교,7010158,2024-04-26,금,조식,739.0,맛김치,9
명덕고등학교,7010158,2024-04-26,금,조식,739.0,시리얼(스페셜K외),"1,2,4,5,6,10,14,16,18"
명덕고등학교,7010158,2024-04-26,금,조식,739.0,크림슨포도,
명덕고등학교,7010158,2024-04-26,금,조식,739.0,우유&주스,"2,5,6,11,13"
명덕고등학교,7010158,2024-04-26,금,조식,739.0,브로콜리참깨무침,"1,5,6,16"
명덕고등학교,7010158,2024-04-26,금,중식,3299.0,소고기표고밥*양념장,"5,6,13,16"
명덕고등학교,7010158,2024-04-26,금,중식,3299.0,된장찌개,"5,6"
명덕고등학교,7010158,2024-04-26,금,중식,3299.0,닭볶음탕,"2,5,6,12,13,15,16,18"
명덕고등학교,7010158,2024-04-26,금,중식,3299.0,팝만두튀김*양상추샐러드,"1,5,6,10,16,18"
명덕고등학교,7010158,2024-04-26,금,중식,3299.0,깍두기,9
명덕고등학교,7010158,2024-04-26,금,중식,3299.0,무조미김,
명덕고등학교,7010158,2024-04-26,금,중식,3299.0,배,
명덕고등학교,7010158,2024-04-26,금,석식,447.0,잡곡밥,5
명덕고등학교,7010158,2024-04-26,금,석식,447.0,김치국,"5,6,9"
명덕고등학교,7010158,2024-04-26,금,석식,447.0,가지그라탕,"2,5,6,12,13,15,16,18"
명덕고등학교,7010158,2024-04-26,금,석식,447.0,미나리무생채,"5,9,13"
명덕고등학교,7010158,2024-04-26,금,석식,447.0,언양식바싹불고기(수제),"5,6,13,16,18"
명덕고등학교,7010158,2024-04-26,금,석식,447.0,깍두기,9
명덕고등학교,7010158,2024-04-27,토,조식,74.0,쌀밥,
명덕고등학교,7010158,2024-04-27,토,조식,74.0,계란국,"1,5,6"
명덕고등학교,7010158,2024-04-27,토,조식,74.0,두부조림,"5,6,13,16"
명덕고등학교,7010158,2024-04-27,토,조식,74.0,시금치나물,
명덕고등학교,7010158,2024-04-27,토,조식,74.0,맛김치,9
명덕고등학교,7010158,2024-04-27,토,조식,74.0,시리얼(스페셜K외),"1,2,4,5,6,10,14,16,18"
명덕고등학교,7010158,2024-04-27,토,조식,74.0,바나나,
명덕고등학교,7010158,2024-04-27,토,조식,74.0,우유&주스,"2,5,6,11,13"
명덕고등학교,7010158,2024-04-27,토,조식,74.0,훈제오리*야채무침(참깨소스),"1,2,5,6,16"
명덕고등학교,7010158,2024-04-29,월,조식,739.0,쌀밥,
명덕고등학교,7010158,2024-04-29,월,조식,739.0,야채죽,"1,5,6"
명덕고등학교,7010158,2024-04-29,월,조식,739.0,쑥갓어묵국,"5,6"
명덕고등학교,7010158,2024-04-29,월,조식,739.0,닭살카레볶음,"1,2,5,6,12,15,16,18"
명덕고등학교,7010158,2024-04-29,월,조식,739.0,맛김치,9
명덕고등학교,7010158,2024-04-29,월,조식,739.0,시리얼(스페셜K외),"1,2,4,5,6,10,14,16,18"
명덕고등학교,7010158,2024-04-29,월,조식,739.0,사과,
명덕고등학교,7010158,2024-04-29,월,조식,739.0,우유&주스,"2,5,6,11,13"
명덕고등학교,7010158,2024-04-29,월,조식,739.0,그래놀라샐러드(조식),"2,5,6,12"
명덕고등학교,7010158,2024-04-29,월,조식,739.0,새우완자,"1,5,6,8,9,12,16,18"
명덕고등학교,7010158,2024-04-29,월,중식,1619.0,잡곡밥,5
명덕고등학교,7010158,2024-04-29,월,중식,1619.0,등뼈감자탕,"5,6,10"
명덕고등학교,7010158,2024-04-29,월,중식,1619.0,버섯잡채,"5,6,10,13,16"
명덕고등학교,7010158,2024-04-29,월,중식,1619.0,청포묵흑임자무침,"1,5,6,16"
명덕고등학교,7010158,2024-04-29,월,중식,1619.0,배추김치,9
명덕고등학교,7010158,2024-04-29,월,중식,1619.0,부추명태살,"1,5,6,9,13,16,17,18"
명덕고등학교,7010158,2024-04-29,월,석식,817.0,잡곡밥,5
명덕고등학교,7010158,2024-04-29,월,석식,817.0,근대된장국,"5,6"
명덕고등학교,7010158,2024-04-29,월,석식,817.0,치즈닭갈비,"1,2,5,6,10,12,13,15,16,18"
명덕고등학교,7010158,2024-04-29,월,석식,817.0,도시락김(풀무원),
명덕고등학교,7010158,2024-04-29,월,석식,817.0,배추김치,9
명덕고등학교,7010158,2024-04-29,월,석식,817.0,감자샐러드(네모),"1,2,5,13,16"
명덕고등학교,7010158,2024-04-30,화,조식,739.0,쌀밥,
명덕고등학교,7010158,2024-04-30,화,조식,739.0,야채죽,"1,5,6"
명덕고등학교,7010158,2024-04-30,화,조식,739.0,감자핫도그,"1,2,5,6,10,12,16"
명덕고등학교,7010158,2024-04-30,화,조식,739.0,북어국,"1,5,6"
명덕고등학교,7010158,2024-04-30,화,조식,739.0,두부조림,"5,6,13,16"
명덕고등학교,7010158,2024-04-30,화,조식,739.0,오이무침,"5,6,9,13"
명덕고등학교,7010158,2024-04-30,화,조식,739.0,허니간장불고기,10
명덕고등학교,7010158,2024-04-30,화,조식,739.0,맛김치,9
명덕고등학교,7010158,2024-04-30,화,조식,739.0,시리얼(스페셜K외),"1,2,4,5,6,10,14,16,18"
명덕고등학교,7010158,2024-04-30,화,조식,739.0,파인애플,
명덕고등학교,7010158,2024-04-30,화,조식,739.0,우유&주스,"2,5,6,11,13"
명덕고등학교,7010158,2024-04-30,화,중식,1499.0,김치돈까스덮밥,"1,2,5,6,8,9,10,12,13"
명덕고등학교,7010158,2024-04-30,화,중식,1499.0,가쓰오장국,"1,2,5,6,7,9,13,16,18"
명덕고등학교,7010158,2024-04-30,화,중식,1499.0,깍두기,9
명덕고등학교,7010158,2024-04-30,화,중식,1499.0,셀러리포도샐러드,"1,2,5,12,14,16"
명덕고등학교,7010158,2024-04-30,화,중식,1499.0,너비아니*파채무침,"6,5,10,13,15,16,18"
명덕고등학교,7010158,2024-04-30,화,석식,804.0,잡곡밥,5
명덕고등학교,7010158,2024-04-30,화,석식,804.0,맑은콩나물국,"5,6"
명덕고등학교,7010158,2024-04-30,화,석식,804.0,보쌈*상추쌈,"5,6,10"
명덕고등학교,7010158,2024-04-30,화,석식,804.0,무말랭이무침,
명덕고등학교,7010158,2024-04-30,화,석식,804.0,녹두빈대떡,"2,5,6,9,10,12,16"
명덕고등학교,7010158,2024-04-30,화,석식,804.0,배추김치,9
명덕고등학교,7010158,2024-04-30,화,석식,804.0,상추쌈,
명덕고등학교,7010158,2024-05-01,수,조식,738.0,쌀밥,
명덕고등학교,7010158,2024-05-01,수,조식,738.0,야채죽,"1,5,6"
명덕고등학교,7010158,2024-05-01,수,조식,738.0,나주곰탕,"1,5,6,16"
명덕고등학교,7010158,2024-05-01,수,조식,738.0,맛김치,9
명덕고등학교,7010158,2024-05-01,수,조식,738.0,시리얼(스페셜K외),"1,2,5,6,10,14,16,18"
명덕고등학교,7010158,2024-05-01,수,조식,738.0,바나나,
명덕고등학교,7010158,2024-05-01,수,조식,738.0,우유&주스,"2,5,6,11,13"
명덕고등학교,7010158,2024-05-01,수,조식,738.0,그래놀라샐러드(조식),"2,5,6,12"
명덕고등학교,7010158,2024-05-01,수,조식,738.0,동그랑땡전,"1,5,6,10,12,16"
명덕고등학교,7010158,2024-05-01,수,조식,738.0,매실된장고등어살구이,7
명덕고등학교,7010158,2024-05-01,수,중식,1468.0,감자치즈푸틴,"2,5,6,12,13,16"
명덕고등학교,7010158,2024-05-01,수,중식,1468.0,오이피클,9
명덕고등학교,7010158,2024-05-01,수,중식,1468.0,볼로네제파스타,"1,2,5,6,10,12,13,15,16,18"
명덕고등학교,7010158,2024-05-01,수,중식,1468.0,칠리새우샐러드,"5,6,9,12"
명덕고등학교,7010158,2024-05-01,수,석식,488.0,잡곡밥,5
명덕고등학교,7010158,2024-05-01,수,석식,488.0,쇠고기우거지탕,"5,6,16"
명덕고등학교,7010158,2024-05-01,수,석식,488.0,청포묵김가루무침,
명덕고등학교,7010158,2024-05-01,수,석식,488.0,la갈비구이,"5,6,13,16,18"
명덕고등학교,7010158,2024-05-01,수,석식,488.0,양념깻잎지,"5,6"
명덕고등학교,7010158,2024-05-01,수,석식,488.0,배추김치,9
명덕고등학교,7010158,2024-05-02,목,조식,738.0,쌀밥,
명덕고등학교,7010158,2024-05-02,목,조식,738.0,야채죽,"1,5,6"
명덕고등학교,7010158,2024-05-02,목,조식,738.0,쇠고기무국,"1,5,6,16"
명덕고등학교,7010158,2024-05-02,목,조식,738.0,열탄오리불고기,"5,13"
명덕고등학교,7010158,2024-05-02,목,조식,738.0,두부구이*양념장,"1,5,6,13"
명덕고등학교,7010158,2024-05-02,목,조식,738.0,맛김치,9
명덕고등학교,7010158,2024-05-02,목,조식,738.0,시리얼(스페셜K외),"1,2,5,6,10,14,16,18"
명덕고등학교,7010158,2024-05-02,목,조식,738.0,사과,
명덕고등학교,7010158,2024-05-02,목,조식,738.0,우유&주스,"2,5,6,11,13"
명덕고등학교,7010158,2024-05-02,목,조식,738.0,울외장아찌,
명덕고등학교,7010158,2024-05-02,목,조식,738.0,빵(조식),"1,2,5,6,9,10,12,13,14,15,16,18"
명덕고등학교,7010158,2024-05-02,목,중식,932.0,쌀밥,
명덕고등학교,7010158,2024-05-02,목,중식,932.0,일식장국,"5,6"
명덕고등학교,7010158,2024-05-02,목,중식,932.0,고기찐만두,"1,5,6,10,16,18"
명덕고등학교,7010158,2024-05-02,목,중식,932.0,백김치,9
명덕고등학교,7010158,2024-05-02,목,중식,932.0,맛살콘샐러드(꽃맛살샐러드),"1,5,6,8,9,12,13,16,18"
명덕고등학교,7010158,2024-05-02,목,중식,932.0,육전비빔냉면,"1,2,3,5,6,15,16,18"
명덕고등학교,7010158,2024-05-02,목,석식,865.0,잡곡밥,5
명덕고등학교,7010158,2024-05-02,목,석식,865.0,누룽지장각백숙,"5,6,10,15,16"
명덕고등학교,7010158,2024-05-02,목,석식,865.0,계란찜,1
명덕고등학교,7010158,2024-05-02,목,석식,865.0,주꾸미야채볶음,"2,5,6,10,12,13,16,17,18"
명덕고등학교,7010158,2024-05-02,목,석식,865.0,배추김치,9
명덕고등학교,7010158,2024-05-02,목,석식,865.0,매실간장마늘쫑,"5,6"
명덕고등학교,7010158,2024-05-02,목,석식,865.0,골드키위,
명덕고등학교,7010158,2024-05-03,금,조식,738.0,쌀밥,
명덕고등학교,7010158,2024-05-03,금,조식,738.0,야채죽,"1,5,6"
명덕고등학교,7010158,2024-05-03,금,조식,738.0,얼갈이된장국,"5,6"
명덕고등학교,7010158,2024-05-03,금,조식,738.0,구운어묵볶음,"5,6,9,13,16,17,18"
명덕고등학교,7010158,2024-05-03,금,조식,738.0,맛김치,9
명덕고등학교,7010158,2024-05-03,금,조식,738.0,시리얼(스페셜K외),"1,2,5,6,10,14,16,18"
명덕고등학교,7010158,2024-05-03,금,조식,738.0,파인애플,
명덕고등학교,7010158,2024-05-03,금,조식,738.0,우유&주스,"2,5,6,11,13"
명덕고등학교,7010158,2024-05-03,금,조식,738.0,순살찜닭,"2,5,6,13,15,16"
명덕고등학교,7010158,2024-05-03,금,조식,738.0,단호박야채샐러드,"1,5"
명덕고등학교,7010158,2024-05-03,금,조식,738.0,구운계란,1
명덕고등학교,7010158,2024-05-03,금,중식,100.0,잡곡밥,5
명덕고등학교,7010158,2024-05-03,금,중식,100.0,청국장찌개(조식),"5,9,16"
명덕고등학교,7010158,2024-05-03,금,중식,100.0,청양풍찜닭,"5,6,13,15"
명덕고등학교,7010158,2024-05-03,금,중식,100.0,미나리무생채,13
명덕고등학교,7010158,2024-05-03,금,중식,100.0,계란말이,"1,5"
명덕고등학교,7010158,2024-05-03,금,중식,100.0,단호박야채샐러드,"1,5"
명덕고등학교,7010158,2024-05-03,금,중식,100.0,파김치,9
명덕고등학교,7010158,2024-05-07,화,조식,738.0,쌀밥,
명덕고등학교,7010158,2024-05-07,화,조식,738.0,쇠고기미역국,"5,6,16"
명덕고등학교,7010158,2024-05-07,화,조식,738.0,두부조림,"5,6,13,16"
명덕고등학교,7010158,2024-05-07,화,조식,738.0,허니간장불고기,10
명덕고등학교,7010158,2024-05-07,화,조식,738.0,맛김치,9
명덕고등학교,7010158,2024-05-07,화,조식,738.0,시리얼(스페셜K외),"1,2,5,6,10,14,16,18"
명덕고등학교,7010158,2024-05-07,화,조식,738.0,사과,
명덕고등학교,7010158,2024-05-07,화,조식,738.0,우유&주스,"2,5,6,11,13"
명덕고등학교,7010158,2024-05-07,화,조식,738.0,단호박견과샐러드,"1,2,5,6,16"
명덕고등학교,7010158,2024-05-07,화,조식,738.0,빵(조식),"1,2,5,6,9,10,12,13,14,15,16,18"
명덕고등학교,7010158,2024-05-07,화,중식,3301.0,잡곡밥,5
명덕고등학교,7010158,2024-05-07,화,중식,3301.0,쪽갈비찜,"2,5,6,10,13,16"
명덕고등학교,7010158,2024-05-07,화,중식,3301.0,계란찜,1
명덕고등학교,7010158,2024-05-07,화,중식,3301.0,깍두기,9
명덕고등학교,7010158,2024-05-07,화,중식,3301.0,토마토카프리제,"2,12,13"
명덕고등학교,7010158,2024-05-07,화,중식,3301.0,미나리곰탕,"5,6,16"
명덕고등학교,7010158,2024-05-07,화,석식,1004.0,잡곡밥,5
명덕고등학교,7010158,2024-05-07,화,석식,1004.0,꼬치어묵국,"5,6"
명덕고등학교,7010158,2024-05-07,화,석식,1004.0,단무지,
명덕고등학교,7010158,2024-05-07,화,석식,1004.0,야끼소바,"1,2,5,6,8,9,10,13,15,17,18"
명덕고등학교,7010158,2024-05-07,화,석식,1004.0,유린기,"1,2,5,6,12,13,15,16"
명덕고등학교,7010158,2024-05-07,화,석식,1004.0,사과호두샐러드,"2,14"
명덕고등학교,7010158,2024-05-08,수,조식,738.0,쌀밥,
명덕고등학교,7010158,2024-05-08,수,조식,738.0,육개장,"1,2,4,8,16"
명덕고등학교,7010158,2024-05-08,수,조식,738.0,시금치나물,
명덕고등학교,7010158,2024-05-08,수,조식,738.0,갈치구이(국내산바질향 갈치토막),"2,5,6,12,13,18"
명덕고등학교,7010158,2024-05-08,수,조식,738.0,맛김치,9
명덕고등학교,7010158,2024-05-08,수,조식,738.0,참외,
명덕고등학교,7010158,2024-05-08,수,조식,738.0,우유&주스,"2,5,6,11,13"
명덕고등학교,7010158,2024-05-08,수,조식,738.0,치킨너겟,"1,2,5,6,13,15"
명덕고등학교,7010158,2024-05-08,수,조식,738.0,시리얼(스페셜K외),"1,2,4,5,6,10,14,16,18"
명덕고등학교,7010158,2024-05-08,수,중식,3301.0,후리가케밥,"1,5,6"
명덕고등학교,7010158,2024-05-08,수,중식,3301.0,모밀국수(냉),"3,5,6,13"
명덕고등학교,7010158,2024-05-08,수,중식,3301.0,치즈돈까스*돈까스소스,"1,2,5,6,10"
명덕고등학교,7010158,2024-05-08,수,중식,3301.0,배추김치,9
명덕고등학교,7010158,2024-05-08,수,중식,3301.0,바나나,
명덕고등학교,7010158,2024-05-08,수,중식,3301.0,브라질너트알감자샐러드,"1,5,10,13"
명덕고등학교,7010158,2024-05-08,수,석식,660.0,잡곡밥,5
명덕고등학교,7010158,2024-05-08,수,석식,660.0,얼큰쇠고기무국,"5,6,16"
명덕고등학교,7010158,2024-05-08,수,석식,660.0,오이무침,"5,6,9,13"
명덕고등학교,7010158,2024-05-08,수,석식,660.0,춘천닭갈비,"2,5,6,12,13,15,18"
명덕고등학교,7010158,2024-05-08,수,석식,660.0,배추김치,9
명덕고등학교,7010158,2024-05-08,수,석식,660.0,무쌈,
명덕고등학교,7010158,2024-05-08,수,석식,660.0,오징어야채전,"1,5,6,17"
명덕고등학교,7010158,2024-05-09,목,조식,738.0,쌀밥,
명덕고등학교,7010158,2024-05-09,목,조식,738.0,갈빗살양념구이,"5,6,13,16,18"
명덕고등학교,7010158,2024-05-09,목,조식,738.0,콩나물국(밥),"1,5,9"
명덕고등학교,7010158,2024-05-09,목,조식,738.0,도토리묵*양념장,"5,6,13"
명덕고등학교,7010158,2024-05-09,목,조식,738.0,맛김치,9
명덕고등학교,7010158,2024-05-09,목,조식,738.0,파인애플,
명덕고등학교,7010158,2024-05-09,목,조식,738.0,우유&주스,"2,5,6,11,13"
명덕고등학교,7010158,2024-05-09,목,조식,738.0,토마토샐러드(믹스넛),"6,12,14"
명덕고등학교,7010158,2024-05-09,목,조식,738.0,시리얼(스페셜K외),"1,2,4,5,6,10,14,16,18"
명덕고등학교,7010158,2024-05-09,목,중식,3301.0,잡곡밥,5
명덕고등학교,7010158,2024-05-09,목,중식,3301.0,부대찌개,"1,2,5,6,9,10,12,15,16"
명덕고등학교,7010158,2024-05-09,목,중식,3301.0,코다리살튀김*강정소스,"1,2,5,6,12,15"
명덕고등학교,7010158,2024-05-09,목,중식,3301.0,도시락김,
명덕고등학교,7010158,2024-05-09,목,중식,3301.0,깍두기,9
명덕고등학교,7010158,2024-05-09,목,중식,3301.0,게맛살샐러드(어린잎),"1,2,5,6,8,14"
명덕고등학교,7010158,2024-05-09,목,석식,1008.0,잡곡밥,5
명덕고등학교,7010158,2024-05-09,목,석식,1008.0,떡국,"1,5,6,16"
명덕고등학교,7010158,2024-05-09,목,석식,1008.0,상추겉절이,"5,6,9,13"
명덕고등학교,7010158,2024-05-09,목,석식,1008.0,크림소스펜네,"1,2,5,6,10,13"
명덕고등학교,7010158,2024-05-09,목,석식,1008.0,제육볶음,"5,6,10,13,18"
명덕고등학교,7010158,2024-05-09,목,석식,1008.0,배추김치,9
명덕고등학교,7010158,2024-05-09,목,석식,1008.0,참외,
명덕고등학교,7010158,2024-05-10,금,조식,738.0,쌀밥,
명덕고등학교,7010158,2024-05-10,금,조식,738.0,김치국,"5,6,9"
명덕고등학교,7010158,2024-05-10,금,조식,738.0,멸치고추장조림(가이리),"5,6,13,14"
명덕고등학교,7010158,2024-05-10,금,조식,738.0,깍두기,9
명덕고등학교,7010158,2024-05-10,금,조식,738.0,배,
명덕고등학교,7010158,2024-05-10,금,조식,738.0,우유&주스,"2,5,6,11,13"
명덕고등학교,7010158,2024-05-10,금,조식,738.0,그래놀라샐러드(조식),"2,5,6,12"
명덕고등학교,7010158,2024-05-10,금,조식,738.0,시리얼(스페셜K외),"1,2,4,5,6,10,14,16,18"
명덕고등학교,7010158,2024-05-10,금,조식,738.0,쇠고기사태장조림(조식),"1,16"
명덕고등학교,7010158,2024-05-10,금,조식,738.0,전복죽(조식),"1,5,6,18"
명덕고등학교,7010158,2024-05-10,금,중식,3301.0,잡곡밥,5
명덕고등학교,7010158,2024-05-10,금,중식,3301.0,배추된장국,"5,6"
명덕고등학교,7010158,2024-05-10,금,중식,3301.0,청포묵김가루무침,
명덕고등학교,7010158,2024-05-10,금,중식,3301.0,돼지갈비구이,"1,2,5,6,10,15,16,18"
명덕고등학교,7010158,2024-05-10,금,중식,3301.0,깍두기,9
명덕고등학교,7010158,2024-05-10,금,중식,3301.0,사과,
명덕고등학교,7010158,2024-05-10,금,중식,3301.0,쌈무생채,"5,6"
명덕고등학교,7010158,2024-05-10,금,중식,3301.0,김치당면전,"5,6,9"
명덕고등학교,7010158,2024-05-10,금,석식,221.0,잡곡밥,5
명덕고등학교,7010158,2024-05-10,금,석식,221.0,순두부찌개,"1,5,6,9,10,16,18"
명덕고등학교,7010158,2024-05-10,금,석식,221.0,고구마베이컨오븐구이,"1,5,10"
명덕고등학교,7010158,2024-05-10,금,석식,221.0,함박스테이크,"1,2,5,6,10,12,15,16"
명덕고등학교,7010158,2024-05-10,금,석식,221.0,배추김치,9
명덕고등학교,7010158,2024-05-10,금,석식,221.0,그린샐러드,"1,2,5,6,12,16"
명덕고등학교,7010158,2024-05-10,금,석식,221.0,스위트콘소스,"1,5,13"
명덕고등학교,7010158,2024-05-11,토,조식,67.0,쌀밥,
명덕고등학교,7010158,2024-05-11,토,조식,67.0,아욱된장국,"5,6"
명덕고등학교,7010158,2024-05-11,토,조식,67.0,소세지야채볶음,"2,5,6,10,12,13,16,18"
명덕고등학교,7010158,2024-05-11,토,조식,67.0,깻잎지,"5,6"
명덕고등학교,7010158,2024-05-11,토,조식,67.0,맛김치,9
명덕고등학교,7010158,2024-05-11,토,조식,67.0,사과,
명덕고등학교,7010158,2024-05-11,토,조식,67.0,우유&주스,"2,5,6,11,13"
명덕고등학교,7010158,2024-05-11,토,조식,67.0,삼치구이,"5,6"
명덕고등학교,7010158,2024-05-11,토,조식,67.0,시리얼(스페셜K외),"1,2,4,5,6,10,14,16,18"
명덕고등학교,7010158,2024-05-13,월,조식,738.0,쌀밥,
명덕고등학교,7010158,2024-05-13,월,조식,738.0,쑥갓어묵국,"5,6"
명덕고등학교,7010158,2024-05-13,월,조식,738.0,계란찜,1
명덕고등학교,7010158,2024-05-13,월,조식,738.0,꽈리고추오징어볶음,"5,6,17"
명덕고등학교,7010158,2024-05-13,월,조식,738.0,맛김치,9
명덕고등학교,7010158,2024-05-13,월,조식,738.0,방울토마토,12
명덕고등학교,7010158,2024-05-13,월,조식,738.0,우유&주스,"2,5,6,11,13"
명덕고등학교,7010158,2024-05-13,월,조식,738.0,사과호두샐러드,"2,14"
명덕고등학교,7010158,2024-05-13,월,조식,738.0,시리얼(스페셜K외),"1,2,4,5,6,10,14,16,18"
명덕고등학교,7010158,2024-05-13,월,조식,738.0,빵(조식),"1,2,4,5,6,9,10,12,13,14,15,16,18"
명덕고등학교,7010158,2024-05-13,월,중식,3305.0,잡곡밥,5
명덕고등학교,7010158,2024-05-13,월,중식,3305.0,갈치무조림,"5,6,13"
명덕고등학교,7010158,2024-05-13,월,중식,3305.0,깍두기,9
명덕고등학교,7010158,2024-05-13,월,중식,3305.0,소시지샐러드,"1,2,5,6,10,15,16"
명덕고등학교,7010158,2024-05-13,월,중식,3305.0,아이스망고,
명덕고등학교,7010158,2024-05-13,월,중식,3305.0,장각온면,"1,5,6,10,13,15,16"
명덕고등학교,7010158,2024-05-13,월,석식,1263.0,쌀밥,
명덕고등학교,7010158,2024-05-13,월,석식,1263.0,북어국,"1,5,6"
명덕고등학교,7010158,2024-05-13,월,석식,1263.0,등갈비김치찜,"5,6,9,10,13"
명덕고등학교,7010158,2024-05-13,월,석식,1263.0,오꼬노미야끼,"1,5,6,9,10,13,17"
명덕고등학교,7010158,2024-05-13,월,석식,1263.0,깍두기,9
명덕고등학교,7010158,2024-05-13,월,석식,1263.0,마카로니샐러드,"1,5,6,8,9,12,13,16,18"
명덕고등학교,7010158,2024-05-14,화,조식,736.0,쌀밥,
명덕고등학교,7010158,2024-05-14,화,조식,736.0,쇠고기우거지탕,"5,6,16"
명덕고등학교,7010158,2024-05-14,화,조식,736.0,오이지무침,13
명덕고등학교,7010158,2024-05-14,화,조식,736.0,숯불고기*숙주,10
명덕고등학교,7010158,2024-05-14,화,조식,736.0,맛김치,9
명덕고등학교,7010158,2024-05-14,화,조식,736.0,사과,
명덕고등학교,7010158,2024-05-14,화,조식,736.0,우유&주스,"2,5,6,11,13"
명덕고등학교,7010158,2024-05-14,화,조식,736.0,감자샐러드(깍둑)-조식,"1,2,5"
명덕고등학교,7010158,2024-05-14,화,조식,736.0,시리얼(스페셜K외),"1,2,4,5,6,10,14,16,18"
명덕고등학교,7010158,2024-05-14,화,중식,3301.0,잡곡밥,5
명덕고등학교,7010158,2024-05-14,화,중식,3301.0,된장찌개,"5,6"
명덕고등학교,7010158,2024-05-14,화,중식,3301.0,버섯불고기,"5,6,13,16"
명덕고등학교,7010158,2024-05-14,화,중식,3301.0,오믈렛(지단)*케찹,"1,2,5,10,12"
명덕고등학교,7010158,2024-05-14,화,중식,3301.0,깻잎지,"5,6"
명덕고등학교,7010158,2024-05-14,화,중식,3301.0,배추김치,9
명덕고등학교,7010158,2024-05-14,화,중식,3301.0,케이크,"1,2,5,6"
명덕고등학교,7010158,2024-05-14,화,석식,921.0,잡곡밥,5
명덕고등학교,7010158,2024-05-14,화,석식,921.0,돼지갈비맛튀김,"1,2,5,6,10,12,16,18"
명덕고등학교,7010158,2024-05-14,화,석식,921.0,깍두기,9
명덕고등학교,7010158,2024-05-14,화,석식,921.0,메론,
명덕고등학교,7010158,2024-05-14,화,석식,921.0,일식샐러드*흑임자드레싱,"1,5,6,12"
명덕고등학교,7010158,2024-05-14,화,석식,921.0,마라탕,"5,6,9,13,15,16"
명덕고등학교,7010158,2024-05-15,수,조식,411.0,쌀밥,
명덕고등학교,7010158,2024-05-15,수,조식,411.0,쇠고기무국,"1,5,6,16"
명덕고등학교,7010158,2024-05-15,수,조식,411.0,감자채햄볶음,"1,2,5,6,10,15,16"
명덕고등학교,7010158,2024-05-15,수,조식,411.0,멸치견과볶음(유자),"5,13,14"
명덕고등학교,7010158,2024-05-15,수,조식,411.0,맛김치,9
명덕고등학교,7010158,2024-05-15,수,조식,411.0,바나나,
명덕고등학교,7010158,2024-05-15,수,조식,411.0,우유&주스,"2,5,6,11,13"
명덕고등학교,7010158,2024-05-15,수,조식,411.0,훈제오리*야채무침(참깨소스),"1,2,5,6,16"
명덕고등학교,7010158,2024-05-15,수,조식,411.0,시리얼(스페셜K외),"1,2,4,5,6,10,14,16,18"
명덕고등학교,7010158,2024-05-15,수,중식,451.0,잡곡밥,5
명덕고등학교,7010158,2024-05-15,수,중식,451.0,김치국,"5,6,9"
명덕고등학교,7010158,2024-05-15,수,중식,451.0,봉추찜닭,"2,5,6,13,15,16"
명덕고등학교,7010158,2024-05-15,수,중식,451.0,시금치나물,
명덕고등학교,7010158,2024-05-15,수,중식,451.0,두부강정,"1,2,5,6,12,15"
명덕고등학교,7010158,2024-05-15,수,중식,451.0,깍두기,9
명덕고등학교,7010158,2024-05-15,수,석식,276.0,잡곡밥,5
명덕고등학교,7010158,2024-05-15,수,석식,276.0,얼갈이된장국,"5,6"
명덕고등학교,7010158,2024-05-15,수,석식,276.0,계란찜,1
명덕고등학교,7010158,2024-05-15,수,석식,276.0,콩나물파채무침,"5,6,13"
명덕고등학교,7010158,2024-05-15,수,석식,276.0,제육볶음,"5,6,10,13,18"
명덕고등학교,7010158,2024-05-15,수,석식,276.0,배추김치,9
명덕고등학교,7010158,2024-05-16,목,조식,736.0,쌀밥,
명덕고등학교,7010158,2024-05-16,목,조식,736.0,물만두국,"1,5,6,10,15,16,18"
명덕고등학교,7010158,2024-05-16,목,조식,736.0,치즈포테이토오믈렛,"1,2,5,6,10,12,15,16"
명덕고등학교,7010158,2024-05-16,목,조식,736.0,맛김치,9
명덕고등학교,7010158,2024-05-16,목,조식,736.0,파인애플,
명덕고등학교,7010158,2024-05-16,목,조식,736.0,우유&주스,"2,5,6,11,13"
명덕고등학교,7010158,2024-05-16,목,조식,736.0,단호박카프리제,"2,13,14"
명덕고등학교,7010158,2024-05-16,목,조식,736.0,모듬야채*무쌈,"1,6,8,16"
명덕고등학교,7010158,2024-05-16,목,조식,736.0,시리얼(스페셜K외),"1,2,4,5,6,10,14,16,18"
명덕고등학교,7010158,2024-05-16,목,중식,3301.0,잡곡밥,5
명덕고등학교,7010158,2024-05-16,목,중식,3301.0,짬뽕수제비,"2,5,6,9,10,13,15,16,17,18"
명덕고등학교,7010158,2024-05-16,목,중식,3301.0,오이무침,"5,6,9,13"
명덕고등학교,7010158,2024-05-16,목,중식,3301.0,소고기가지볶음,"5,6,13,16"
명덕고등학교,7010158,2024-05-16,목,중식,3301.0,탕수육,"5,6,10,12,13,18"
명덕고등학교,7010158,2024-05-16,목,중식,3301.0,깍두기,9
명덕고등학교,7010158,2024-05-16,목,석식,1251.0,주먹밥,"1,2,5,6,10,15,16"
명덕고등학교,7010158,2024-05-16,목,석식,1251.0,우동국,"1,2,5,6,7,9,13,16,18"
명덕고등학교,7010158,2024-05-16,목,석식,1251.0,단무지,
명덕고등학교,7010158,2024-05-16,목,석식,1251.0,떡볶이(석식),"1,2,5,6,13,16"
명덕고등학교,7010158,2024-05-16,목,석식,1251.0,허니버터감자튀김,"1,2,5,6"
명덕고등학교,7010158,2024-05-16,목,석식,1251.0,팩주스,13
명덕고등학교,7010158,2024-05-17,금,조식,736.0,쌀밥,
명덕고등학교,7010158,2024-05-17,금,조식,736.0,야채죽,"1,5,6"
명덕고등학교,7010158,2024-05-17,금,조식,736.0,김치국,"5,6,9"
명덕고등학교,7010158,2024-05-17,금,조식,736.0,미니돈까스,"5,6,10,12,16,17,18"
명덕고등학교,7010158,2024-05-17,금,조식,736.0,깍두기,9
명덕고등학교,7010158,2024-05-17,금,조식,736.0,참외,
명덕고등학교,7010158,2024-05-17,금,조식,736.0,우유&주스,"2,5,6,11,13"
명덕고등학교,7010158,2024-05-17,금,조식,736.0,셀러리포도샐러드,"1,2,5,12,14,16"
명덕고등학교,7010158,2024-05-17,금,조식,736.0,가자미구이,"2,5,6,12,18"
명덕고등학교,7010158,2024-05-17,금,조식,736.0,시리얼(스페셜K외),"1,2,4,5,6,10,14,16,18"
명덕고등학교,7010158,2024-05-17,금,조식,736.0,빵(조식),"1,2,4,5,6,9,10,12,13,14,15,16,18"
명덕고등학교,7010158,2024-05-17,금,중식,2955.0,잡곡밥,5
명덕고등학교,7010158,2024-05-17,금,중식,2955.0,쇠고기미역국,"5,6,16"
명덕고등학교,7010158,2024-05-17,금,중식,2955.0,탕평채,"1,13"
명덕고등학교,7010158,2024-05-17,금,중식,2955.0,고추장삼겹살,"5,6,10,13,18"
명덕고등학교,7010158,2024-05-17,금,중식,2955.0,타코야끼,"1,5,6,10,13"
명덕고등학교,7010158,2024-05-17,금,중식,2955.0,배추김치,9
명덕고등학교,7010158,2024-05-17,금,석식,485.0,잡곡밥,5
명덕고등학교,7010158,2024-05-17,금,석식,485.0,순두부국,"1,5,6,9,13,16,18"
명덕고등학교,7010158,2024-05-17,금,석식,485.0,청양풍찜닭,"2,5,6,13,15,16"
명덕고등학교,7010158,2024-05-17,금,석식,485.0,얼갈이된장무침,"5,6"
명덕고등학교,7010158,2024-05-17,금,석식,485.0,매콤어묵잡채,"5,6"
명덕고등학교,7010158,2024-05-17,금,석식,485.0,깍두기,9
명덕고등학교,7010158,2024-05-18,토,조식,50.0,쌀밥,
명덕고등학교,7010158,2024-05-18,토,조식,50.0,계란국,"1,5,6"
명덕고등학교,7010158,2024-05-18,토,조식,50.0,시금치나물,
명덕고등학교,7010158,2024-05-18,토,조식,50.0,열탄오리불고기,"5,13"
명덕고등학교,7010158,2024-05-18,토,조식,50.0,도시락김(풀무원),
명덕고등학교,7010158,2024-05-18,토,조식,50.0,맛김치,9
명덕고등학교,7010158,2024-05-18,토,조식,50.0,사과,
명덕고등학교,7010158,2024-05-18,토,조식,50.0,우유&주스,"2,5,6,11,13"
명덕고등학교,7010158,2024-05-18,토,조식,50.0,시리얼(스페셜K외),"1,2,4,5,6,10,14,16,18"
명덕고등학교,7010158,2024-05-20,월,조식,367.0,소고기표고밥*양념장,16
명덕고등학교,7010158,2024-05-20,월,조식,367.0,연두부탕,"1,5,6,9"
명덕고등학교,7010158,2024-05-20,월,조식,367.0,쪽파김무침,"5,6,13"
명덕고등학교,7010158,2024-05-20,월,조식,367.0,진미채볶음,"1,5,6,13,17"
명덕고등학교,7010158,2024-05-20,월,조식,367.0,멘츠까스,"1,5,6,10"
명덕고등학교,7010158,2024-05-20,월,조식,367.0,맛김치,9
명덕고등학교,7010158,2024-05-20,월,조식,367.0,사과,
명덕고등학교,7010158,2024-05-20,월,조식,367.0,우유&주스,"2,5,6,11,13"
명덕고등학교,7010158,2024-05-20,월,조식,367.0,시리얼(스페셜K외),"1,2,4,5,6,10,14,16,18"
명덕고등학교,7010158,2024-05-20,월,중식,2769.0,잡곡밥,5
명덕고등학교,7010158,2024-05-20,월,중식,2769.0,어묵우동국,"1,2,5,6,7,9,13,16,18"
명덕고등학교,7010158,2024-05-20,월,중식,2769.0,멸치고추장조림(가이리),"5,6,13"
명덕고등학교,7010158,2024-05-20,월,중식,2769.0,파닭치킨까스,"2,5,6,12,13,15"
명덕고등학교,7010158,2024-05-20,월,중식,2769.0,배추김치,9
명덕고등학교,7010158,2024-05-20,월,중식,2769.0,감자샐러드(네모),"1,5,13"
명덕고등학교,7010158,2024-05-20,월,석식,827.0,잡곡밥,5
명덕고등학교,7010158,2024-05-20,월,석식,827.0,병천순대국(세트),"5,6,9,10,15"
명덕고등학교,7010158,2024-05-20,월,석식,827.0,풋고추쌈장무침,"5,6"
명덕고등학교,7010158,2024-05-20,월,석식,827.0,오징어볶음,"5,6,13,17"
명덕고등학교,7010158,2024-05-20,월,석식,827.0,깍두기,9
명덕고등학교,7010158,2024-05-20,월,석식,827.0,바나나,
명덕고등학교,7010158,2024-05-21,화,조식,297.0,쌀밥,
명덕고등학교,7010158,2024-05-21,화,조식,297.0,떡국,"1,5,6,16"
명덕고등학교,7010158,2024-05-21,화,조식,297.0,오이무침,"5,6,9,13"
명덕고등학교,7010158,2024-05-21,화,조식,297.0,굴비구이,
명덕고등학교,7010158,2024-05-21,화,조식,297.0,맛김치,9
명덕고등학교,7010158,2024-05-21,화,조식,297.0,파인애플,
명덕고등학교,7010158,2024-05-21,화,조식,297.0,우유&주스,"2,5,6,11,13"
명덕고등학교,7010158,2024-05-21,화,조식,297.0,떡갈비조림,"2,5,6,10,13,16"
명덕고등학교,7010158,2024-05-21,화,조식,297.0,시리얼(스페셜K외),"1,2,4,5,6,10,14,16,18"
명덕고등학교,7010158,2024-05-21,화,중식,2765.0,쌀밥,
명덕고등학교,7010158,2024-05-21,화,중식,2765.0,맑은콩나물국,"5,6"
명덕고등학교,7010158,2024-05-21,화,중식,2765.0,계란찜,1
명덕고등학교,7010158,2024-05-21,화,중식,2765.0,미나리무생채,"5,9,13"
명덕고등학교,7010158,2024-05-21,화,중식,2765.0,낙지새우볶음,"2,5,6,9,10,13,15,16,17,18"
명덕고등학교,7010158,2024-05-21,화,중식,2765.0,배추김치,9
명덕고등학교,7010158,2024-05-21,화,중식,2765.0,사과,
명덕고등학교,7010158,2024-05-21,화,석식,808.0,잡곡밥,5
명덕고등학교,7010158,2024-05-21,화,석식,808.0,잔치국수,"1,5,6,9"
명덕고등학교,7010158,2024-05-21,화,석식,808.0,메추리알장조림,"1,5,6,13"
명덕고등학교,7010158,2024-05-21,화,석식,808.0,묵은지닭볶음탕,"5,6,9,13,15"
명덕고등학교,7010158,2024-05-21,화,석식,808.0,깍두기,9
명덕고등학교,7010158,2024-05-21,화,석식,808.0,참외샐러드,"2,5"
명덕고등학교,7010158,2024-05-22,수,조식,297.0,쌀밥,
명덕고등학교,7010158,2024-05-22,수,조식,297.0,구운어묵볶음,"5,6,9,13,16,17,18"
명덕고등학교,7010158,2024-05-22,수,조식,297.0,와규큐브찹스테이크,16
명덕고등학교,7010158,2024-05-22,수,조식,297.0,맛김치,9
명덕고등학교,7010158,2024-05-22,수,조식,297.0,골드키위,
명덕고등학교,7010158,2024-05-22,수,조식,297.0,우유&주스,"2,5,6,11,13"
명덕고등학교,7010158,2024-05-22,수,조식,297.0,그래놀라샐러드(조식),"2,5,6,12"
명덕고등학교,7010158,2024-05-22,수,조식,297.0,시리얼(스페셜K외),"1,2,4,5,6,10,14,16,18"
명덕고등학교,7010158,2024-05-22,수,조식,297.0,감자옹심이국,17
명덕고등학교,7010158,2024-05-22,수,중식,2765.0,쌀밥,
명덕고등학교,7010158,2024-05-22,수,중식,2765.0,미역국,"5,6"
명덕고등학교,7010158,2024-05-22,수,중식,2765.0,무말랭이무침,
명덕고등학교,7010158,2024-05-22,수,중식,2765.0,백김치,9
명덕고등학교,7010158,2024-05-22,수,중식,2765.0,수육-교,"5,6,9,10"
명덕고등학교,7010158,2024-05-22,수,중식,2765.0,막국수,"3,5,6,13"
명덕고등학교,7010158,2024-05-22,수,중식,2765.0,갈비만두,"5,6,10,15,16,18"
명덕고등학교,7010158,2024-05-22,수,석식,440.0,짜장볶음밥,"1,2,5,6,9,10,13,15,16"
명덕고등학교,7010158,2024-05-22,수,석식,440.0,김치국,"5,6,9"
명덕고등학교,7010158,2024-05-22,수,석식,440.0,토마토닭가슴살냉채,"5,6,12,13,15"
명덕고등학교,7010158,2024-05-22,수,석식,440.0,폭립*웻지감자,"5,10"
명덕고등학교,7010158,2024-05-22,수,석식,440.0,깍두기,9
명덕고등학교,7010158,2024-05-22,수,석식,440.0,파인애플,
명덕고등학교,7010158,2024-05-23,목,조식,297.0,쌀밥,
명덕고등학교,7010158,2024-05-23,목,조식,297.0,근대된장국,"5,6"
명덕고등학교,7010158,2024-05-23,목,조식,297.0,버섯불고기,"5,6,13,16,18"
명덕고등학교,7010158,2024-05-23,목,조식,297.0,전복버터구이,"2,18"
명덕고등학교,7010158,2024-05-23,목,조식,297.0,맛김치,9
명덕고등학교,7010158,2024-05-23,목,조식,297.0,메론,
명덕고등학교,7010158,2024-05-23,목,조식,297.0,우유&주스,"2,5,6,11,13"
명덕고등학교,7010158,2024-05-23,목,조식,297.0,연근사과샐러드,"1,5,6,14"
명덕고등학교,7010158,2024-05-23,목,조식,297.0,누룽지,
명덕고등학교,7010158,2024-05-23,목,조식,297.0,시리얼(스페셜K외),"1,2,4,5,6,10,14,16,18"
명덕고등학교,7010158,2024-05-23,목,중식,2765.0,잡곡밥,5
명덕고등학교,7010158,2024-05-23,목,중식,2765.0,또띠아*갈릭딥핑소스,"1,2,5,6,13"
명덕고등학교,7010158,2024-05-23,목,중식,2765.0,쇠고기무국,"1,5,6,16"
명덕고등학교,7010158,2024-05-23,목,중식,2765.0,골뱅이야채무침,"5,6,13"
명덕고등학교,7010158,2024-05-23,목,중식,2765.0,버섯잡채,"5,6,10,13,16"
명덕고등학교,7010158,2024-05-23,목,중식,2765.0,닭불고기,"5,6,12,13,15"
명덕고등학교,7010158,2024-05-23,목,중식,2765.0,배추김치,9
명덕고등학교,7010158,2024-05-23,목,석식,736.0,잡곡밥,5
명덕고등학교,7010158,2024-05-23,목,석식,736.0,묵사발,"5,6,9,16"
명덕고등학교,7010158,2024-05-23,목,석식,736.0,돈까스*소스,"5,6,10,12,17,18"
명덕고등학교,7010158,2024-05-23,목,석식,736.0,배추김치,9
명덕고등학교,7010158,2024-05-23,목,석식,736.0,매실간장마늘쫑,"5,6"
명덕고등학교,7010158,2024-05-23,목,석식,736.0,맛살콘샐러드(꽃맛살샐러드),"1,5,6,8,9,12,13,16,18"
명덕고등학교,7010158,2024-05-24,금,조식,219.0,쌀밥,
명덕고등학교,7010158,2024-05-24,금,조식,219.0,건새우무국,"5,6,9"
명덕고등학교,7010158,2024-05-24,금,조식,219.0,두부조림,"5,6,13,16"
명덕고등학교,7010158,2024-05-24,금,조식,219.0,닭고기마늘구이,"5,6,13,15"
명덕고등학교,7010158,2024-05-24,금,조식,219.0,맛김치,9
명덕고등학교,7010158,2024-05-24,금,조식,219.0,시리얼(스페셜K외),"1,2,4,5,6,10,14,16,18"
명덕고등학교,7010158,2024-05-24,금,조식,219.0,우유&주스,"2,5,6,11,13"
명덕고등학교,7010158,2024-05-24,금,조식,219.0,배,
명덕고등학교,7010158,2024-05-24,금,조식,219.0,토마토샐러드(믹스넛),"5,6,12,14"
명덕고등학교,7010158,2024-05-24,금,중식,2545.0,잡곡밥,5
명덕고등학교,7010158,2024-05-24,금,중식,2545.0,육개장,"1,5,16"
명덕고등학교,7010158,2024-05-24,금,중식,2545.0,가지그라탕,"2,5,6,12,13,15,16,18"
명덕고등학교,7010158,2024-05-24,금,중식,2545.0,새우꼬치,"1,2,5,6,9,10,16"
명덕고등학교,7010158,2024-05-24,금,중식,2545.0,깍두기,9
명덕고등학교,7010158,2024-05-24,금,중식,2545.0,파래김자반,5
명덕고등학교,7010158,2024-05-24,금,중식,2545.0,메론,
명덕고등학교,7010158,2024-05-24,금,석식,519.0,잡곡밥,5
명덕고등학교,7010158,2024-05-24,금,석식,519.0,불고기전골*당면사리,"2,5,6,12,13,16,18"
명덕고등학교,7010158,2024-05-24,금,석식,519.0,고등어조림,"5,6,7,13"
명덕고등학교,7010158,2024-05-24,금,석식,519.0,스팸구이,"2,5,6,10,12,16"
명덕고등학교,7010158,2024-05-24,금,석식,519.0,볶음김치,"5,9"
명덕고등학교,7010158,2024-05-25,토,조식,32.0,쌀밥,
명덕고등학교,7010158,2024-05-25,토,조식,32.0,배추된장국,"5,6"
명덕고등학교,7010158,2024-05-25,토,조식,32.0,계란찜,1
명덕고등학교,7010158,2024-05-25,토,조식,32.0,열탄불고기,"1,5,6,10,13"
명덕고등학교,7010158,2024-05-25,토,조식,32.0,맛김치,9
명덕고등학교,7010158,2024-05-25,토,조식,32.0,시리얼(스페셜K외),"1,2,4,5,6,10,14,16,18"
명덕고등학교,7010158,2024-05-25,토,조식,32.0,우유&주스,"2,5,6,11,13"
명덕고등학교,7010158,2024-05-25,토,조식,32.0,바나나,
명덕고등학교,7010158,2024-05-25,토,조식,32.0,간장무채장아찌,"5,6,8,9,18"
명덕고등학교,7010158,2024-05-27,월,조식,735.0,쌀밥,
명덕고등학교,7010158,2024-05-27,월,조식,735.0,매운콩나물국,"5,6"
명덕고등학교,7010158,2024-05-27,월,조식,735.0,고구마순들깨볶음,5
명덕고등학교,7010158,2024-05-27,월,조식,735.0,해쉬브라운*케찹,"5,6,12"
명덕고등학교,7010158,2024-05-27,월,조식,735.0,구운계란,1
명덕고등학교,7010158,2024-05-27,월,조식,735.0,맛김치,9
명덕고등학교,7010158,2024-05-27,월,조식,735.0,시리얼(스페셜K외),"1,2,4,5,6,10,14,16,18"
명덕고등학교,7010158,2024-05-27,월,조식,735.0,우유&주스,"2,5,6,11,13"
명덕고등학교,7010158,2024-05-27,월,조식,735.0,사과,
명덕고등학교,7010158,2024-05-27,월,조식,735.0,훈제오리*야채무침(참깨소스),"1,2,5,6,16"
명덕고등학교,7010158,2024-05-27,월,중식,3105.0,잡곡밥,5
명덕고등학교,7010158,2024-05-27,월,중식,3105.0,참치김치찌개,"5,9,13"
명덕고등학교,7010158,2024-05-27,월,중식,3105.0,당근양배추라페샐러드,13
명덕고등학교,7010158,2024-05-27,월,중식,3105.0,제육볶음,"5,6,10,13,18"
명덕고등학교,7010158,2024-05-27,월,중식,3105.0,두부커틀렛,"5,6,13"
명덕고등학교,7010158,2024-05-27,월,중식,3105.0,깍두기,9
명덕고등학교,7010158,2024-05-27,월,석식,1265.0,잡곡밥,5
명덕고등학교,7010158,2024-05-27,월,석식,1265.0,돈육감자탕,"5,6,10"
명덕고등학교,7010158,2024-05-27,월,석식,1265.0,연근조림,"5,6,13"
명덕고등학교,7010158,2024-05-27,월,석식,1265.0,스페니쉬오믈렛*케찹,"1,2,5,6,10,12,15,16"
명덕고등학교,7010158,2024-05-27,월,석식,1265.0,가자미튀김*깐풍소스,"5,6,12,13"
명덕고등학교,7010158,2024-05-27,월,석식,1265.0,배추김치,9
명덕고등학교,7010158,2024-05-28,화,조식,735.0,쌀밥,
명덕고등학교,7010158,2024-05-28,화,조식,735.0,빵(조식),"1,2,5,6,9,10,12,13,14,15,16,18"
명덕고등학교,7010158,2024-05-28,화,조식,735.0,쇠고기무국,"1,5,6,16"
명덕고등학교,7010158,2024-05-28,화,조식,735.0,우엉잡채,"5,6,13"
명덕고등학교,7010158,2024-05-28,화,조식,735.0,직접구워먹는사이미트,"1,2,5,6,12,13,15,16"
명덕고등학교,7010158,2024-05-28,화,조식,735.0,맛김치,9
명덕고등학교,7010158,2024-05-28,화,조식,735.0,시리얼(스페셜K외),"1,2,4,5,6,10,14,16,18"
명덕고등학교,7010158,2024-05-28,화,조식,735.0,우유&주스,"2,5,6,11,13"
명덕고등학교,7010158,2024-05-28,화,조식,735.0,다시마브로콜리초회9,"5,6,13,17"
명덕고등학교,7010158,2024-05-28,화,조식,735.0,방울토마토,12
명덕고등학교,7010158,2024-05-28,화,중식,3101.0,잡곡밥,5
명덕고등학교,7010158,2024-05-28,화,중식,3101.0,평양식만둣국,"1,5,6,10,13,15,16,18"
명덕고등학교,7010158,2024-05-28,화,중식,3101.0,단무지무침,
명덕고등학교,7010158,2024-05-28,화,중식,3101.0,청포묵흑임자무침,"1,5,6,16"
명덕고등학교,7010158,2024-05-28,화,중식,3101.0,닭볶음탕,"2,5,6,12,13,15,16,18"
명덕고등학교,7010158,2024-05-28,화,중식,3101.0,파인애플,
명덕고등학교,7010158,2024-05-28,화,석식,1247.0,일식장국,"5,6"
명덕고등학교,7010158,2024-05-28,화,석식,1247.0,소고기참나물무침,"5,6,13,16,18"
명덕고등학교,7010158,2024-05-28,화,석식,1247.0,마파두부덮밥,"5,6,9,10,12,13,16,17,18"
명덕고등학교,7010158,2024-05-28,화,석식,1247.0,꿔바로우,"1,5,6,10,11,12,13"
명덕고등학교,7010158,2024-05-28,화,석식,1247.0,배추김치,9
명덕고등학교,7010158,2024-05-28,화,석식,1247.0,참외,
명덕고등학교,7010158,2024-05-29,수,조식,735.0,쌀밥,
명덕고등학교,7010158,2024-05-29,수,조식,735.0,쇠고기미역죽,"1,5,6,16"
명덕고등학교,7010158,2024-05-29,수,조식,735.0,북어국,"1,5,6"
명덕고등학교,7010158,2024-05-29,수,조식,735.0,울외장아찌,
명덕고등학교,7010158,2024-05-29,수,조식,735.0,참치김치볶음*두부,"5,9"
명덕고등학교,7010158,2024-05-29,수,조식,735.0,알감자베이컨구이,"1,2,5,6,10"
명덕고등학교,7010158,2024-05-29,수,조식,735.0,깍두기,9
명덕고등학교,7010158,2024-05-29,수,조식,735.0,시리얼(스페셜K외),"1,2,4,5,6,10,14,16,18"
명덕고등학교,7010158,2024-05-29,수,조식,735.0,우유&주스,"2,5,6,11,13"
명덕고등학교,7010158,2024-05-29,수,조식,735.0,체리,
명덕고등학교,7010158,2024-05-29,수,중식,3101.0,차돌숙주덮밥,"5,6,12,13,16"
명덕고등학교,7010158,2024-05-29,수,중식,3101.0,미역국,"5,6"
명덕고등학교,7010158,2024-05-29,수,중식,3101.0,허니순살치킨,"1,5,6,15"
명덕고등학교,7010158,2024-05-29,수,중식,3101.0,깍두기,9
명덕고등학교,7010158,2024-05-29,수,중식,3101.0,그래놀라샐러드,"5,6,12"
명덕고등학교,7010158,2024-05-29,수,석식,632.0,잡곡밥,5
명덕고등학교,7010158,2024-05-29,수,석식,632.0,얼갈이된장국,"5,6"
명덕고등학교,7010158,2024-05-29,수,석식,632.0,계란찜,1
명덕고등학교,7010158,2024-05-29,수,석식,632.0,콩나물파채무침,"5,6,13"
명덕고등학교,7010158,2024-05-29,수,석식,632.0,삼겹살허브구이,"5,10"
명덕고등학교,7010158,2024-05-29,수,석식,632.0,배추김치,9
명덕고등학교,7010158,2024-05-30,목,조식,735.0,쌀밥,
명덕고등학교,7010158,2024-05-30,목,조식,735.0,빵(조식),"1,2,5,6,9,10,12,13,14,15,16,18"
명덕고등학교,7010158,2024-05-30,목,조식,735.0,쑥갓어묵국,"5,6"
명덕고등학교,7010158,2024-05-30,목,조식,735.0,계란장조림,"1,5,6,13"
명덕고등학교,7010158,2024-05-30,목,조식,735.0,닭살카레볶음,"2,5,6,12,15,18"
명덕고등학교,7010158,2024-05-30,목,조식,735.0,맛김치,9
명덕고등학교,7010158,2024-05-30,목,조식,735.0,시리얼(스페셜K외),"1,2,4,5,6,10,14,16,18"
명덕고등학교,7010158,2024-05-30,목,조식,735.0,우유&주스,"2,5,6,11,13"
명덕고등학교,7010158,2024-05-30,목,조식,735.0,사과,
명덕고등학교,7010158,2024-05-30,목,조식,735.0,포도샐러드,"1,2,5,6,12,14,16"
명덕고등학교,7010158,2024-05-30,목,중식,3101.0,잡곡밥,5
명덕고등학교,7010158,2024-05-30,목,중식,3101.0,순두부찌개,"1,5,6,9,10,16,18"
명덕고등학교,7010158,2024-05-30,목,중식,3101.0,문어커틀렛타코야끼,"1,5,6,16,17"
명덕고등학교,7010158,2024-05-30,목,중식,3101.0,배추김치,9
명덕고등학교,7010158,2024-05-30,목,중식,3101.0,허니버터옥수수,"1,2,5,13"
명덕고등학교,7010158,2024-05-30,목,중식,3101.0,코코넛칩망고샐러드,"1,2,5,6,12"
명덕고등학교,7010158,2024-05-30,목,석식,1253.0,스팸마요덮밥,"1,2,5,6,10,13,16"
명덕고등학교,7010158,2024-05-30,목,석식,1253.0,가쓰오장국,"1,2,5,6,7,9,13,16,18"
명덕고등학교,7010158,2024-05-30,목,석식,1253.0,파채무침,"5,6,13"
명덕고등학교,7010158,2024-05-30,목,석식,1253.0,고기완자지짐,"1,2,5,6,10,13,15,16"
명덕고등학교,7010158,2024-05-30,목,석식,1253.0,배추김치,9
명덕고등학교,7010158,2024-05-30,목,석식,1253.0,신고배,
명덕고등학교,7010158,2024-05-30,목,석식,1253.0,토마토카프리제,"2,12,13"
명덕고등학교,7010158,2024-05-31,금,조식,735.0,쌀밥,
명덕고등학교,7010158,2024-05-31,금,조식,735.0,오징어무국,"5,6,17"
명덕고등학교,7010158,2024-05-31,금,조식,735.0,새우동그랑땡,"1,5,6,8,9,12,16,18"
명덕고등학교,7010158,2024-05-31,금,조식,735.0,포크큐브스테이크,"1,2,5,6,10,12,15,16"
명덕고등학교,7010158,2024-05-31,금,조식,735.0,맛김치,9
명덕고등학교,7010158,2024-05-31,금,조식,735.0,시리얼(스페셜K외),"1,2,4,5,6,10,14,16,18"
명덕고등학교,7010158,2024-05-31,금,조식,735.0,우유&주스,"2,5,6,11,13"
명덕고등학교,7010158,2024-05-31,금,조식,735.0,파인애플,
명덕고등학교,7010158,2024-05-31,금,조식,735.0,시저샐러드,"1,2,5,6,10,12"
명덕고등학교,7010158,2024-05-31,금,중식,3101.0,잡곡밥,5
명덕고등학교,7010158,2024-05-31,금,중식,3101.0,된장찌개,"5,6"
명덕고등학교,7010158,2024-05-31,금,중식,3101.0,시금치나물,
명덕고등학교,7010158,2024-05-31,금,중식,3101.0,나주식오리불고기,5
명덕고등학교,7010158,2024-05-31,금,중식,3101.0,수제치즈감자전,"2,5,6"
명덕고등학교,7010158,2024-05-31,금,중식,3101.0,배추김치,9
명덕고등학교,7010158,2024-05-31,금,중식,3101.0,수박,
명덕고등학교,7010158,2024-05-31,금,석식,544.0,잡곡밥,5
명덕고등학교,7010158,2024-05-31,금,석식,544.0,쌀국수,"2,5,6,12,13,15,16,18"
명덕고등학교,7010158,2024-05-31,금,석식,544.0,닭다리오븐구이,"1,5,6,13,15"
명덕고등학교,7010158,2024-05-31,금,석식,544.0,깍두기,9
명덕고등학교,7010158,2024-05-31,금,석식,544.0,새우롤짜조샐러드,"1,2,5,6,9,12,13,16"
명덕고등학교,7010158,2024-06-01,토,조식,79.0,쌀밥,
명덕고등학교,7010158,2024-06-01,토,조식,79.0,김치국,"5,6,9"
명덕고등학교,7010158,2024-06-01,토,조식,79.0,계란찜,1
명덕고등학교,7010158,2024-06-01,토,조식,79.0,고기완자전(조식),"1,5,6,10,16"
명덕고등학교,7010158,2024-06-01,토,조식,79.0,맛김치,9
명덕고등학교,7010158,2024-06-01,토,조식,79.0,시리얼(스페셜K외),"1,2,5,6,10,14,16,18"
명덕고등학교,7010158,2024-06-01,토,조식,79.0,우유&주스,"2,5,6,11,13"
명덕고등학교,7010158,2024-06-01,토,조식,79.0,매실간장마늘쫑,"5,6"
명덕고등학교,7010158,2024-06-01,토,조식,79.0,파인애플,
명덕고등학교,7010158,2024-06-03,월,조식,729.0,쌀밥,
명덕고등학교,7010158,2024-06-03,월,조식,729.0,빵(조식),"1,2,5,6,9,10,12,13,14,15,16,18"
명덕고등학교,7010158,2024-06-03,월,조식,729.0,계란국,"1,5,6"
명덕고등학교,7010158,2024-06-03,월,조식,729.0,버섯불고기,"5,6,13,16,18"
명덕고등학교,7010158,2024-06-03,월,조식,729.0,알감자베이컨구이,"1,2,5,6,10"
명덕고등학교,7010158,2024-06-03,월,조식,729.0,맛김치,9
명덕고등학교,7010158,2024-06-03,월,조식,729.0,시리얼(스페셜K외),"1,2,5,6,10,14,16,18"
명덕고등학교,7010158,2024-06-03,월,조식,729.0,우유&주스,"2,5,6,11,13"
명덕고등학교,7010158,2024-06-03,월,조식,729.0,사과,
명덕고등학교,7010158,2024-06-03,월,조식,729.0,그래놀라샐러드(조식),"2,5,6,12"
명덕고등학교,7010158,2024-06-03,월,중식,3292.0,잡곡밥,5
명덕고등학교,7010158,2024-06-03,월,중식,3292.0,묵사발,"2,5,6,9,13,15,16,18"
명덕고등학교,7010158,2024-06-03,월,중식,3292.0,제육볶음,"5,6,10,13"
명덕고등학교,7010158,2024-06-03,월,중식,3292.0,깐풍오징어,"1,5,6,12,13,17"
명덕고등학교,7010158,2024-06-03,월,중식,3292.0,깍두기,9
명덕고등학교,7010158,2024-06-03,월,중식,3292.0,바나나,
명덕고등학교,7010158,2024-06-03,월,석식,1243.0,잡곡밥,5
명덕고등학교,7010158,2024-06-03,월,석식,1243.0,쑥갓어묵국,"5,6"
명덕고등학교,7010158,2024-06-03,월,석식,1243.0,배추나물,
명덕고등학교,7010158,2024-06-03,월,석식,1243.0,치즈닭갈비,"1,2,5,6,10,12,13,15,16,18"
명덕고등학교,7010158,2024-06-03,월,석식,1243.0,타코야끼,"1,5,6,10,13"
명덕고등학교,7010158,2024-06-03,월,석식,1243.0,깍두기,9
명덕고등학교,7010158,2024-06-04,화,조식,729.0,장조림비빔밥,"1,2,5,6,10,13,16"
명덕고등학교,7010158,2024-06-04,화,조식,729.0,얼갈이된장국,"5,6"
명덕고등학교,7010158,2024-06-04,화,조식,729.0,멸치고추장조림(가이리),"5,6,13,14"
명덕고등학교,7010158,2024-06-04,화,조식,729.0,멘츠까스,"1,5,6,10"
명덕고등학교,7010158,2024-06-04,화,조식,729.0,맛김치,9
명덕고등학교,7010158,2024-06-04,화,조식,729.0,시리얼(스페셜K외),"1,2,5,6,10,14,16,18"
명덕고등학교,7010158,2024-06-04,화,조식,729.0,우유&주스,"2,5,6,11,13"
명덕고등학교,7010158,2024-06-04,화,조식,729.0,파인애플,
명덕고등학교,7010158,2024-06-04,화,조식,729.0,토마토샐러드(믹스넛),"6,12,14"
명덕고등학교,7010158,2024-06-04,화,중식,2530.0,잡곡밥,5
명덕고등학교,7010158,2024-06-04,화,중식,2530.0,매운콩나물국,"5,6"
명덕고등학교,7010158,2024-06-04,화,중식,2530.0,묵은지된장지짐,"5,6,9"
명덕고등학교,7010158,2024-06-04,화,중식,2530.0,팽이버섯맛살전,"1,5,6,8,12"
명덕고등학교,7010158,2024-06-04,화,중식,2530.0,돼지la갈비구이,"1,2,5,6,10,15,16,18"
명덕고등학교,7010158,2024-06-04,화,중식,2530.0,깍두기,9
명덕고등학교,7010158,2024-06-04,화,중식,2530.0,메론,
명덕고등학교,7010158,2024-06-04,화,석식,950.0,잡곡밥,5
명덕고등학교,7010158,2024-06-04,화,석식,950.0,닭곰탕,"1,5,6,10,15,16"
명덕고등학교,7010158,2024-06-04,화,석식,950.0,풋고추쌈장무침,"5,6"
명덕고등학교,7010158,2024-06-04,화,석식,950.0,소세지볶음,"2,5,6,10,12,13,16,18"
명덕고등학교,7010158,2024-06-04,화,석식,950.0,가자미구이,"2,5,6,12,13,18"
명덕고등학교,7010158,2024-06-04,화,석식,950.0,배추김치,9
명덕고등학교,7010158,2024-06-04,화,석식,950.0,수박,
명덕고등학교,7010158,2024-06-05,수,조식,729.0,쌀밥,
명덕고등학교,7010158,2024-06-05,수,조식,729.0,소고기표고들깨죽,"1,5,6,13,16"
명덕고등학교,7010158,2024-06-05,수,조식,729.0,육개장,"1,5,16"
명덕고등학교,7010158,2024-06-05,수,조식,729.0,미니돈까스,"5,6,10,12,16,17,18"
명덕고등학교,7010158,2024-06-05,수,조식,729.0,매실된장고등어살구이,7
명덕고등학교,7010158,2024-06-05,수,조식,729.0,맛김치,9
명덕고등학교,7010158,2024-06-05,수,조식,729.0,시리얼(스페셜K외),"1,2,5,6,10,14,16,18"
명덕고등학교,7010158,2024-06-05,수,조식,729.0,우유&주스,"2,5,6,11,13"
명덕고등학교,7010158,2024-06-05,수,조식,729.0,배,
명덕고등학교,7010158,2024-06-05,수,조식,729.0,보코치니샐러드,"2,6,12"
명덕고등학교,7010158,2024-06-05,수,중식,3268.0,치킨카레덮밥,"2,4,5,6,10,12,15,16"
명덕고등학교,7010158,2024-06-05,수,중식,3268.0,미소장국,"5,6"
명덕고등학교,7010158,2024-06-05,수,중식,3268.0,고구마스틱,5
명덕고등학교,7010158,2024-06-05,수,중식,3268.0,함박스테이크*데미소스,"6,12,13,16"
명덕고등학교,7010158,2024-06-05,수,중식,3268.0,배추김치,9
명덕고등학교,7010158,2024-06-05,수,중식,3268.0,일식샐러드*흑임자드레싱,"1,5,6,12"
명덕고등학교,7010158,2024-06-05,수,석식,589.0,잡곡밥,5
명덕고등학교,7010158,2024-06-05,수,석식,589.0,얼큰쇠고기무국,"5,6,16"
명덕고등학교,7010158,2024-06-05,수,석식,589.0,파채무침,"5,6,13"
명덕고등학교,7010158,2024-06-05,수,석식,589.0,볼어묵볶음,"1,5,6,13"
명덕고등학교,7010158,2024-06-05,수,석식,589.0,훈제삼겹구이,"6,10"
명덕고등학교,7010158,2024-06-05,수,석식,589.0,배추김치,9
명덕고등학교,7010158,2024-06-05,수,석식,589.0,사과호두샐러드,"2,14"
명덕고등학교,7010158,2024-06-06,목,조식,589.0,쌀밥,
명덕고등학교,7010158,2024-06-06,목,조식,589.0,쇠고기미역국,"5,6,16"
명덕고등학교,7010158,2024-06-06,목,조식,589.0,메추리알장조림,"1,5,6,13"
명덕고등학교,7010158,2024-06-06,목,조식,589.0,훈제오리감자볶음,"2,5,6,10,13,16"
명덕고등학교,7010158,2024-06-06,목,조식,589.0,깻잎지,"5,6"
명덕고등학교,7010158,2024-06-06,목,조식,589.0,맛김치,9
명덕고등학교,7010158,2024-06-06,목,조식,589.0,시리얼(스페셜K외),"1,2,5,6,10,14,16,18"
명덕고등학교,7010158,2024-06-06,목,조식,589.0,우유&주스,"2,5,6,11,13"
명덕고등학교,7010158,2024-06-06,목,조식,589.0,방울토마토,12
명덕고등학교,7010158,2024-06-06,목,중식,590.0,잡곡밥,5
명덕고등학교,7010158,2024-06-06,목,중식,590.0,오징어무국,"5,6,17"
명덕고등학교,7010158,2024-06-06,목,중식,590.0,매운돈갈비찜,"5,6,10,13"
명덕고등학교,7010158,2024-06-06,목,중식,590.0,멸치견과볶음(유자),"5,13,14"
명덕고등학교,7010158,2024-06-06,목,중식,590.0,배추김치,9
명덕고등학교,7010158,2024-06-06,목,중식,590.0,브라질너트알감자샐러드,"1,5,10,13"
명덕고등학교,7010158,2024-06-06,목,석식,589.0,쌀밥,
명덕고등학교,7010158,2024-06-06,목,석식,589.0,근대된장국,"5,6"
명덕고등학교,7010158,2024-06-06,목,석식,589.0,소고기참나물무침,"5,6,13,16,18"
명덕고등학교,7010158,2024-06-06,목,석식,589.0,마파두부,"5,6,9,10,12,13,16,17,18"
명덕고등학교,7010158,2024-06-06,목,석식,589.0,꿔바로우,"1,5,6,10,11,12,13"
명덕고등학교,7010158,2024-06-06,목,석식,589.0,배추김치,9
명덕고등학교,7010158,2024-06-07,금,조식,589.0,쌀밥,
명덕고등학교,7010158,2024-06-07,금,조식,589.0,감자옹심이국,6
명덕고등학교,7010158,2024-06-07,금,조식,589.0,숯불고기*숙주,10
명덕고등학교,7010158,2024-06-07,금,조식,589.0,전복버터구이,"2,18"
명덕고등학교,7010158,2024-06-07,금,조식,589.0,맛김치,9
명덕고등학교,7010158,2024-06-07,금,조식,589.0,시리얼(스페셜K외),"1,2,5,6,10,14,16,18"
명덕고등학교,7010158,2024-06-07,금,조식,589.0,우유&주스,"2,5,6,11,13"
명덕고등학교,7010158,2024-06-07,금,조식,589.0,메론,
명덕고등학교,7010158,2024-06-07,금,조식,589.0,콥샐러드,"1,2,5,12,13"
명덕고등학교,7010158,2024-06-07,금,중식,1346.0,목살필라프,"5,6,9,10,12,13,16,17,18"
명덕고등학교,7010158,2024-06-07,금,중식,1346.0,김치국,"5,6,9"
명덕고등학교,7010158,2024-06-07,금,중식,1346.0,콘킬리에투움바,"1,2,5,6,9,10,13,16,18"
명덕고등학교,7010158,2024-06-07,금,중식,1346.0,뿌링클치킨,"1,2,5,6,15"
명덕고등학교,7010158,2024-06-07,금,중식,1346.0,깍두기,9
명덕고등학교,7010158,2024-06-07,금,중식,1346.0,그린샐러드,"5,6,12"
명덕고등학교,7010158,2024-06-07,금,석식,33.0,참치마요덮밥,"1,5,6,13"
명덕고등학교,7010158,2024-06-07,금,석식,33.0,일식장국,"5,6"
명덕고등학교,7010158,2024-06-07,금,석식,33.0,파채무침,"5,6,13"
명덕고등학교,7010158,2024-06-07,금,석식,33.0,돼지고기후라이드,"5,6,10,13,18"
명덕고등학교,7010158,2024-06-07,금,석식,33.0,알감자버터구이,"2,5,13"
명덕고등학교,7010158,2024-06-07,금,석식,33.0,깍두기,9
명덕고등학교,7010158,2024-06-08,토,조식,52.0,쌀밥,
명덕고등학교,7010158,2024-06-08,토,조식,52.0,맑은콩나물국,"5,6"
명덕고등학교,7010158,2024-06-08,토,조식,52.0,계란장조림,"1,5,6,13"
명덕고등학교,7010158,2024-06-08,토,조식,52.0,제육볶음,"5,6,10,13,18"
명덕고등학교,7010158,2024-06-08,토,조식,52.0,도시락김(풀무원),
명덕고등학교,7010158,2024-06-08,토,조식,52.0,맛김치,9
명덕고등학교,7010158,2024-06-08,토,조식,52.0,시리얼(스페셜K외),"1,2,5,6,10,14,16,18"
명덕고등학교,7010158,2024-06-08,토,조식,52.0,우유&주스,"2,5,6,11,13"
명덕고등학교,7010158,2024-06-08,토,조식,52.0,바나나,
명덕고등학교,7010158,2024-06-10,월,조식,729.0,쌀밥,
명덕고등학교,7010158,2024-06-10,월,조식,729.0,빵(조식),"1,2,5,6,9,10,12,13,14,15,16,18"
명덕고등학교,7010158,2024-06-10,월,조식,729.0,건새우무국,"5,6,9"
명덕고등학교,7010158,2024-06-10,월,조식,729.0,오이무침,"5,6,9,13"
명덕고등학교,7010158,2024-06-10,월,조식,729.0,열탄오리불고기,5
명덕고등학교,7010158,2024-06-10,월,조식,729.0,동그랑땡전,"5,6,10,12,16"
명덕고등학교,7010158,2024-06-10,월,조식,729.0,맛김치,9
명덕고등학교,7010158,2024-06-10,월,조식,729.0,시리얼(스페셜K외),"1,2,5,6,10,14,16,18"
명덕고등학교,7010158,2024-06-10,월,조식,729.0,우유&주스,"2,5,6,11,13"
명덕고등학교,7010158,2024-06-10,월,조식,729.0,사과,
명덕고등학교,7010158,2024-06-10,월,중식,3292.0,잡곡밥,
명덕고등학교,7010158,2024-06-10,월,중식,3292.0,된장찌개,"5,6"
명덕고등학교,7010158,2024-06-10,월,중식,3292.0,계란찜,1
명덕고등학교,7010158,2024-06-10,월,중식,3292.0,미나리초무침,"5,6,13"
명덕고등학교,7010158,2024-06-10,월,중식,3292.0,소불고기낙지볶음,"5,6,13,16"
명덕고등학교,7010158,2024-06-10,월,중식,3292.0,배추김치,9
명덕고등학교,7010158,2024-06-10,월,중식,3292.0,배,
명덕고등학교,7010158,2024-06-10,월,석식,996.0,옛날도시락비빔밥,"1,2,5,6,9,10,15,16"
명덕고등학교,7010158,2024-06-10,월,석식,996.0,쇠고기미역국,"5,6,16"
명덕고등학교,7010158,2024-06-10,월,석식,996.0,멸치볶음,"5,6,13,14"
명덕고등학교,7010158,2024-06-10,월,석식,996.0,인삼양념닭구이,"2,5,6,9,13,15,16,17,18"
명덕고등학교,7010158,2024-06-10,월,석식,996.0,깍두기,9
명덕고등학교,7010158,2024-06-10,월,석식,996.0,바나나,
명덕고등학교,7010158,2024-06-11,화,조식,729.0,뿌리채소영양밥*부추양념장,"5,6,13"
명덕고등학교,7010158,2024-06-11,화,조식,729.0,쇠고기무국,"5,6,16"
명덕고등학교,7010158,2024-06-11,화,조식,729.0,떡갈비조림,"2,5,6,10,13,16"
명덕고등학교,7010158,2024-06-11,화,조식,729.0,굴비구이,"5,6"
명덕고등학교,7010158,2024-06-11,화,조식,729.0,맛김치,9
명덕고등학교,7010158,2024-06-11,화,조식,729.0,시리얼(스페셜K외),"1,2,4,5,6,10,14,16,18"
명덕고등학교,7010158,2024-06-11,화,조식,729.0,우유&주스,"2,5,6,11,13"
명덕고등학교,7010158,2024-06-11,화,조식,729.0,골드키위,
명덕고등학교,7010158,2024-06-11,화,조식,729.0,그래놀라샐러드(조식),"2,5,6,12"
명덕고등학교,7010158,2024-06-11,화,중식,3288.0,잡곡밥,5
명덕고등학교,7010158,2024-06-11,화,중식,3288.0,북어국,"1,5,6"
명덕고등학교,7010158,2024-06-11,화,중식,3288.0,돈사태김치찜,"5,6,9,10,13"
명덕고등학교,7010158,2024-06-11,화,중식,3288.0,해물파전,"1,5,6,9,13,17"
명덕고등학교,7010158,2024-06-11,화,중식,3288.0,깍두기,9
명덕고등학교,7010158,2024-06-11,화,중식,3288.0,만다린샐러드,"1,2,5,6,12"
명덕고등학교,7010158,2024-06-11,화,석식,995.0,잡곡밥,5
명덕고등학교,7010158,2024-06-11,화,석식,995.0,고추장찌개,"5,6,10"
명덕고등학교,7010158,2024-06-11,화,석식,995.0,미나리무생채,"5,9,13"
명덕고등학교,7010158,2024-06-11,화,석식,995.0,부추무침,"5,6,9,13"
명덕고등학교,7010158,2024-06-11,화,석식,995.0,버섯잡채,"5,6,10,13,16"
명덕고등학교,7010158,2024-06-11,화,석식,995.0,언양식바싹불고기(수제),"5,6,13,16,18"
명덕고등학교,7010158,2024-06-11,화,석식,995.0,배추김치,9
명덕고등학교,7010158,2024-06-12,수,조식,729.0,쌀밥,
명덕고등학교,7010158,2024-06-12,수,조식,729.0,빵(조식),"1,2,5,6,9,10,12,13,14,15,16,18"
명덕고등학교,7010158,2024-06-12,수,조식,729.0,물만두국,"1,5,6,10,15,16,18"
명덕고등학교,7010158,2024-06-12,수,조식,729.0,두부조림,"5,6,13"
명덕고등학교,7010158,2024-06-12,수,조식,729.0,치킨스테이크(갈릭소스),15
명덕고등학교,7010158,2024-06-12,수,조식,729.0,맛김치,9
명덕고등학교,7010158,2024-06-12,수,조식,729.0,시리얼(스페셜K외),"1,2,5,6,10,14,16,18"
명덕고등학교,7010158,2024-06-12,수,조식,729.0,우유&주스,"2,5,6,11,13"
명덕고등학교,7010158,2024-06-12,수,조식,729.0,배,
명덕고등학교,7010158,2024-06-12,수,조식,729.0,사과호두샐러드,"2,14"
명덕고등학교,7010158,2024-06-12,수,중식,3288.0,후리가케밥,"1,5,6"
명덕고등학교,7010158,2024-06-12,수,중식,3288.0,모밀국수(냉),"3,5,6,13"
명덕고등학교,7010158,2024-06-12,수,중식,3288.0,크리스피돈강정,"2,5,6,10,16"
명덕고등학교,7010158,2024-06-12,수,중식,3288.0,고구마베이컨오븐구이,"1,5,10"
명덕고등학교,7010158,2024-06-12,수,중식,3288.0,깍두기,9
명덕고등학교,7010158,2024-06-12,수,석식,408.0,잡곡밥,5
명덕고등학교,7010158,2024-06-12,수,석식,408.0,모닝빵*딸기잼(조식),"1,2,5,6,13"
명덕고등학교,7010158,2024-06-12,수,석식,408.0,크림스프(석식),"1,2,5,6,13,16"
명덕고등학교,7010158,2024-06-12,수,석식,408.0,수제돈까스,"1,2,5,6,10,12,17,18"
명덕고등학교,7010158,2024-06-12,수,석식,408.0,콘버터구이,"1,2,5,6,8,13"
명덕고등학교,7010158,2024-06-12,수,석식,408.0,깍두기,9
명덕고등학교,7010158,2024-06-12,수,석식,408.0,당근라페샐러드,"1,5,6,13"
명덕고등학교,7010158,2024-06-13,목,조식,729.0,쌀밥,
명덕고등학교,7010158,2024-06-13,목,조식,729.0,갈빗살양념구이,"5,6,13,16,18"
명덕고등학교,7010158,2024-06-13,목,조식,729.0,아욱된장국,"5,6"
명덕고등학교,7010158,2024-06-13,목,조식,729.0,스페니쉬오믈렛*케찹,"1,2,5,6,10,12,15,16"
명덕고등학교,7010158,2024-06-13,목,조식,729.0,깻잎지,"5,6"
명덕고등학교,7010158,2024-06-13,목,조식,729.0,맛김치,9
명덕고등학교,7010158,2024-06-13,목,조식,729.0,시리얼(스페셜K외),"1,2,5,6,10,14,16,18"
명덕고등학교,7010158,2024-06-13,목,조식,729.0,우유&주스,"2,5,6,11,13"
명덕고등학교,7010158,2024-06-13,목,조식,729.0,크림슨포도,
명덕고등학교,7010158,2024-06-13,목,중식,3288.0,문어솥밥,
명덕고등학교,7010158,2024-06-13,목,중식,3288.0,일식장국,"5,6"
명덕고등학교,7010158,2024-06-13,목,중식,3288.0,탕평채,"1,13"
명덕고등학교,7010158,2024-06-13,목,중식,3288.0,닭볶음탕,"2,5,6,12,13,15,16,18"
명덕고등학교,7010158,2024-06-13,목,중식,3288.0,배추김치,9
명덕고등학교,7010158,2024-06-13,목,중식,3288.0,무조미김,
명덕고등학교,7010158,2024-06-13,목,석식,997.0,잡곡밥,5
명덕고등학교,7010158,2024-06-13,목,석식,997.0,돼지국밥,"5,6,10,16"
명덕고등학교,7010158,2024-06-13,목,석식,997.0,갈치조림,"5,6,13"
명덕고등학교,7010158,2024-06-13,목,석식,997.0,불고기감자채전,"5,6,13,16,18"
명덕고등학교,7010158,2024-06-13,목,석식,997.0,배추김치,9
명덕고등학교,7010158,2024-06-13,목,석식,997.0,사과,
명덕고등학교,7010158,2024-06-14,금,조식,729.0,쌀밥,
명덕고등학교,7010158,2024-06-14,금,조식,729.0,누룽지,
명덕고등학교,7010158,2024-06-14,금,조식,729.0,쑥갓어묵국,"5,6"
명덕고등학교,7010158,2024-06-14,금,조식,729.0,오징어초무침,"5,6,13,17"
명덕고등학교,7010158,2024-06-14,금,조식,729.0,닭살카레볶음,"2,5,6,12,15,18"
명덕고등학교,7010158,2024-06-14,금,조식,729.0,맛김치,9
명덕고등학교,7010158,2024-06-14,금,조식,729.0,시리얼(스페셜K외),"1,2,5,6,10,14,16,18"
명덕고등학교,7010158,2024-06-14,금,조식,729.0,우유&주스,"2,5,6,11,13"
명덕고등학교,7010158,2024-06-14,금,조식,729.0,메론,
명덕고등학교,7010158,2024-06-14,금,조식,729.0,토마토카프리제,"2,12,13"
명덕고등학교,7010158,2024-06-14,금,중식,3288.0,잡곡밥,5
명덕고등학교,7010158,2024-06-14,금,중식,3288.0,중국식냉면,"2,4,5,6,9,13,16"
명덕고등학교,7010158,2024-06-14,금,중식,3288.0,메밀전병,"2,3,5,6,10,16,18"
명덕고등학교,7010158,2024-06-14,금,중식,3288.0,훈제오리구이*부추무침,"5,6,13"
명덕고등학교,7010158,2024-06-14,금,중식,3288.0,깍두기,9
명덕고등학교,7010158,2024-06-14,금,중식,3288.0,수박,
명덕고등학교,7010158,2024-06-14,금,석식,366.0,잡곡밥,5
명덕고등학교,7010158,2024-06-14,금,석식,366.0,감자수제비국,"5,6"
명덕고등학교,7010158,2024-06-14,금,석식,366.0,시금치프리타타(교),"1,2,5,10,12,13"
명덕고등학교,7010158,2024-06-14,금,석식,366.0,새송이짬뽕볶음,"2,5,6,9,10,13,15,16,17,18"
명덕고등학교,7010158,2024-06-14,금,석식,366.0,제육볶음,"5,6,10,13,18"
명덕고등학교,7010158,2024-06-14,금,석식,366.0,깍두기,9
명덕고등학교,7010158,2024-06-15,토,조식,87.0,쌀밥,
명덕고등학교,7010158,2024-06-15,토,조식,87.0,하이라이스소스,"1,2,5,6,12,16"
명덕고등학교,7010158,2024-06-15,토,조식,87.0,일식장국,"5,6"
명덕고등학교,7010158,2024-06-15,토,조식,87.0,돌돌고기떡말이,"2,5,6,10,16"
명덕고등학교,7010158,2024-06-15,토,조식,87.0,계란찜,1
명덕고등학교,7010158,2024-06-15,토,조식,87.0,맛김치,9
명덕고등학교,7010158,2024-06-15,토,조식,87.0,시리얼(스페셜K외),"1,2,5,6,10,14,16,18"
명덕고등학교,7010158,2024-06-15,토,조식,87.0,우유&주스,"2,5,6,11,13"
명덕고등학교,7010158,2024-06-15,토,조식,87.0,사과,
명덕고등학교,7010158,2024-06-15,토,조식,87.0,간장무채장아찌,"5,6,8,9,18"
명덕고등학교,7010158,2024-06-17,월,조식,729.0,쌀밥,
명덕고등학교,7010158,2024-06-17,월,조식,729.0,쇠고기배추국,"5,6,16"
명덕고등학교,7010158,2024-06-17,월,조식,729.0,두부조림,"5,6,13"
명덕고등학교,7010158,2024-06-17,월,조식,729.0,와규큐브찹스테이크,16
명덕고등학교,7010158,2024-06-17,월,조식,729.0,깍두기,9
명덕고등학교,7010158,2024-06-17,월,조식,729.0,시리얼(스페셜K외),"1,2,5,6,10,14,16,18"
명덕고등학교,7010158,2024-06-17,월,조식,729.0,우유&주스,"2,5,6,11,13"
명덕고등학교,7010158,2024-06-17,월,조식,729.0,사과,
명덕고등학교,7010158,2024-06-17,월,조식,729.0,시저샐러드,"1,2,5,6,10,12,13"
명덕고등학교,7010158,2024-06-17,월,중식,3292.0,잡곡밥,5
명덕고등학교,7010158,2024-06-17,월,중식,3292.0,쇠고기우거지탕,"5,6,13,16"
명덕고등학교,7010158,2024-06-17,월,중식,3292.0,미나리무생채,"5,9,13"
명덕고등학교,7010158,2024-06-17,월,중식,3292.0,궁중떡볶이,"5,6,9,13,16,17,18"
명덕고등학교,7010158,2024-06-17,월,중식,3292.0,가자미튀김*깐풍소스,"5,6,12,13"
명덕고등학교,7010158,2024-06-17,월,중식,3292.0,배추김치,9
명덕고등학교,7010158,2024-06-17,월,중식,3292.0,메론,
명덕고등학교,7010158,2024-06-17,월,석식,996.0,잡곡밥,5
명덕고등학교,7010158,2024-06-17,월,석식,996.0,쇠고기무국,"1,5,6,16"
명덕고등학교,7010158,2024-06-17,월,석식,996.0,매운돈갈비찜(선진),"2,5,6,10,12,13,16,18"
명덕고등학교,7010158,2024-06-17,월,석식,996.0,미역줄기볶음,"1,5,6,8"
명덕고등학교,7010158,2024-06-17,월,석식,996.0,맥앤치즈,"1,2,5,6,10,12"
명덕고등학교,7010158,2024-06-17,월,석식,996.0,깍두기,9
명덕고등학교,7010158,2024-06-17,월,석식,996.0,참외,
명덕고등학교,7010158,2024-06-18,화,조식,729.0,쌀밥,
명덕고등학교,7010158,2024-06-18,화,조식,729.0,빵(조식),"1,2,5,6,9,10,12,13,14,15,16,18"
명덕고등학교,7010158,2024-06-18,화,조식,729.0,쇠고기미역국,"5,6,16"
명덕고등학교,7010158,2024-06-18,화,조식,729.0,도토리묵*양념장,"5,6,13"
명덕고등학교,7010158,2024-06-18,화,조식,729.0,순살찜닭,"2,5,6,13,15,16"
명덕고등학교,7010158,2024-06-18,화,조식,729.0,맛김치,9
명덕고등학교,7010158,2024-06-18,화,조식,729.0,시리얼(스페셜K외),"1,2,5,6,10,14,16,18"
명덕고등학교,7010158,2024-06-18,화,조식,729.0,우유&주스,"2,5,6,11,13"
명덕고등학교,7010158,2024-06-18,화,조식,729.0,수박,
명덕고등학교,7010158,2024-06-18,화,조식,729.0,콥샐러드,"1,2,5,12,13"
명덕고등학교,7010158,2024-06-18,화,중식,3288.0,소보로덮밥,"1,5,6,9,13,16,17,18"
명덕고등학교,7010158,2024-06-18,화,중식,3288.0,우동국,"1,2,5,6,7,9,13,16,18"
명덕고등학교,7010158,2024-06-18,화,중식,3288.0,함박스테이크*콘립,"1,2,5,6,10,13,16,18"
명덕고등학교,7010158,2024-06-18,화,중식,3288.0,깍두기,9
명덕고등학교,7010158,2024-06-18,화,중식,3288.0,일식샐러드*흑임자드레싱,"1,5,6,12,16"
명덕고등학교,7010158,2024-06-18,화,석식,995.0,쌀밥,
명덕고등학교,7010158,2024-06-18,화,석식,995.0,비빔밀면,"1,3,5,6,13,16"
명덕고등학교,7010158,2024-06-18,화,석식,995.0,일식장국,"5,6"
명덕고등학교,7010158,2024-06-18,화,석식,995.0,메추리알장조림,"1,5,6,13"
명덕고등학교,7010158,2024-06-18,화,석식,995.0,새우까스,"1,5,6,9"
명덕고등학교,7010158,2024-06-18,화,석식,995.0,배추김치,9
명덕고등학교,7010158,2024-06-19,수,조식,729.0,쌀밥,
명덕고등학교,7010158,2024-06-19,수,조식,729.0,빵(조식),"1,2,5,6,9,10,12,13,14,15,16,18"
명덕고등학교,7010158,2024-06-19,수,조식,729.0,떡국,"1,5,6,16"
명덕고등학교,7010158,2024-06-19,수,조식,729.0,시금치나물,
명덕고등학교,7010158,2024-06-19,수,조식,729.0,구운어묵볶음,"5,6,9,13,16,17,18"
명덕고등학교,7010158,2024-06-19,수,조식,729.0,맛김치,9
명덕고등학교,7010158,2024-06-19,수,조식,729.0,시리얼(스페셜K외),"1,2,5,6,10,14,16,18"
명덕고등학교,7010158,2024-06-19,수,조식,729.0,우유&주스,"2,5,6,11,13"
명덕고등학교,7010158,2024-06-19,수,조식,729.0,방울토마토,12
명덕고등학교,7010158,2024-06-19,수,조식,729.0,훈제오리*야채무침(참깨소스),"1,2,5,6,16"
명덕고등학교,7010158,2024-06-19,수,중식,3288.0,나폴리탄파스타,"1,2,5,6,10,12,13,15,16,18"
명덕고등학교,7010158,2024-06-19,수,중식,3288.0,칠리치즈프라이,"2,5,6,10,12,13,16,18"
명덕고등학교,7010158,2024-06-19,수,중식,3288.0,오이피클,9
명덕고등학교,7010158,2024-06-19,수,중식,3288.0,초코우유200,2
명덕고등학교,7010158,2024-06-19,수,중식,3288.0,코코넛칩망고샐러드,"1,2,5,6,12"
명덕고등학교,7010158,2024-06-19,수,석식,408.0,잡곡밥,5
명덕고등학교,7010158,2024-06-19,수,석식,408.0,김치국,"5,6,9"
명덕고등학교,7010158,2024-06-19,수,석식,408.0,계란찜,1
명덕고등학교,7010158,2024-06-19,수,석식,408.0,콩나물파채무침,"5,6,13"
명덕고등학교,7010158,2024-06-19,수,석식,408.0,삼겹살허브구이,"5,6,9,10"
명덕고등학교,7010158,2024-06-19,수,석식,408.0,깍두기,9
명덕고등학교,7010158,2024-06-19,수,석식,408.0,상추쌈,
명덕고등학교,7010158,2024-06-20,목,조식,729.0,쌀밥,
명덕고등학교,7010158,2024-06-20,목,조식,729.0,나주곰탕,"5,6,16"
명덕고등학교,7010158,2024-06-20,목,조식,729.0,삼치구이,"5,6"
명덕고등학교,7010158,2024-06-20,목,조식,729.0,치킨너겟,"1,2,5,6,13,15"
명덕고등학교,7010158,2024-06-20,목,조식,729.0,맛김치,9
명덕고등학교,7010158,2024-06-20,목,조식,729.0,시리얼(스페셜K외),"1,2,5,6,10,14,16,18"
명덕고등학교,7010158,2024-06-20,목,조식,729.0,우유&주스,"2,5,6,11,13"
명덕고등학교,7010158,2024-06-20,목,조식,729.0,바나나,
명덕고등학교,7010158,2024-06-20,목,조식,729.0,토마토샐러드(믹스넛),"6,12,14"
명덕고등학교,7010158,2024-06-20,목,중식,3288.0,쌀밥,
명덕고등학교,7010158,2024-06-20,목,중식,3288.0,숯불고기비빔국수,"5,6,10,16"
명덕고등학교,7010158,2024-06-20,목,중식,3288.0,아욱된장국,"5,6"
명덕고등학교,7010158,2024-06-20,목,중식,3288.0,치킨까스*소스,"5,6,13,15"
명덕고등학교,7010158,2024-06-20,목,중식,3288.0,깍두기,9
명덕고등학교,7010158,2024-06-20,목,중식,3288.0,감자샐러드(네모),"1,5,13"
명덕고등학교,7010158,2024-06-20,목,석식,997.0,잡곡밥,5
명덕고등학교,7010158,2024-06-20,목,석식,997.0,순두부찌개,"1,5,6,9,10,16,18"
명덕고등학교,7010158,2024-06-20,목,석식,997.0,실곤약야채무침,"5,6,13"
명덕고등학교,7010158,2024-06-20,목,석식,997.0,소불고기,"5,6,13,16,18"
명덕고등학교,7010158,2024-06-20,목,석식,997.0,팝만두튀김*양상추샐러드,"1,5,6,10,16,18"
명덕고등학교,7010158,2024-06-20,목,석식,997.0,배추김치,9
명덕고등학교,7010158,2024-06-20,목,석식,997.0,수박,
명덕고등학교,7010158,2024-06-21,금,조식,729.0,쌀밥,
명덕고등학교,7010158,2024-06-21,금,조식,729.0,야채죽,"1,5,6"
명덕고등학교,7010158,2024-06-21,금,조식,729.0,매운콩나물국,"5,6"
명덕고등학교,7010158,2024-06-21,금,조식,729.0,계란장조림,"1,5,6,13"
명덕고등학교,7010158,2024-06-21,금,조식,729.0,포크큐브스테이크,"1,2,5,6,10,12,15,16"
명덕고등학교,7010158,2024-06-21,금,조식,729.0,맛김치,9
명덕고등학교,7010158,2024-06-21,금,조식,729.0,시리얼(스페셜K외),"1,2,5,6,10,14,16,18"
명덕고등학교,7010158,2024-06-21,금,조식,729.0,우유&주스,"2,5,6,11,13"
명덕고등학교,7010158,2024-06-21,금,조식,729.0,메론,
명덕고등학교,7010158,2024-06-21,금,조식,729.0,단호박카프리제,"2,13,14"
명덕고등학교,7010158,2024-06-21,금,중식,3288.0,잡곡밥,5
명덕고등학교,7010158,2024-06-21,금,중식,3288.0,어묵탕,"2,5,6,7,13,16,18"
명덕고등학교,7010158,2024-06-21,금,중식,3288.0,가지그라탕,"2,5,6,12,13,15,16,18"
명덕고등학교,7010158,2024-06-21,금,중식,3288.0,숯불닭구이,"5,15,18"
명덕고등학교,7010158,2024-06-21,금,중식,3288.0,배추김치,9
명덕고등학교,7010158,2024-06-21,금,중식,3288.0,그린샐러드,"2,5,12"
명덕고등학교,7010158,2024-06-21,금,중식,3288.0,무쌈,
명덕고등학교,7010158,2024-06-21,금,석식,366.0,오징어덮밥,"5,6,13,17"
명덕고등학교,7010158,2024-06-21,금,석식,366.0,계란국,"1,5,6"
명덕고등학교,7010158,2024-06-21,금,석식,366.0,청포묵흑임자무침,"1,5,6,16"
명덕고등학교,7010158,2024-06-21,금,석식,366.0,오이홀그레인샐러드,"5,6,13"
명덕고등학교,7010158,2024-06-21,금,석식,366.0,맛쵸킹탕수육,"1,5,6,10,13"
명덕고등학교,7010158,2024-06-21,금,석식,366.0,배추김치,9
명덕고등학교,7010158,2024-06-22,토,조식,87.0,쌀밥,
명덕고등학교,7010158,2024-06-22,토,조식,87.0,돈육김치찌개,"5,9,10"
명덕고등학교,7010158,2024-06-22,토,조식,87.0,스크램블에그,"1,2,12"
명덕고등학교,7010158,2024-06-22,토,조식,87.0,소세지야채볶음,"2,5,6,10,12,13,16,18"
명덕고등학교,7010158,2024-06-22,토,조식,87.0,도시락김(풀무원),
명덕고등학교,7010158,2024-06-22,토,조식,87.0,맛김치,9
명덕고등학교,7010158,2024-06-22,토,조식,87.0,시리얼(스페셜K외),"1,2,5,6,10,14,16,18"
명덕고등학교,7010158,2024-06-22,토,조식,87.0,우유&주스,"2,5,6,11,13"
명덕고등학교,7010158,2024-06-22,토,조식,87.0,배,
명덕고등학교,7010158,2024-06-24,월,조식,729.0,쌀밥,
명덕고등학교,7010158,2024-06-24,월,조식,729.0,야채죽,"1,5,6"
명덕고등학교,7010158,2024-06-24,월,조식,729.0,된장찌개,"5,6"
명덕고등학교,7010158,2024-06-24,월,조식,729.0,버섯불고기,"5,6,13,16,18"
명덕고등학교,7010158,2024-06-24,월,조식,729.0,구운계란,1
명덕고등학교,7010158,2024-06-24,월,조식,729.0,깻잎지,"5,6"
명덕고등학교,7010158,2024-06-24,월,조식,729.0,맛김치,9
명덕고등학교,7010158,2024-06-24,월,조식,729.0,시리얼(스페셜K외),"1,2,5,6,10,14,16,18"
명덕고등학교,7010158,2024-06-24,월,조식,729.0,우유&주스,"2,5,6,11,13"
명덕고등학교,7010158,2024-06-24,월,조식,729.0,방울토마토,12
명덕고등학교,7010158,2024-06-24,월,조식,729.0,텐더샐러드-조식,"1,5,6,12,13,15"
명덕고등학교,7010158,2024-06-24,월,중식,3282.0,잡곡밥,5
명덕고등학교,7010158,2024-06-24,월,중식,3282.0,골뱅이야채무침,"5,6,13"
명덕고등학교,7010158,2024-06-24,월,중식,3282.0,우엉잡채,"5,6,13"
명덕고등학교,7010158,2024-06-24,월,중식,3282.0,돼지불백,"5,6,10,13,18"
명덕고등학교,7010158,2024-06-24,월,중식,3282.0,배추김치,9
명덕고등학교,7010158,2024-06-24,월,중식,3282.0,오이냉국,"5,6,13,16"
명덕고등학교,7010158,2024-06-24,월,중식,3282.0,상추쌈*쌈장,"5,6"
명덕고등학교,7010158,2024-06-24,월,석식,996.0,잡곡밥,5
명덕고등학교,7010158,2024-06-24,월,석식,996.0,참치탕,"5,6"
명덕고등학교,7010158,2024-06-24,월,석식,996.0,청양풍찜닭,"2,5,6,13,15,16"
명덕고등학교,7010158,2024-06-24,월,석식,996.0,노각무침,"5,6,13"
명덕고등학교,7010158,2024-06-24,월,석식,996.0,치즈그라탕,"1,2,5,6,10,13,15,16"
명덕고등학교,7010158,2024-06-24,월,석식,996.0,배추김치,9
명덕고등학교,7010158,2024-06-24,월,석식,996.0,포도(캠벨),
명덕고등학교,7010158,2024-06-25,화,조식,729.0,쌀밥,
명덕고등학교,7010158,2024-06-25,화,조식,729.0,야채죽,"1,5,6"
명덕고등학교,7010158,2024-06-25,화,조식,729.0,쇠고기무국,"5,6,16"
명덕고등학교,7010158,2024-06-25,화,조식,729.0,퀴노아호두조림,"5,13,14"
명덕고등학교,7010158,2024-06-25,화,조식,729.0,계란찜,1
명덕고등학교,7010158,2024-06-25,화,조식,729.0,갈치구이(국내산바질향 갈치토막),"2,5,6,12,13,18"
명덕고등학교,7010158,2024-06-25,화,조식,729.0,맛김치,9
명덕고등학교,7010158,2024-06-25,화,조식,729.0,시리얼(스페셜K외),"1,2,5,6,10,14,16,18"
명덕고등학교,7010158,2024-06-25,화,조식,729.0,우유&주스,"2,5,6,11,13"
명덕고등학교,7010158,2024-06-25,화,조식,729.0,바나나,
명덕고등학교,7010158,2024-06-25,화,중식,3278.0,잡곡밥,5
명덕고등학교,7010158,2024-06-25,화,중식,3278.0,짬뽕,"2,5,6,9,10,13,15,16,17,18"
명덕고등학교,7010158,2024-06-25,화,중식,3278.0,탕수육,"5,6,10,11,12,13"
명덕고등학교,7010158,2024-06-25,화,중식,3278.0,깍두기,9
명덕고등학교,7010158,2024-06-25,화,중식,3278.0,사과,
명덕고등학교,7010158,2024-06-25,화,중식,3278.0,연근부각그린샐러드,"1,5,6,12"
명덕고등학교,7010158,2024-06-25,화,석식,995.0,갈릭씨즐링볶음밥,"1,2,5,6,9,10,12,13,16,17,18"
명덕고등학교,7010158,2024-06-25,화,석식,995.0,어묵우동국,"1,2,5,6,7,9,13,16,18"
명덕고등학교,7010158,2024-06-25,화,석식,995.0,단무지,
명덕고등학교,7010158,2024-06-25,화,석식,995.0,떡볶이(석식),"1,2,5,6,8,9,12,16,18"
명덕고등학교,7010158,2024-06-25,화,석식,995.0,오징어바튀김,"1,2,5,6,17,18"
명덕고등학교,7010158,2024-06-25,화,석식,995.0,쥬시쿨,2
명덕고등학교,7010158,2024-06-25,화,석식,995.0,나쵸야채샐러드,"1,2,5,16"
명덕고등학교,7010158,2024-06-26,수,조식,729.0,쌀밥,
명덕고등학교,7010158,2024-06-26,수,조식,729.0,야채죽,"5,6,1"
명덕고등학교,7010158,2024-06-26,수,조식,729.0,빵(조식),"1,2,5,6,9,10,12,13,14,15,16,18"
명덕고등학교,7010158,2024-06-26,수,조식,729.0,계란국,"1,5,6"
명덕고등학교,7010158,2024-06-26,수,조식,729.0,허니간장불고기,10
명덕고등학교,7010158,2024-06-26,수,조식,729.0,진미채볶음,"1,5,6,13,17"
명덕고등학교,7010158,2024-06-26,수,조식,729.0,맛김치,9
명덕고등학교,7010158,2024-06-26,수,조식,729.0,시리얼(스페셜K외),"1,2,5,6,10,14,16,18"
명덕고등학교,7010158,2024-06-26,수,조식,729.0,우유&주스,"2,5,6,11,13"
명덕고등학교,7010158,2024-06-26,수,조식,729.0,배,
명덕고등학교,7010158,2024-06-26,수,조식,729.0,그래놀라샐러드(조식),"2,5,6,12"
명덕고등학교,7010158,2024-06-26,수,중식,3278.0,소고기미나리밥,"5,6,13,16,18"
명덕고등학교,7010158,2024-06-26,수,중식,3278.0,미역국,"5,6"
명덕고등학교,7010158,2024-06-26,수,중식,3278.0,닭강정(아몬드),"2,5,6,15,16"
명덕고등학교,7010158,2024-06-26,수,중식,3278.0,배추김치,9
명덕고등학교,7010158,2024-06-26,수,중식,3278.0,아이스망고,
명덕고등학교,7010158,2024-06-26,수,중식,3278.0,맛살콘샐러드(꽃맛살샐러드),"1,5,6,8,9,12,13,16,18"
명덕고등학교,7010158,2024-06-26,수,석식,408.0,잡곡밥,5
명덕고등학교,7010158,2024-06-26,수,석식,408.0,육개장칼국수,"1,2,5,6,16"
명덕고등학교,7010158,2024-06-26,수,석식,408.0,순대볶음,"2,5,6,8,10,13,16"
명덕고등학교,7010158,2024-06-26,수,석식,408.0,에비야끼,"1,2,5,6,9,13"
명덕고등학교,7010158,2024-06-26,수,석식,408.0,배추김치,9
명덕고등학교,7010158,2024-06-27,목,조식,729.0,쌀밥,
명덕고등학교,7010158,2024-06-27,목,조식,729.0,야채죽,"1,5,6"
명덕고등학교,7010158,2024-06-27,목,조식,729.0,빵(조식),"1,2,5,6,9,10,12,13,14,15,16,18"
명덕고등학교,7010158,2024-06-27,목,조식,729.0,아욱된장국,"5,6"
명덕고등학교,7010158,2024-06-27,목,조식,729.0,두부조림,"1,5,6,13"
명덕고등학교,7010158,2024-06-27,목,조식,729.0,닭고기마늘구이,"5,6,13,15"
명덕고등학교,7010158,2024-06-27,목,조식,729.0,맛김치,9
명덕고등학교,7010158,2024-06-27,목,조식,729.0,시리얼(스페셜K외),"1,2,5,6,10,14,16,18"
명덕고등학교,7010158,2024-06-27,목,조식,729.0,우유&주스,"2,5,6,11,13"
명덕고등학교,7010158,2024-06-27,목,조식,729.0,메론,
명덕고등학교,7010158,2024-06-27,목,조식,729.0,키위샐러드,"2,5,6,12"
명덕고등학교,7010158,2024-06-27,목,중식,3278.0,잡곡밥,5
명덕고등학교,7010158,2024-06-27,목,중식,3278.0,양송이스프(크루통),"1,2,5,6,13,16"
명덕고등학교,7010158,2024-06-27,목,중식,3278.0,쫄면야채무침,"5,6,13"
명덕고등학교,7010158,2024-06-27,목,중식,3278.0,피자돈까스,"2,5,6,10,12,15,16,18"
명덕고등학교,7010158,2024-06-27,목,중식,3278.0,깍두기,9
명덕고등학교,7010158,2024-06-27,목,중식,3278.0,시저샐러드,"1,2,5,6,10,12"
명덕고등학교,7010158,2024-06-27,목,석식,997.0,닭튀김덮밥,"2,4,5,6,12,13,15,16"
명덕고등학교,7010158,2024-06-27,목,석식,997.0,일식장국,"5,6"
명덕고등학교,7010158,2024-06-27,목,석식,997.0,웻지감자,"2,5,12"
명덕고등학교,7010158,2024-06-27,목,석식,997.0,수제폭립,"5,6,10,13"
명덕고등학교,7010158,2024-06-27,목,석식,997.0,배추김치,9
명덕고등학교,7010158,2024-06-27,목,석식,997.0,마카로니샐러드,"1,5,6,8,13"
명덕고등학교,7010158,2024-06-28,금,조식,729.0,쌀밥,
명덕고등학교,7010158,2024-06-28,금,조식,729.0,전복죽(조식),"1,5,6,18"
명덕고등학교,7010158,2024-06-28,금,조식,729.0,연두부탕,"1,5,6,9"
명덕고등학교,7010158,2024-06-28,금,조식,729.0,쇠고기사태장조림(조식),"1,16"
명덕고등학교,7010158,2024-06-28,금,조식,729.0,오이지무침,13
명덕고등학교,7010158,2024-06-28,금,조식,729.0,새우동그랑땡,"1,5,6,8,9,12,16,18"
명덕고등학교,7010158,2024-06-28,금,조식,729.0,맛김치,9
명덕고등학교,7010158,2024-06-28,금,조식,729.0,시리얼(스페셜K외),"1,2,5,6,10,14,16,18"
명덕고등학교,7010158,2024-06-28,금,조식,729.0,우유&주스,"2,5,6,11,13"
명덕고등학교,7010158,2024-06-28,금,조식,729.0,사과,
명덕고등학교,7010158,2024-06-28,금,중식,3278.0,잡곡밥,5
명덕고등학교,7010158,2024-06-28,금,중식,3278.0,근대된장국,"5,6"
명덕고등학교,7010158,2024-06-28,금,중식,3278.0,불닭*볶음면,"1,2,5,6,10,12,13,15,16"
명덕고등학교,7010158,2024-06-28,금,중식,3278.0,오꼬노미야끼,"1,5,6,9,10,13,17"
명덕고등학교,7010158,2024-06-28,금,중식,3278.0,깍두기,9
명덕고등학교,7010158,2024-06-28,금,중식,3278.0,토마토카프리제,"2,12,13"
명덕고등학교,7010158,2024-06-28,금,석식,366.0,잡곡밥,5
명덕고등학교,7010158,2024-06-28,금,석식,366.0,소고기전골,"2,5,6,16"
명덕고등학교,7010158,2024-06-28,금,석식,366.0,삼색나물(숙주),
명덕고등학교,7010158,2024-06-28,금,석식,366.0,낙지볶음,"2,5,6,9,10,13,15,16,17,18"
명덕고등학교,7010158,2024-06-28,금,석식,366.0,달걀만두,"1,5,12"
명덕고등학교,7010158,2024-06-28,금,석식,366.0,배추김치,9
명덕고등학교,7010158,2024-06-29,토,조식,88.0,쌀밥,
명덕고등학교,7010158,2024-06-29,토,조식,88.0,얼갈이된장국,"5,6"
명덕고등학교,7010158,2024-06-29,토,조식,88.0,구운어묵볶음,"5,6,9,13,16,17,18"
명덕고등학교,7010158,2024-06-29,토,조식,88.0,맛김치,9
명덕고등학교,7010158,2024-06-29,토,조식,88.0,시리얼(스페셜K외),"1,2,5,6,10,14,16,18"
명덕고등학교,7010158,2024-06-29,토,조식,88.0,우유&주스,"2,5,6,11,13"
명덕고등학교,7010158,2024-06-29,토,조식,88.0,파래김자반,5
명덕고등학교,7010158,2024-06-29,토,조식,88.0,바나나,
명덕고등학교,7010158,2024-06-29,토,조식,88.0,훈제오리*야채무침(참깨소스),"1,2,5,6,16"
명덕고등학교,7010158,2024-07-01,월,조식,717.0,쌀밥,
명덕고등학교,7010158,2024-07-01,월,조식,717.0,야채죽,"1,5,6"
명덕고등학교,7010158,2024-07-01,월,조식,717.0,쇠고기배추국,"5,6,16"
명덕고등학교,7010158,2024-07-01,월,조식,717.0,떡갈비조림,"2,5,6,10,13,16"
명덕고등학교,7010158,2024-07-01,월,조식,717.0,취나물볶음,
명덕고등학교,7010158,2024-07-01,월,조식,717.0,꽈리고추오징어볶음,"5,6,13,17"
명덕고등학교,7010158,2024-07-01,월,조식,717.0,깍두기,9
명덕고등학교,7010158,2024-07-01,월,조식,717.0,시리얼(스페셜K외),"1,2,4,5,6,10,14,16,18"
명덕고등학교,7010158,2024-07-01,월,조식,717.0,우유&주스,"2,5,6,11,13"
명덕고등학교,7010158,2024-07-01,월,조식,717.0,사과,
명덕고등학교,7010158,2024-07-01,월,중식,3276.0,잡곡밥,5
명덕고등학교,7010158,2024-07-01,월,중식,3276.0,순두부찌개,"1,2,5,6,10,15,16,18"
명덕고등학교,7010158,2024-07-01,월,중식,3276.0,봉추찜닭,"2,5,6,13,15,16"
명덕고등학교,7010158,2024-07-01,월,중식,3276.0,청포묵김가루무침,
명덕고등학교,7010158,2024-07-01,월,중식,3276.0,맥앤치즈,"1,2,5,6,10,12,15,16"
명덕고등학교,7010158,2024-07-01,월,중식,3276.0,배추김치,9
명덕고등학교,7010158,2024-07-01,월,중식,3276.0,한입아이스홍시,
명덕고등학교,7010158,2024-07-01,월,석식,332.0,쌀밥,
명덕고등학교,7010158,2024-07-01,월,석식,332.0,김치국,"5,6,9"
명덕고등학교,7010158,2024-07-01,월,석식,332.0,단무지무침,
명덕고등학교,7010158,2024-07-01,월,석식,332.0,꿔바로우,"5,6,10,11,12,13"
명덕고등학교,7010158,2024-07-01,월,석식,332.0,짜장소스,"2,5,6,9,10,13,15,16,17,18"
명덕고등학교,7010158,2024-07-01,월,석식,332.0,수박,
명덕고등학교,7010158,2024-07-01,월,석식,332.0,단호박카프리제,"2,13,14"
명덕고등학교,7010158,2024-07-02,화,조식,717.0,쌀밥,
명덕고등학교,7010158,2024-07-02,화,조식,717.0,야채죽,"1,5,6"
명덕고등학교,7010158,2024-07-02,화,조식,717.0,물만두국,"1,5,6,10,15,16,18"
명덕고등학교,7010158,2024-07-02,화,조식,717.0,도토리묵*양념장,"5,6,13"
명덕고등학교,7010158,2024-07-02,화,조식,717.0,훈제오리감자볶음,"2,5,6,10,13,16"
명덕고등학교,7010158,2024-07-02,화,조식,717.0,맛김치,9
명덕고등학교,7010158,2024-07-02,화,조식,717.0,시리얼(스페셜K외),"1,2,4,5,6,10,14,16,18"
명덕고등학교,7010158,2024-07-02,화,조식,717.0,우유&주스,"2,5,6,11,13"
명덕고등학교,7010158,2024-07-02,화,조식,717.0,골드키위,
명덕고등학교,7010158,2024-07-02,화,조식,717.0,보코치니샐러드,"2,6,12"
명덕고등학교,7010158,2024-07-02,화,중식,3276.0,잡곡밥,5
명덕고등학교,7010158,2024-07-02,화,중식,3276.0,된장찌개,"5,6"
명덕고등학교,7010158,2024-07-02,화,중식,3276.0,고구마순들깨볶음,
명덕고등학교,7010158,2024-07-02,화,중식,3276.0,고추장삼겹살,"5,6,10,13,18"
명덕고등학교,7010158,2024-07-02,화,중식,3276.0,배추김치,9
명덕고등학교,7010158,2024-07-02,화,중식,3276.0,베이컨알감자샐러드,"1,2,5,6,10,13"
명덕고등학교,7010158,2024-07-02,화,석식,314.0,잡곡밥,5
명덕고등학교,7010158,2024-07-02,화,석식,314.0,참치탕,"5,6"
명덕고등학교,7010158,2024-07-02,화,석식,314.0,계란찜,1
명덕고등학교,7010158,2024-07-02,화,석식,314.0,오이탕탕이,"5,6,13"
명덕고등학교,7010158,2024-07-02,화,석식,314.0,불꼬노미야끼,"1,2,5,6,10,12,13,15,16"
명덕고등학교,7010158,2024-07-02,화,석식,314.0,배추김치,9
명덕고등학교,7010158,2024-07-03,수,조식,717.0,쌀밥,
명덕고등학교,7010158,2024-07-03,수,조식,717.0,야채죽,"1,5,6"
명덕고등학교,7010158,2024-07-03,수,조식,717.0,나주곰탕,"5,6,16"
명덕고등학교,7010158,2024-07-03,수,조식,717.0,소세지야채볶음,"2,5,6,10,12,13,16,18"
명덕고등학교,7010158,2024-07-03,수,조식,717.0,가자미구이,"2,5,6,12,18"
명덕고등학교,7010158,2024-07-03,수,조식,717.0,맛김치,9
명덕고등학교,7010158,2024-07-03,수,조식,717.0,시리얼(스페셜K외),"1,2,4,5,6,10,14,16,18"
명덕고등학교,7010158,2024-07-03,수,조식,717.0,우유&주스,"2,5,6,11,13"
명덕고등학교,7010158,2024-07-03,수,조식,717.0,배,
명덕고등학교,7010158,2024-07-03,수,조식,717.0,토마토샐러드(믹스넛),"6,12,14"
명덕고등학교,7010158,2024-07-03,수,중식,870.0,돼지된장구이덮밥,"5,6,9,10,13,16,17,18"
명덕고등학교,7010158,2024-07-03,수,중식,870.0,모밀국수(냉),"3,5,6,13"
명덕고등학교,7010158,2024-07-03,수,중식,870.0,후라이드치킨,"1,2,4,5,6,13,15,16"
명덕고등학교,7010158,2024-07-03,수,중식,870.0,깍두기,9
명덕고등학교,7010158,2024-07-03,수,중식,870.0,맛살콘샐러드(꽃맛살샐러드),"1,5,6,8,9,12,13,16,18"
명덕고등학교,7010158,2024-07-03,수,석식,26.0,잡곡밥,5
명덕고등학교,7010158,2024-07-03,수,석식,26.0,얼갈이된장국,"5,6"
명덕고등학교,7010158,2024-07-03,수,석식,26.0,두부조림,"5,13"
명덕고등학교,7010158,2024-07-03,수,석식,26.0,소갈비찜,"5,6,13,16,18"
명덕고등학교,7010158,2024-07-03,수,석식,26.0,콩나물무침,5
명덕고등학교,7010158,2024-07-03,수,석식,26.0,깍두기,9
명덕고등학교,7010158,2024-07-04,목,조식,717.0,쌀밥,
명덕고등학교,7010158,2024-07-04,목,조식,717.0,야채죽,"1,5,6"
명덕고등학교,7010158,2024-07-04,목,조식,717.0,감자옹심이국,6
명덕고등학교,7010158,2024-07-04,목,조식,717.0,진미채볶음,"1,5,6,13,17"
명덕고등학교,7010158,2024-07-04,목,조식,717.0,포크큐브스테이크,"1,2,5,6,10,12,15,16"
명덕고등학교,7010158,2024-07-04,목,조식,717.0,맛김치,9
명덕고등학교,7010158,2024-07-04,목,조식,717.0,시리얼(스페셜K외),"1,2,4,5,6,10,14,16,18"
명덕고등학교,7010158,2024-07-04,목,조식,717.0,우유&주스,"2,5,6,11,13"
명덕고등학교,7010158,2024-07-04,목,조식,717.0,다시마브로콜리초회9,"5,6,13,17"
명덕고등학교,7010158,2024-07-04,목,조식,717.0,크림슨포도,
명덕고등학교,7010158,2024-07-04,목,중식,870.0,잡곡밥,5
명덕고등학교,7010158,2024-07-04,목,중식,870.0,오징어파개장,"5,6,17"
명덕고등학교,7010158,2024-07-04,목,중식,870.0,오이무침,"5,6,9,13"
명덕고등학교,7010158,2024-07-04,목,중식,870.0,버섯불고기,"5,6,13,16,18"
명덕고등학교,7010158,2024-07-04,목,중식,870.0,감자고로케,"2,5,6,10,12"
명덕고등학교,7010158,2024-07-04,목,중식,870.0,배추김치,9
명덕고등학교,7010158,2024-07-04,목,중식,870.0,사과,
명덕고등학교,7010158,2024-07-04,목,석식,52.0,오므라이스*데미소스,"1,2,5,6,10,12,13,15,16"
명덕고등학교,7010158,2024-07-04,목,석식,52.0,꼬치어묵국,"5,6"
명덕고등학교,7010158,2024-07-04,목,석식,52.0,치킨까스*소스,"2,5,6,12,15"
명덕고등학교,7010158,2024-07-04,목,석식,52.0,깍두기,9
명덕고등학교,7010158,2024-07-04,목,석식,52.0,시저샐러드,"1,2,5,6,10,12"
명덕고등학교,7010158,2024-07-05,금,조식,717.0,쌀밥,
명덕고등학교,7010158,2024-07-05,금,조식,717.0,야채죽,"1,5,6"
명덕고등학교,7010158,2024-07-05,금,조식,717.0,아욱된장국,"5,6"
명덕고등학교,7010158,2024-07-05,금,조식,717.0,참치김치볶음*두부,"5,9,13"
명덕고등학교,7010158,2024-07-05,금,조식,717.0,전복버터구이,"2,18"
명덕고등학교,7010158,2024-07-05,금,조식,717.0,깍두기,9
명덕고등학교,7010158,2024-07-05,금,조식,717.0,시리얼(스페셜K외),"1,2,4,5,6,10,14,16,18"
명덕고등학교,7010158,2024-07-05,금,조식,717.0,우유&주스,"2,5,6,11,13"
명덕고등학교,7010158,2024-07-05,금,조식,717.0,메론,
명덕고등학교,7010158,2024-07-05,금,조식,717.0,콥샐러드,"1,2,5,12,13"
명덕고등학교,7010158,2024-07-05,금,중식,235.0,잡곡밥,5
명덕고등학교,7010158,2024-07-05,금,중식,235.0,매운콩나물국,"5,6"
명덕고등학교,7010158,2024-07-05,금,중식,235.0,수육-교,"5,6,9,10"
명덕고등학교,7010158,2024-07-05,금,중식,235.0,무말랭이무침,
명덕고등학교,7010158,2024-07-05,금,중식,235.0,해물파전,"1,5,6,9,13,17"
명덕고등학교,7010158,2024-07-05,금,중식,235.0,배추김치,9
명덕고등학교,7010158,2024-07-05,금,중식,235.0,상추쌈,
명덕고등학교,7010158,2024-07-05,금,석식,22.0,잡곡밥,5
명덕고등학교,7010158,2024-07-05,금,석식,22.0,소고기칼국수전골,"2,5,6,16"
명덕고등학교,7010158,2024-07-05,금,석식,22.0,메추리알장조림,"1,5,6,13"
명덕고등학교,7010158,2024-07-05,금,석식,22.0,삼치조림,"5,6,13"
명덕고등학교,7010158,2024-07-05,금,석식,22.0,배추김치,9
명덕고등학교,7010158,2024-07-06,토,조식,31.0,쌀밥,
명덕고등학교,7010158,2024-07-06,토,조식,31.0,우동국,"1,2,5,6,7,9,13,16,18"
명덕고등학교,7010158,2024-07-06,토,조식,31.0,하이라이스소스,"1,2,5,6,12,16"
명덕고등학교,7010158,2024-07-06,토,조식,31.0,돌돌고기떡말이,"2,5,6,10,16"
명덕고등학교,7010158,2024-07-06,토,조식,31.0,스크램블에그,"1,2,12"
명덕고등학교,7010158,2024-07-06,토,조식,31.0,맛김치,9
명덕고등학교,7010158,2024-07-06,토,조식,31.0,시리얼(스페셜K외),"1,2,4,5,6,10,14,16,18"
명덕고등학교,7010158,2024-07-06,토,조식,31.0,우유&주스,"2,5,6,11,13"
명덕고등학교,7010158,2024-07-06,토,조식,31.0,매실간장마늘쫑,"5,6"
명덕고등학교,7010158,2024-07-06,토,조식,31.0,바나나,
명덕고등학교,7010158,2024-07-08,월,조식,717.0,쌀밥,
명덕고등학교,7010158,2024-07-08,월,조식,717.0,야채죽,"1,5,6"
명덕고등학교,7010158,2024-07-08,월,조식,717.0,쇠고기무국,"5,6,16"
명덕고등학교,7010158,2024-07-08,월,조식,717.0,매콤어묵볶음,"5,6,9,13,16,17,18"
명덕고등학교,7010158,2024-07-08,월,조식,717.0,멸치견과볶음(유자),"5,13,14"
명덕고등학교,7010158,2024-07-08,월,조식,717.0,맛김치,9
명덕고등학교,7010158,2024-07-08,월,조식,717.0,시리얼(스페셜K외),"1,2,4,5,6,10,14,16,18"
명덕고등학교,7010158,2024-07-08,월,조식,717.0,우유&주스,"2,5,6,11,13"
명덕고등학교,7010158,2024-07-08,월,조식,717.0,방울토마토,12
명덕고등학교,7010158,2024-07-08,월,조식,717.0,훈제오리*야채무침(참깨소스),"1,2,5,6,16"
명덕고등학교,7010158,2024-07-08,월,중식,1496.0,곤드레나물밥*양념장,"5,6,13"
명덕고등학교,7010158,2024-07-08,월,중식,1496.0,배추된장국,"5,6"
명덕고등학교,7010158,2024-07-08,월,중식,1496.0,두부커틀렛,"5,6,13"
명덕고등학교,7010158,2024-07-08,월,중식,1496.0,쭈꾸미소세지볶음,"2,5,6,10,12,13,16,18"
명덕고등학교,7010158,2024-07-08,월,중식,1496.0,깍두기,9
명덕고등학교,7010158,2024-07-08,월,중식,1496.0,무조미김,
명덕고등학교,7010158,2024-07-08,월,석식,51.0,잡곡밥,5
명덕고등학교,7010158,2024-07-08,월,석식,51.0,연두부탕,"5,6,9,18"
명덕고등학교,7010158,2024-07-08,월,석식,51.0,매운돈갈비찜(선진),"5,6,10,13,18"
명덕고등학교,7010158,2024-07-08,월,석식,51.0,얼갈이나물,"5,6"
명덕고등학교,7010158,2024-07-08,월,석식,51.0,김치당면전,"5,6,9"
명덕고등학교,7010158,2024-07-08,월,석식,51.0,깍두기,9
명덕고등학교,7010158,2024-07-09,화,조식,710.0,쌀밥,
명덕고등학교,7010158,2024-07-09,화,조식,710.0,전복죽(조식),"1,5,6,18"
명덕고등학교,7010158,2024-07-09,화,조식,710.0,일식장국,"5,6"
명덕고등학교,7010158,2024-07-09,화,조식,710.0,쇠고기사태장조림(조식),"1,16"
명덕고등학교,7010158,2024-07-09,화,조식,710.0,오이지무침,13
명덕고등학교,7010158,2024-07-09,화,조식,710.0,맛김치,9
명덕고등학교,7010158,2024-07-09,화,조식,710.0,시리얼(스페셜K외),"1,2,4,5,6,10,14,16,18"
명덕고등학교,7010158,2024-07-09,화,조식,710.0,우유&주스,"2,5,6,11,13"
명덕고등학교,7010158,2024-07-09,화,조식,710.0,골드키위,
명덕고등학교,7010158,2024-07-09,화,조식,710.0,감자샐러드(깍둑)-조식,"1,2,5"
명덕고등학교,7010158,2024-07-09,화,중식,1496.0,쌀밥,
명덕고등학교,7010158,2024-07-09,화,중식,1496.0,비빔닭칼국수,"2,5,6,13,15"
명덕고등학교,7010158,2024-07-09,화,중식,1496.0,우동국,"1,2,5,6,7,9,13,16,18"
명덕고등학교,7010158,2024-07-09,화,중식,1496.0,수제떡갈비*영양부추무침,"2,5,6,10,12,13,16,18"
명덕고등학교,7010158,2024-07-09,화,중식,1496.0,고구마베이컨오븐구이,"1,5,10"
명덕고등학교,7010158,2024-07-09,화,중식,1496.0,깍두기,9
명덕고등학교,7010158,2024-07-09,화,석식,51.0,건새우무국,"5,6,9"
명덕고등학교,7010158,2024-07-09,화,석식,51.0,목살김치짜글이,"9,10"
명덕고등학교,7010158,2024-07-09,화,석식,51.0,고구마치즈롤까스,"2,5,6,10,12,17,18"
명덕고등학교,7010158,2024-07-09,화,석식,51.0,깍두기,9
명덕고등학교,7010158,2024-07-09,화,석식,51.0,어니언콘샐러드,"2,5,6,12,13"
명덕고등학교,7010158,2024-07-10,수,조식,710.0,시금치된장국,"5,6,9"
명덕고등학교,7010158,2024-07-10,수,조식,710.0,소고기연두부밥,"5,6,13,16,18"
명덕고등학교,7010158,2024-07-10,수,조식,710.0,동그랑땡전,"5,6,10,12,16"
명덕고등학교,7010158,2024-07-10,수,조식,710.0,매실된장고등어살구이,7
명덕고등학교,7010158,2024-07-10,수,조식,710.0,맛김치,9
명덕고등학교,7010158,2024-07-10,수,조식,710.0,시리얼(스페셜K외),"1,2,4,5,6,10,14,16,18"
명덕고등학교,7010158,2024-07-10,수,조식,710.0,우유&주스,"2,5,6,11,13"
명덕고등학교,7010158,2024-07-10,수,조식,710.0,사과,
명덕고등학교,7010158,2024-07-10,수,조식,710.0,그래놀라샐러드(조식),"2,5,6,12"
명덕고등학교,7010158,2024-07-10,수,중식,3279.0,볼로네제파스타,"2,5,6,12,13,15,16,18"
명덕고등학교,7010158,2024-07-10,수,중식,3279.0,조각피자,"2,5,6,12,16,18"
명덕고등학교,7010158,2024-07-10,수,중식,3279.0,오이피클,9
명덕고등학교,7010158,2024-07-10,수,중식,3279.0,엔요플레인요구르트,2
명덕고등학교,7010158,2024-07-10,수,중식,3279.0,시저샐러드,"1,2,5,6,10,12"
명덕고등학교,7010158,2024-07-10,수,석식,116.0,잡곡밥,5
명덕고등학교,7010158,2024-07-10,수,석식,116.0,감자옹심이국,6
명덕고등학교,7010158,2024-07-10,수,석식,116.0,무말랭이무침,
명덕고등학교,7010158,2024-07-10,수,석식,116.0,지삼선,"5,6,9,12,13,16,17,18"
명덕고등학교,7010158,2024-07-10,수,석식,116.0,닭보쌈,"5,6,15"
명덕고등학교,7010158,2024-07-10,수,석식,116.0,배추김치,9
명덕고등학교,7010158,2024-07-10,수,석식,116.0,상추쌈,
명덕고등학교,7010158,2024-07-11,목,조식,710.0,쌀밥,
명덕고등학교,7010158,2024-07-11,목,조식,710.0,김치국,"2,5,6,7,9,13,16,18"
명덕고등학교,7010158,2024-07-11,목,조식,710.0,열탄불고기,"5,6,10,13"
명덕고등학교,7010158,2024-07-11,목,조식,710.0,깍두기,9
명덕고등학교,7010158,2024-07-11,목,조식,710.0,시리얼(스페셜K외),"1,2,4,5,6,10,14,16,18"
명덕고등학교,7010158,2024-07-11,목,조식,710.0,우유&주스,"2,5,6,11,13"
명덕고등학교,7010158,2024-07-11,목,조식,710.0,매실간장마늘쫑,"5,6"
명덕고등학교,7010158,2024-07-11,목,조식,710.0,바나나,
명덕고등학교,7010158,2024-07-11,목,조식,710.0,텐더샐러드-조식,"1,5,6,12,13,14,15"
명덕고등학교,7010158,2024-07-11,목,중식,3279.0,잡곡밥,5
명덕고등학교,7010158,2024-07-11,목,중식,3279.0,평양식만둣국,"1,5,6,10,13,15,16,18"
명덕고등학교,7010158,2024-07-11,목,중식,3279.0,단무지무침,
명덕고등학교,7010158,2024-07-11,목,중식,3279.0,탕평채,13
명덕고등학교,7010158,2024-07-11,목,중식,3279.0,닭볶음탕,"2,5,6,12,13,15,16,18"
명덕고등학교,7010158,2024-07-11,목,중식,3279.0,아이스망고,
명덕고등학교,7010158,2024-07-11,목,석식,217.0,잡곡밥,5
명덕고등학교,7010158,2024-07-11,목,석식,217.0,떡국,"1,5,6,16"
명덕고등학교,7010158,2024-07-11,목,석식,217.0,갈치조림,"5,6,13"
명덕고등학교,7010158,2024-07-11,목,석식,217.0,깻잎나물,"5,6"
명덕고등학교,7010158,2024-07-11,목,석식,217.0,소세지볶음,"2,5,6,10,12,13,16,18"
명덕고등학교,7010158,2024-07-11,목,석식,217.0,배추김치,9
명덕고등학교,7010158,2024-07-11,목,석식,217.0,포도(캠벨),
명덕고등학교,7010158,2024-07-12,금,조식,710.0,쌀밥,
명덕고등학교,7010158,2024-07-12,금,조식,710.0,오징어무국,"5,6,17"
명덕고등학교,7010158,2024-07-12,금,조식,710.0,닭살카레볶음,"2,5,6,12,15,18"
명덕고등학교,7010158,2024-07-12,금,조식,710.0,동태전,"1,5,6"
명덕고등학교,7010158,2024-07-12,금,조식,710.0,구운계란,1
명덕고등학교,7010158,2024-07-12,금,조식,710.0,맛김치,9
명덕고등학교,7010158,2024-07-12,금,조식,710.0,시리얼(스페셜K외),"1,2,4,5,6,10,14,16,18"
명덕고등학교,7010158,2024-07-12,금,조식,710.0,우유&주스,"2,5,6,11,13"
명덕고등학교,7010158,2024-07-12,금,조식,710.0,배,
명덕고등학교,7010158,2024-07-12,금,조식,710.0,토마토샐러드(믹스넛),"6,12,14"
명덕고등학교,7010158,2024-07-12,금,중식,3279.0,잡곡밥,5
명덕고등학교,7010158,2024-07-12,금,중식,3279.0,버섯들깨탕,"5,6"
명덕고등학교,7010158,2024-07-12,금,중식,3279.0,미나리무생채,"5,9,13"
명덕고등학교,7010158,2024-07-12,금,중식,3279.0,양념돼지갈비구이,"1,2,5,6,10,16"
명덕고등학교,7010158,2024-07-12,금,중식,3279.0,배추김치,9
명덕고등학교,7010158,2024-07-12,금,중식,3279.0,양배추샐러드*오징어튀김,"1,5,6,12,17"
명덕고등학교,7010158,2024-07-12,금,석식,258.0,잡곡밥,5
명덕고등학교,7010158,2024-07-12,금,석식,258.0,맑은육개장,"13,16"
명덕고등학교,7010158,2024-07-12,금,석식,258.0,꽈리고추감자조림,"5,6,13"
명덕고등학교,7010158,2024-07-12,금,석식,258.0,제육볶음,"5,6,10,13,18"
명덕고등학교,7010158,2024-07-12,금,석식,258.0,도시락김(풀무원),
명덕고등학교,7010158,2024-07-12,금,석식,258.0,배추김치,9
명덕고등학교,7010158,2024-07-13,토,조식,46.0,쌀밥,
명덕고등학교,7010158,2024-07-13,토,조식,46.0,근대된장국,"5,6"
명덕고등학교,7010158,2024-07-13,토,조식,46.0,계란장조림,"1,5,6,13"
명덕고등학교,7010158,2024-07-13,토,조식,46.0,버섯불고기,"5,6,13,16,18"
명덕고등학교,7010158,2024-07-13,토,조식,46.0,맛김치,9
명덕고등학교,7010158,2024-07-13,토,조식,46.0,시리얼(스페셜K외),"1,2,4,5,6,10,14,16,18"
명덕고등학교,7010158,2024-07-13,토,조식,46.0,우유&주스,"2,5,6,11,13"
명덕고등학교,7010158,2024-07-13,토,조식,46.0,사과,
명덕고등학교,7010158,2024-07-13,토,조식,46.0,간장무채장아찌,"5,6,8,9,18"
명덕고등학교,7010158,2024-07-15,월,조식,711.0,쌀밥,
명덕고등학교,7010158,2024-07-15,월,조식,711.0,갈빗살양념구이,"5,6,13,16,18"
명덕고등학교,7010158,2024-07-15,월,조식,711.0,북어국,"1,5,6"
명덕고등학교,7010158,2024-07-15,월,조식,711.0,계란찜,1
명덕고등학교,7010158,2024-07-15,월,조식,711.0,맛김치,9
명덕고등학교,7010158,2024-07-15,월,조식,711.0,시리얼(스페셜K외),"1,2,4,5,6,10,14,16,18"
명덕고등학교,7010158,2024-07-15,월,조식,711.0,우유&주스,"2,5,6,11,13"
명덕고등학교,7010158,2024-07-15,월,조식,711.0,사과,
명덕고등학교,7010158,2024-07-15,월,조식,711.0,자몽파스타샐러드,"2,6,12,13"
명덕고등학교,7010158,2024-07-15,월,중식,3283.0,쌀밥,
명덕고등학교,7010158,2024-07-15,월,중식,3283.0,장각백숙,"5,6,10,15,16"
명덕고등학교,7010158,2024-07-15,월,중식,3283.0,풋고추쌈장무침,"5,6"
명덕고등학교,7010158,2024-07-15,월,중식,3283.0,미나리오징어전,"1,5,6,17"
명덕고등학교,7010158,2024-07-15,월,중식,3283.0,비빔만두,"1,5,6,10,13,15,16,18"
명덕고등학교,7010158,2024-07-15,월,중식,3283.0,깍두기,9
명덕고등학교,7010158,2024-07-15,월,중식,3283.0,수박,
명덕고등학교,7010158,2024-07-15,월,석식,348.0,잡곡밥,5
명덕고등학교,7010158,2024-07-15,월,석식,348.0,부대찌개,"1,2,5,6,9,10,12,15,16"
명덕고등학교,7010158,2024-07-15,월,석식,348.0,참나물청포묵무침,13
명덕고등학교,7010158,2024-07-15,월,석식,348.0,오이지무침,13
명덕고등학교,7010158,2024-07-15,월,석식,348.0,생선까스*새우칩,"1,5,6"
명덕고등학교,7010158,2024-07-15,월,석식,348.0,깍두기,9
명덕고등학교,7010158,2024-07-16,화,조식,710.0,쌀밥,
명덕고등학교,7010158,2024-07-16,화,조식,710.0,빵(조식),"1,2,5,6,9,10,12,13,14,15,16,18"
명덕고등학교,7010158,2024-07-16,화,조식,710.0,쇠고기미역국,"5,6,16"
명덕고등학교,7010158,2024-07-16,화,조식,710.0,순살찜닭,"2,5,6,13,15,16"
명덕고등학교,7010158,2024-07-16,화,조식,710.0,새우동그랑땡,"1,5,6,8,9,12,16,18"
명덕고등학교,7010158,2024-07-16,화,조식,710.0,맛김치,9
명덕고등학교,7010158,2024-07-16,화,조식,710.0,시리얼(스페셜K외),"1,2,4,5,6,10,14,16,18"
명덕고등학교,7010158,2024-07-16,화,조식,710.0,우유&주스,"2,5,6,11,13"
명덕고등학교,7010158,2024-07-16,화,조식,710.0,골드키위,
명덕고등학교,7010158,2024-07-16,화,조식,710.0,사과호두샐러드,"2,14"
명덕고등학교,7010158,2024-07-16,화,중식,3259.0,잡곡밥,5
명덕고등학교,7010158,2024-07-16,화,중식,3259.0,육개장,"1,5,16"
명덕고등학교,7010158,2024-07-16,화,중식,3259.0,버섯불고기,"5,6,13,16,18"
명덕고등학교,7010158,2024-07-16,화,중식,3259.0,스팸감자구이,"2,5,6,10,16"
명덕고등학교,7010158,2024-07-16,화,중식,3259.0,배추김치,9
명덕고등학교,7010158,2024-07-16,화,중식,3259.0,파래김자반,5
명덕고등학교,7010158,2024-07-16,화,중식,3259.0,바나나,
명덕고등학교,7010158,2024-07-16,화,석식,344.0,쌀밥,
명덕고등학교,7010158,2024-07-16,화,석식,344.0,막국수,"3,5,6,13"
명덕고등학교,7010158,2024-07-16,화,석식,344.0,계란국,"1,5,6"
명덕고등학교,7010158,2024-07-16,화,석식,344.0,돈까스*소스,"5,6,17,18,10,12"
명덕고등학교,7010158,2024-07-16,화,석식,344.0,고구마그라탕,"1,2,5,10,12,13"
명덕고등학교,7010158,2024-07-16,화,석식,344.0,배추김치,9
명덕고등학교,7010158,2024-07-16,화,석식,344.0,메론,
명덕고등학교,7010158,2024-07-17,수,조식,710.0,쌀밥,
명덕고등학교,7010158,2024-07-17,수,조식,710.0,누룽지,
명덕고등학교,7010158,2024-07-17,수,조식,710.0,된장찌개,"5,6"
명덕고등학교,7010158,2024-07-17,수,조식,710.0,미니돈까스,"5,6,10,12,16,17,18"
명덕고등학교,7010158,2024-07-17,수,조식,710.0,굴비구이,"5,6"
명덕고등학교,7010158,2024-07-17,수,조식,710.0,맛김치,9
명덕고등학교,7010158,2024-07-17,수,조식,710.0,시리얼(스페셜K외),"1,2,4,5,6,10,14,16,18"
명덕고등학교,7010158,2024-07-17,수,조식,710.0,우유&주스,"2,5,6,11,13"
명덕고등학교,7010158,2024-07-17,수,조식,710.0,방울토마토,12
명덕고등학교,7010158,2024-07-17,수,조식,710.0,그래놀라샐러드(조식),"2,5,6,12"
명덕고등학교,7010158,2024-07-17,수,중식,3259.0,지코바치밥,"1,2,5,6,12,15"
명덕고등학교,7010158,2024-07-17,수,중식,3259.0,순두부백탕07,5
명덕고등학교,7010158,2024-07-17,수,중식,3259.0,멸치견과류볶음,"5,13,14"
명덕고등학교,7010158,2024-07-17,수,중식,3259.0,콘치즈퀘사디아,"1,2,5,6,10,13,15,16"
명덕고등학교,7010158,2024-07-17,수,중식,3259.0,배추김치,9
명덕고등학교,7010158,2024-07-17,수,석식,120.0,잡곡밥,5
명덕고등학교,7010158,2024-07-17,수,석식,120.0,오징어무국,"5,6,17"
명덕고등학교,7010158,2024-07-17,수,석식,120.0,파채무침,13
명덕고등학교,7010158,2024-07-17,수,석식,120.0,훈제삼겹구이,"6,10"
명덕고등학교,7010158,2024-07-17,수,석식,120.0,깍두기,9
명덕고등학교,7010158,2024-07-17,수,석식,120.0,매실간장마늘쫑,"5,6"
명덕고등학교,7010158,2024-07-17,수,석식,120.0,감자샐러드(네모),"1,5,13"
명덕고등학교,7010158,2024-07-18,목,조식,710.0,쌀밥,
명덕고등학교,7010158,2024-07-18,목,조식,710.0,매운콩나물국,"5,6"
명덕고등학교,7010158,2024-07-18,목,조식,710.0,메추리알장조림,"1,5,6,13"
명덕고등학교,7010158,2024-07-18,목,조식,710.0,콩자반,"5,6,13"
명덕고등학교,7010158,2024-07-18,목,조식,710.0,인삼양념닭구이,"5,6,13,15"
명덕고등학교,7010158,2024-07-18,목,조식,710.0,맛김치,9
명덕고등학교,7010158,2024-07-18,목,조식,710.0,시리얼(스페셜K외),"1,2,4,5,6,10,14,16,18"
명덕고등학교,7010158,2024-07-18,목,조식,710.0,우유&주스,"2,5,6,11,13"
명덕고등학교,7010158,2024-07-18,목,조식,710.0,크림슨포도,
명덕고등학교,7010158,2024-07-18,목,중식,3259.0,후리가케밥,"1,5,6"
명덕고등학교,7010158,2024-07-18,목,중식,3259.0,새우튀김냉우동,"2,3,5,6,7,9,13,16,18,1"
명덕고등학교,7010158,2024-07-18,목,중식,3259.0,쪽갈비찜,"2,5,6,10,13,16"
명덕고등학교,7010158,2024-07-18,목,중식,3259.0,깍두기,9
명덕고등학교,7010158,2024-07-18,목,중식,3259.0,맛살콘샐러드(꽃맛살샐러드),"1,5,6,8,9,12,13,16,18"
명덕고등학교,7010158,2024-07-18,목,석식,341.0,밥버거,"1,2,5,6,9,10,13,15,16"
명덕고등학교,7010158,2024-07-18,목,석식,341.0,꼬치어묵국,"5,6"
명덕고등학교,7010158,2024-07-18,목,석식,341.0,단무지,
명덕고등학교,7010158,2024-07-18,목,석식,341.0,떡볶이(석식),"1,5,6,12,13,16"
명덕고등학교,7010158,2024-07-18,목,석식,341.0,김말이튀김,"5,6,16"
명덕고등학교,7010158,2024-07-18,목,석식,341.0,유산균요구르트,2
명덕고등학교,7010158,2024-07-18,목,석식,341.0,그린샐러드,"5,6,12"
명덕고등학교,7010158,2024-07-19,금,조식,710.0,장조림비빔밥,"1,2,5,6,10,13,16"
명덕고등학교,7010158,2024-07-19,금,조식,710.0,일식장국,"5,6"
명덕고등학교,7010158,2024-07-19,금,조식,710.0,우엉잡채,"5,6,13"
명덕고등학교,7010158,2024-07-19,금,조식,710.0,멘츠까스,"1,5,6,10"
명덕고등학교,7010158,2024-07-19,금,조식,710.0,맛김치,9
명덕고등학교,7010158,2024-07-19,금,조식,710.0,시리얼(스페셜K외),"1,2,4,5,6,10,14,16,18"
명덕고등학교,7010158,2024-07-19,금,조식,710.0,우유&주스,"2,5,6,11,13"
명덕고등학교,7010158,2024-07-19,금,조식,710.0,사과,
명덕고등학교,7010158,2024-07-19,금,조식,710.0,토마토샐러드(믹스넛),"6,12,14"
명덕고등학교,7010158,2024-07-19,금,중식,100.0,잡곡밥,5
명덕고등학교,7010158,2024-07-19,금,중식,100.0,청국장찌개(조식),"5,9,16"
명덕고등학교,7010158,2024-07-19,금,중식,100.0,오이지무침,13
명덕고등학교,7010158,2024-07-19,금,중식,100.0,제육볶음,"5,6,10,13,18"
명덕고등학교,7010158,2024-07-19,금,중식,100.0,계란말이,"1,5"
명덕고등학교,7010158,2024-07-19,금,중식,100.0,파김치,9
명덕고등학교,7010158,2024-07-19,금,중식,100.0,일식샐러드*흑임자드레싱,"1,5,6,12"
명덕고등학교,7010158,2024-07-22,월,조식,524.0,쌀밥,
명덕고등학교,7010158,2024-07-22,월,조식,524.0,떡국,"1,5,6,16"
명덕고등학교,7010158,2024-07-22,월,조식,524.0,미역줄기볶음,"1,5,6,8"
명덕고등학교,7010158,2024-07-22,월,조식,524.0,버섯불고기,"5,6,13,16,18"
명덕고등학교,7010158,2024-07-22,월,조식,524.0,맛김치,9
명덕고등학교,7010158,2024-07-22,월,조식,524.0,시리얼(스페셜K외),"1,2,4,5,6,10,14,16,18"
명덕고등학교,7010158,2024-07-22,월,조식,524.0,우유&주스,"2,5,6,11,13"
명덕고등학교,7010158,2024-07-22,월,조식,524.0,사과,
명덕고등학교,7010158,2024-07-22,월,조식,524.0,토마토카프리제,"2,12,13"
명덕고등학교,7010158,2024-07-22,월,중식,1029.0,잡곡밥,5
명덕고등학교,7010158,2024-07-22,월,중식,1029.0,시금치된장국,"5,6,9"
명덕고등학교,7010158,2024-07-22,월,중식,1029.0,코다리무조림,"5,6,13"
명덕고등학교,7010158,2024-07-22,월,중식,1029.0,도시락김,
명덕고등학교,7010158,2024-07-22,월,중식,1029.0,소고기육전*파채무침,"1,5,6,13,16"
명덕고등학교,7010158,2024-07-22,월,중식,1029.0,배추김치,9
명덕고등학교,7010158,2024-07-22,월,중식,1029.0,메론,
명덕고등학교,7010158,2024-07-22,월,석식,166.0,쌀밥,
명덕고등학교,7010158,2024-07-22,월,석식,166.0,카레우동,"1,2,4,5,6,12,13,15,16,18"
명덕고등학교,7010158,2024-07-22,월,석식,166.0,치킨가라아게,
명덕고등학교,7010158,2024-07-22,월,석식,166.0,함박스테이크,"5,6,10,12,13,16"
명덕고등학교,7010158,2024-07-22,월,석식,166.0,깍두기,9
명덕고등학교,7010158,2024-07-22,월,석식,166.0,일식샐러드*흑임자드레싱,"1,5,6,12"
명덕고등학교,7010158,2024-07-23,화,조식,518.0,쌀밥,
명덕고등학교,7010158,2024-07-23,화,조식,518.0,얼갈이된장국,"5,6"
명덕고등학교,7010158,2024-07-23,화,조식,518.0,울외장아찌,
명덕고등학교,7010158,2024-07-23,화,조식,518.0,멸치고추장조림(가이리),"5,6,13,14"
명덕고등학교,7010158,2024-07-23,화,조식,518.0,와규큐브찹스테이크,16
명덕고등학교,7010158,2024-07-23,화,조식,518.0,맛김치,9
명덕고등학교,7010158,2024-07-23,화,조식,518.0,시리얼(스페셜K외),"1,2,4,5,6,10,14,16,18"
명덕고등학교,7010158,2024-07-23,화,조식,518.0,우유&주스,"2,5,6,11,13"
명덕고등학교,7010158,2024-07-23,화,조식,518.0,포도(캠벨),
명덕고등학교,7010158,2024-07-23,화,중식,1037.0,잡곡밥,5
명덕고등학교,7010158,2024-07-23,화,중식,1037.0,참치김치찌개,"5,9,13"
명덕고등학교,7010158,2024-07-23,화,중식,1037.0,도토리묵야채무침,"5,6"
명덕고등학교,7010158,2024-07-23,화,중식,1037.0,베이크치킨,"2,5,6,15"
명덕고등학교,7010158,2024-07-23,화,중식,1037.0,깍두기,9
명덕고등학교,7010158,2024-07-23,화,중식,1037.0,사과호두샐러드,"2,14"
명덕고등학교,7010158,2024-07-23,화,석식,169.0,잡곡밥,5
명덕고등학교,7010158,2024-07-23,화,석식,169.0,맑은콩나물국,5
명덕고등학교,7010158,2024-07-23,화,석식,169.0,미나리무생채,"5,9,13"
명덕고등학교,7010158,2024-07-23,화,석식,169.0,고추장불고기,"5,6,10,13,18"
명덕고등학교,7010158,2024-07-23,화,석식,169.0,오꼬노미야끼,"1,5,6,9,10,13,17"
명덕고등학교,7010158,2024-07-23,화,석식,169.0,배추김치,9
명덕고등학교,7010158,2024-07-23,화,석식,169.0,바나나,
명덕고등학교,7010158,2024-07-24,수,조식,521.0,쌀밥,
명덕고등학교,7010158,2024-07-24,수,조식,521.0,육개장,"1,5,16"
명덕고등학교,7010158,2024-07-24,수,조식,521.0,치킨너겟,"1,2,5,6,13,15"
명덕고등학교,7010158,2024-07-24,수,조식,521.0,갈치구이(국내산바질향 갈치토막),"2,5,6,12,13,18"
명덕고등학교,7010158,2024-07-24,수,조식,521.0,맛김치,9
명덕고등학교,7010158,2024-07-24,수,조식,521.0,시리얼(스페셜K외),"1,2,4,5,6,10,14,16,18"
명덕고등학교,7010158,2024-07-24,수,조식,521.0,우유&주스,"2,5,6,11,13"
명덕고등학교,7010158,2024-07-24,수,조식,521.0,파인애플,
명덕고등학교,7010158,2024-07-24,수,조식,521.0,크루통샐러드,"1,2,5,6,10,12,13"
명덕고등학교,7010158,2024-07-24,수,중식,1047.0,잡곡밥,5
명덕고등학교,7010158,2024-07-24,수,중식,1047.0,쌀국수,"15,16,2,5,6,12"
명덕고등학교,7010158,2024-07-24,수,중식,1047.0,연두부*양념장,5
명덕고등학교,7010158,2024-07-24,수,중식,1047.0,황도샐러드,"1,2,5,6,11,12"
명덕고등학교,7010158,2024-07-24,수,중식,1047.0,깐풍탕수육,"2,5,6,10,12,13,16"
명덕고등학교,7010158,2024-07-24,수,중식,1047.0,배추김치,9
명덕고등학교,7010158,2024-07-24,수,석식,131.0,잡곡밥,5
명덕고등학교,7010158,2024-07-24,수,석식,131.0,치즈불닭,"2,5,6,12,13,15,16"
명덕고등학교,7010158,2024-07-24,수,석식,131.0,메밀전병,"1,3,5,6,10,16"
명덕고등학교,7010158,2024-07-24,수,석식,131.0,배추김치,9
명덕고등학교,7010158,2024-07-24,수,석식,131.0,오이냉국,"5,6,13,16"
명덕고등학교,7010158,2024-07-24,수,석식,131.0,단호박견과샐러드,"1,2,5,6,16"
명덕고등학교,7010158,2024-07-25,목,조식,516.0,쌀밥,
명덕고등학교,7010158,2024-07-25,목,조식,516.0,야채죽,"1,5,6"
명덕고등학교,7010158,2024-07-25,목,조식,516.0,김치국,"2,5,6,7,9,13,16,18"
명덕고등학교,7010158,2024-07-25,목,조식,516.0,허니간장불고기,10
명덕고등학교,7010158,2024-07-25,목,조식,516.0,두부닭지짐이,"1,2,5,6,10,16"
명덕고등학교,7010158,2024-07-25,목,조식,516.0,깍두기,9
명덕고등학교,7010158,2024-07-25,목,조식,516.0,시리얼(스페셜K외),"1,2,4,5,6,10,14,16,18"
명덕고등학교,7010158,2024-07-25,목,조식,516.0,우유&주스,"2,5,6,11,13"
명덕고등학교,7010158,2024-07-25,목,조식,516.0,방울토마토,12
명덕고등학교,7010158,2024-07-25,목,조식,516.0,콥샐러드,"1,2,5,12,13"
명덕고등학교,7010158,2024-07-25,목,중식,1050.0,잡곡밥,5
명덕고등학교,7010158,2024-07-25,목,중식,1050.0,미역국,"5,6"
명덕고등학교,7010158,2024-07-25,목,중식,1050.0,계란찜,1
명덕고등학교,7010158,2024-07-25,목,중식,1050.0,묵은지들기름무침,"9,13"
명덕고등학교,7010158,2024-07-25,목,중식,1050.0,콩나물파채무침,"5,6,13"
명덕고등학교,7010158,2024-07-25,목,중식,1050.0,삼겹살구이,10
명덕고등학교,7010158,2024-07-25,목,석식,170.0,햄야채볶음밥,"1,2,5,6,10,15,16"
명덕고등학교,7010158,2024-07-25,목,석식,170.0,일식장국,"5,6"
명덕고등학교,7010158,2024-07-25,목,석식,170.0,크리스피돈강정,"2,5,6,10,16"
명덕고등학교,7010158,2024-07-25,목,석식,170.0,알감자버터구이,"1,2,5,6,13"
명덕고등학교,7010158,2024-07-25,목,석식,170.0,깍두기,9
명덕고등학교,7010158,2024-07-25,목,석식,170.0,코코넛칩망고샐러드,"1,2,5,6,12"
명덕고등학교,7010158,2024-07-26,금,조식,515.0,쌀밥,
명덕고등학교,7010158,2024-07-26,금,조식,515.0,빵(조식),"1,2,5,6,9,10,12,13,14,15,16,18"
명덕고등학교,7010158,2024-07-26,금,조식,515.0,아욱된장국,"5,6"
명덕고등학교,7010158,2024-07-26,금,조식,515.0,열탄오리불고기,5
명덕고등학교,7010158,2024-07-26,금,조식,515.0,진미채볶음,"1,5,6,13,17"
명덕고등학교,7010158,2024-07-26,금,조식,515.0,맛김치,9
명덕고등학교,7010158,2024-07-26,금,조식,515.0,시리얼(스페셜K외),"1,2,4,5,6,10,14,16,18"
명덕고등학교,7010158,2024-07-26,금,조식,515.0,우유&주스,"2,5,6,11,13"
명덕고등학교,7010158,2024-07-26,금,조식,515.0,골드키위,
명덕고등학교,7010158,2024-07-26,금,조식,515.0,그래놀라샐러드(조식),"2,5,6,12"
명덕고등학교,7010158,2024-07-26,금,중식,1040.0,함박김치볶음밥,"1,5,6,9,10,12,13,16"
명덕고등학교,7010158,2024-07-26,금,중식,1040.0,건새우무국,"5,6,9"
명덕고등학교,7010158,2024-07-26,금,중식,1040.0,소고기참나물무침,"5,6,13,16,18"
명덕고등학교,7010158,2024-07-26,금,중식,1040.0,깍두기,9
명덕고등학교,7010158,2024-07-26,금,중식,1040.0,마카로니콘샐러드,"1,5,6,8,13"
명덕고등학교,7010158,2024-07-26,금,석식,139.0,잡곡밥,5
명덕고등학교,7010158,2024-07-26,금,석식,139.0,고추장찌개,"5,6,10"
명덕고등학교,7010158,2024-07-26,금,석식,139.0,시금치나물,
명덕고등학교,7010158,2024-07-26,금,석식,139.0,소세지볶음,"2,5,6,10,13,16,18"
명덕고등학교,7010158,2024-07-26,금,석식,139.0,가자미구이,"2,5,6,12,18"
명덕고등학교,7010158,2024-07-26,금,석식,139.0,배추김치,9
명덕고등학교,7010158,2024-07-27,토,조식,43.0,쌀밥,
명덕고등학교,7010158,2024-07-27,토,조식,43.0,쇠고기무국,"5,6,16"
명덕고등학교,7010158,2024-07-27,토,조식,43.0,볼어묵볶음,"1,5,6,9,13,16,17,18"
명덕고등학교,7010158,2024-07-27,토,조식,43.0,제육볶음,"5,6,10,13,18"
명덕고등학교,7010158,2024-07-27,토,조식,43.0,깻잎지,"5,6"
명덕고등학교,7010158,2024-07-27,토,조식,43.0,맛김치,9
명덕고등학교,7010158,2024-07-27,토,조식,43.0,시리얼(스페셜K외),"1,2,4,5,6,10,14,16,18"
명덕고등학교,7010158,2024-07-27,토,조식,43.0,우유&주스,"2,5,6,11,13"
명덕고등학교,7010158,2024-07-27,토,조식,43.0,사과,
명덕고등학교,7010158,2024-07-29,월,조식,541.0,쌀밥,
명덕고등학교,7010158,2024-07-29,월,조식,541.0,야채죽,"1,5,6"
명덕고등학교,7010158,2024-07-29,월,조식,541.0,쑥갓어묵국,"5,6"
명덕고등학교,7010158,2024-07-29,월,조식,541.0,계란장조림,"1,5,6,13"
명덕고등학교,7010158,2024-07-29,월,조식,541.0,맛김치,9
명덕고등학교,7010158,2024-07-29,월,조식,541.0,시리얼(스페셜K외),"1,2,4,5,6,10,14,16,18"
명덕고등학교,7010158,2024-07-29,월,조식,541.0,우유&주스,"2,5,6,11,13"
명덕고등학교,7010158,2024-07-29,월,조식,541.0,사과,
명덕고등학교,7010158,2024-07-29,월,조식,541.0,모듬야채*무쌈,"1,5,6,8,13,16,18"
명덕고등학교,7010158,2024-07-29,월,중식,393.0,잡곡밥,5
명덕고등학교,7010158,2024-07-29,월,중식,393.0,얼갈이된장국,"5,6"
명덕고등학교,7010158,2024-07-29,월,중식,393.0,돈갈비찜,"5,6,10,13,18"
명덕고등학교,7010158,2024-07-29,월,중식,393.0,궁채나물볶음,5
명덕고등학교,7010158,2024-07-29,월,중식,393.0,두부강정,"1,2,5,6,12,15"
명덕고등학교,7010158,2024-07-29,월,중식,393.0,배추김치,9
명덕고등학교,7010158,2024-07-29,월,중식,393.0,파인애플,
명덕고등학교,7010158,2024-07-29,월,석식,165.0,쌀밥,
명덕고등학교,7010158,2024-07-29,월,석식,165.0,우동국,"1,2,5,6,7,9,13,16,18"
명덕고등학교,7010158,2024-07-29,월,석식,165.0,쫄면야채무침,"5,6,13"
명덕고등학교,7010158,2024-07-29,월,석식,165.0,단무지,
명덕고등학교,7010158,2024-07-29,월,석식,165.0,철판군만두(석식),"1,5,6,10,16,18"
명덕고등학교,7010158,2024-07-29,월,석식,165.0,짜장떡볶이,"1,2,5,6,10,13,15,16"
명덕고등학교,7010158,2024-07-29,월,석식,165.0,나쵸야채샐러드,"1,2,5,16"
명덕고등학교,7010158,2024-07-30,화,조식,546.0,쌀밥,
명덕고등학교,7010158,2024-07-30,화,조식,546.0,빵(조식),"1,2,5,6,9,10,12,13,14,15,16,18"
명덕고등학교,7010158,2024-07-30,화,조식,546.0,쇠고기미역국,"5,6,16"
명덕고등학교,7010158,2024-07-30,화,조식,546.0,채소샐러드,"1,2,5,6,12,13"
명덕고등학교,7010158,2024-07-30,화,조식,546.0,해쉬브라운*케찹,"5,6,12"
명덕고등학교,7010158,2024-07-30,화,조식,546.0,숯불고기*숙주,10
명덕고등학교,7010158,2024-07-30,화,조식,546.0,맛김치,9
명덕고등학교,7010158,2024-07-30,화,조식,546.0,시리얼(스페셜K외),"1,2,4,5,6,10,14,16,18"
명덕고등학교,7010158,2024-07-30,화,조식,546.0,우유&주스,"2,5,6,11,13"
명덕고등학교,7010158,2024-07-30,화,조식,546.0,방울토마토,12
명덕고등학교,7010158,2024-07-30,화,중식,400.0,잡곡밥,5
명덕고등학교,7010158,2024-07-30,화,중식,400.0,돼지국밥,"5,6,10,16"
명덕고등학교,7010158,2024-07-30,화,중식,400.0,소세지떡볶음,"1,2,5,6,10,12,13,15,16,18"
명덕고등학교,7010158,2024-07-30,화,중식,400.0,삼색냉채,"1,6,8,13"
명덕고등학교,7010158,2024-07-30,화,중식,400.0,고등어구이,"5,6,7,12,13"
명덕고등학교,7010158,2024-07-30,화,중식,400.0,깍두기,9
명덕고등학교,7010158,2024-07-30,화,석식,167.0,쌀밥,
명덕고등학교,7010158,2024-07-30,화,석식,167.0,일식장국,"5,6"
명덕고등학교,7010158,2024-07-30,화,석식,167.0,마파두부,"5,6,9,10,12,13,16,17,18"
명덕고등학교,7010158,2024-07-30,화,석식,167.0,우엉잡채,"5,6,13"
명덕고등학교,7010158,2024-07-30,화,석식,167.0,새우까스,"1,5,6,9"
명덕고등학교,7010158,2024-07-30,화,석식,167.0,배추김치,9
명덕고등학교,7010158,2024-07-31,수,조식,546.0,쌀밥,
명덕고등학교,7010158,2024-07-31,수,조식,546.0,쇠고기우거지탕,"5,6,16"
명덕고등학교,7010158,2024-07-31,수,조식,546.0,계란찜,1
명덕고등학교,7010158,2024-07-31,수,조식,546.0,시금치나물,
명덕고등학교,7010158,2024-07-31,수,조식,546.0,치킨스테이크(갈릭소스),15
명덕고등학교,7010158,2024-07-31,수,조식,546.0,맛김치,9
명덕고등학교,7010158,2024-07-31,수,조식,546.0,시리얼(스페셜K외),"1,2,4,5,6,10,14,16,18"
명덕고등학교,7010158,2024-07-31,수,조식,546.0,우유&주스,"2,5,6,11,13"
명덕고등학교,7010158,2024-07-31,수,조식,546.0,바나나,
명덕고등학교,7010158,2024-07-31,수,중식,395.0,잡곡밥,5
명덕고등학교,7010158,2024-07-31,수,중식,395.0,열탄짬뽕,"2,5,6,9,10,13,15,16,17,18"
명덕고등학교,7010158,2024-07-31,수,중식,395.0,단무지,
명덕고등학교,7010158,2024-07-31,수,중식,395.0,라조기,"1,5,6,10,15,18"
명덕고등학교,7010158,2024-07-31,수,중식,395.0,콘샐러드,"2,5,6,12,13"
명덕고등학교,7010158,2024-07-31,수,석식,131.0,잡곡밥,5
명덕고등학교,7010158,2024-07-31,수,석식,131.0,돈육김치찌개,"5,9,10"
명덕고등학교,7010158,2024-07-31,수,석식,131.0,멸치견과류볶음,"5,13,14"
명덕고등학교,7010158,2024-07-31,수,석식,131.0,언양식바싹불고기(수제),"5,6,13,16,18"
명덕고등학교,7010158,2024-07-31,수,석식,131.0,깍두기,9
명덕고등학교,7010158,2024-07-31,수,석식,131.0,쌈무생채,"5,6"
명덕고등학교,7010158,2024-07-31,수,석식,131.0,참외,
명덕고등학교,7010158,2024-08-01,목,조식,550.0,쌀밥,
명덕고등학교,7010158,2024-08-01,목,조식,550.0,배추된장국,"5,6"
명덕고등학교,7010158,2024-08-01,목,조식,550.0,미역줄기볶음,5
명덕고등학교,7010158,2024-08-01,목,조식,550.0,포크큐브스테이크,"1,2,5,6,10,12,15,16"
명덕고등학교,7010158,2024-08-01,목,조식,550.0,깍두기,9
명덕고등학교,7010158,2024-08-01,목,조식,550.0,시리얼(스페셜K외),"1,2,4,5,6,10,14,16,18"
명덕고등학교,7010158,2024-08-01,목,조식,550.0,우유&주스,"2,5,6,11,13"
명덕고등학교,7010158,2024-08-01,목,조식,550.0,골드키위,
명덕고등학교,7010158,2024-08-01,목,조식,550.0,감자샐러드(깍둑)-조식,"1,2,5"
명덕고등학교,7010158,2024-08-01,목,중식,379.0,잡곡밥,5
명덕고등학교,7010158,2024-08-01,목,중식,379.0,건새우무국,"2,5,6,9,15,16,18"
명덕고등학교,7010158,2024-08-01,목,중식,379.0,소갈비찜,"5,6,13,16,18"
명덕고등학교,7010158,2024-08-01,목,중식,379.0,청포묵흑임자무침,"1,5,6,16"
명덕고등학교,7010158,2024-08-01,목,중식,379.0,사각어묵볶음,"1,5,6,13"
명덕고등학교,7010158,2024-08-01,목,중식,379.0,배추김치,9
명덕고등학교,7010158,2024-08-01,목,석식,172.0,잡곡밥,5
명덕고등학교,7010158,2024-08-01,목,석식,172.0,순두부백탕07,5
명덕고등학교,7010158,2024-08-01,목,석식,172.0,오이무침,"5,9,13"
명덕고등학교,7010158,2024-08-01,목,석식,172.0,제육김치볶음,"5,6,9,10,13"
명덕고등학교,7010158,2024-08-01,목,석식,172.0,달걀만두,"1,5,12"
명덕고등학교,7010158,2024-08-01,목,석식,172.0,깍두기,9
명덕고등학교,7010158,2024-08-01,목,석식,172.0,메론,
명덕고등학교,7010158,2024-08-02,금,조식,550.0,쌀밥,
명덕고등학교,7010158,2024-08-02,금,조식,550.0,맑은콩나물국,"5,6"
명덕고등학교,7010158,2024-08-02,금,조식,550.0,두부조림,"5,6,13"
명덕고등학교,7010158,2024-08-02,금,조식,550.0,허니간장불고기,10
명덕고등학교,7010158,2024-08-02,금,조식,550.0,맛김치,9
명덕고등학교,7010158,2024-08-02,금,조식,550.0,시리얼(스페셜K외),"1,2,4,5,6,10,14,16,18"
명덕고등학교,7010158,2024-08-02,금,조식,550.0,우유&주스,"2,5,6,11,13"
명덕고등학교,7010158,2024-08-02,금,조식,550.0,포도(캠벨),
명덕고등학교,7010158,2024-08-02,금,조식,550.0,토마토샐러드(믹스넛),"6,12,14"
명덕고등학교,7010158,2024-08-02,금,중식,370.0,쌀밥,
명덕고등학교,7010158,2024-08-02,금,중식,370.0,카레우동,"1,2,5,6,12,13,16,18"
명덕고등학교,7010158,2024-08-02,금,중식,370.0,숯불치킨,"2,5,6,9,12,13,15,16,17,18"
명덕고등학교,7010158,2024-08-02,금,중식,370.0,깍두기,9
명덕고등학교,7010158,2024-08-02,금,중식,370.0,수박,
명덕고등학교,7010158,2024-08-02,금,중식,370.0,시저샐러드,"1,2,5,6,10,12"
명덕고등학교,7010158,2024-08-02,금,석식,133.0,잡곡밥,5
명덕고등학교,7010158,2024-08-02,금,석식,133.0,닭곰탕,"5,6,10,15,16"
명덕고등학교,7010158,2024-08-02,금,석식,133.0,삼치조림,"5,6,13"
명덕고등학교,7010158,2024-08-02,금,석식,133.0,풋고추쌈장무침,"5,6"
명덕고등학교,7010158,2024-08-02,금,석식,133.0,감자크로켓,"5,6,9,12"
명덕고등학교,7010158,2024-08-02,금,석식,133.0,배추김치,9
명덕고등학교,7010158,2024-08-03,토,조식,43.0,쌀밥,
명덕고등학교,7010158,2024-08-03,토,조식,43.0,계란국,"1,5,6"
명덕고등학교,7010158,2024-08-03,토,조식,43.0,메추리알장조림,"1,5,6,13"
명덕고등학교,7010158,2024-08-03,토,조식,43.0,멘츠까스,"1,5,6,10"
명덕고등학교,7010158,2024-08-03,토,조식,43.0,도시락김(풀무원),
명덕고등학교,7010158,2024-08-03,토,조식,43.0,맛김치,9
명덕고등학교,7010158,2024-08-03,토,조식,43.0,포도(캠벨),
명덕고등학교,7010158,2024-08-05,월,조식,637.0,쌀밥,
명덕고등학교,7010158,2024-08-05,월,조식,637.0,떡국,"1,5,6,16"
명덕고등학교,7010158,2024-08-05,월,조식,637.0,계란장조림,"1,5,6,13"
명덕고등학교,7010158,2024-08-05,월,조식,637.0,멸치견과류볶음,"5,13,14"
명덕고등학교,7010158,2024-08-05,월,조식,637.0,맛김치,9
명덕고등학교,7010158,2024-08-05,월,조식,637.0,시리얼(스페셜K외),"1,2,4,5,6,10,14,16,18"
명덕고등학교,7010158,2024-08-05,월,조식,637.0,우유&주스,"2,5,6,11,13"
명덕고등학교,7010158,2024-08-05,월,조식,637.0,사과,
명덕고등학교,7010158,2024-08-05,월,조식,637.0,훈제오리*야채무침(참깨소스),"1,2,5,6,16"
명덕고등학교,7010158,2024-08-05,월,중식,368.0,잡곡밥,5
명덕고등학교,7010158,2024-08-05,월,중식,368.0,참치김치찌개,"5,9,13"
명덕고등학교,7010158,2024-08-05,월,중식,368.0,수제돈까스,"1,2,5,6,10,12,13,16"
명덕고등학교,7010158,2024-08-05,월,중식,368.0,깍두기,9
명덕고등학교,7010158,2024-08-05,월,중식,368.0,고구마범벅,"1,2,5,13"
명덕고등학교,7010158,2024-08-05,월,중식,368.0,토마토카프리제,"2,12,13"
명덕고등학교,7010158,2024-08-05,월,석식,165.0,유부초밥(후리가케),"1,2,5,6,8,12,13"
명덕고등학교,7010158,2024-08-05,월,석식,165.0,꼬치어묵국,"1,2,5,6,7,9,13,16,18"
명덕고등학교,7010158,2024-08-05,월,석식,165.0,단무지무침,
명덕고등학교,7010158,2024-08-05,월,석식,165.0,로제떡볶이,"1,2,5,6,10,12,13,16,18"
명덕고등학교,7010158,2024-08-05,월,석식,165.0,고구마맛탕,"5,13"
명덕고등학교,7010158,2024-08-05,월,석식,165.0,유산균요구르트,2
명덕고등학교,7010158,2024-08-06,화,조식,641.0,쌀밥,
명덕고등학교,7010158,2024-08-06,화,조식,641.0,감자옹심이국,6
명덕고등학교,7010158,2024-08-06,화,조식,641.0,도토리묵야채무침,
명덕고등학교,7010158,2024-08-06,화,조식,641.0,꽈리고추오징어볶음,"5,6,17"
명덕고등학교,7010158,2024-08-06,화,조식,641.0,용가리떡갈비,"5,6,12"
명덕고등학교,7010158,2024-08-06,화,조식,641.0,맛김치,9
명덕고등학교,7010158,2024-08-06,화,조식,641.0,시리얼(스페셜K외),"1,2,4,5,6,10,14,16,18"
명덕고등학교,7010158,2024-08-06,화,조식,641.0,우유&주스,"2,5,6,11,13"
명덕고등학교,7010158,2024-08-06,화,조식,641.0,골드키위,
명덕고등학교,7010158,2024-08-06,화,중식,375.0,쌀밥,
명덕고등학교,7010158,2024-08-06,화,중식,375.0,명태회냉면,"1,2,3,4,5,6,7,8,9,10,11,12,13,16,17,18"
명덕고등학교,7010158,2024-08-06,화,중식,375.0,열탄불고기,"5,6,10,13"
명덕고등학교,7010158,2024-08-06,화,중식,375.0,한입녹두전,"2,5,6,9,10,12,16"
명덕고등학교,7010158,2024-08-06,화,중식,375.0,배추김치,9
명덕고등학교,7010158,2024-08-06,화,중식,375.0,아이스망고,
명덕고등학교,7010158,2024-08-06,화,석식,170.0,잡곡밥,5
명덕고등학교,7010158,2024-08-06,화,석식,170.0,얼갈이된장국,"5,6"
명덕고등학교,7010158,2024-08-06,화,석식,170.0,버섯불고기,"5,6,13,16,18"
명덕고등학교,7010158,2024-08-06,화,석식,170.0,오꼬노미야끼,"1,5,6,9,10,13,17"
명덕고등학교,7010158,2024-08-06,화,석식,170.0,양념깻잎지,"5,6"
명덕고등학교,7010158,2024-08-06,화,석식,170.0,깍두기,9
명덕고등학교,7010158,2024-08-06,화,석식,170.0,바나나,
명덕고등학교,7010158,2024-08-07,수,조식,643.0,쌀밥,
명덕고등학교,7010158,2024-08-07,수,조식,643.0,육개장,"1,5,16"
명덕고등학교,7010158,2024-08-07,수,조식,643.0,소세지야채볶음,"2,5,6,10,12,13,16,18"
명덕고등학교,7010158,2024-08-07,수,조식,643.0,가자미구이,"2,5,6,12,18"
명덕고등학교,7010158,2024-08-07,수,조식,643.0,맛김치,9
명덕고등학교,7010158,2024-08-07,수,조식,643.0,시리얼(스페셜K외),"1,2,4,5,6,10,14,16,18"
명덕고등학교,7010158,2024-08-07,수,조식,643.0,우유&주스,"2,5,6,11,13"
명덕고등학교,7010158,2024-08-07,수,조식,643.0,방울토마토,12
명덕고등학교,7010158,2024-08-07,수,조식,643.0,그래놀라샐러드(조식),"2,5,6,12"
명덕고등학교,7010158,2024-08-07,수,중식,365.0,짬뽕덮밥,"1,2,5,6,9,10,13,15,16,17,18"
명덕고등학교,7010158,2024-08-07,수,중식,365.0,일식장국,"5,6"
명덕고등학교,7010158,2024-08-07,수,중식,365.0,소고기가지볶음,"5,6,13,16"
명덕고등학교,7010158,2024-08-07,수,중식,365.0,탕수육,"2,5,6,10,11,12,13,16,18"
명덕고등학교,7010158,2024-08-07,수,중식,365.0,깍두기,9
명덕고등학교,7010158,2024-08-08,목,중식,50.0,잡곡밥,5
명덕고등학교,7010158,2024-08-08,목,중식,50.0,육개장,"1,5,16"
명덕고등학교,7010158,2024-08-08,목,중식,50.0,두부조림,"5,6,13,16"
명덕고등학교,7010158,2024-08-08,목,중식,50.0,멸치볶음,"5,6,13,14"
명덕고등학교,7010158,2024-08-08,목,중식,50.0,유린기,"1,2,5,6,13,15"
명덕고등학교,7010158,2024-08-08,목,중식,50.0,배추김치,9
명덕고등학교,7010158,2024-08-08,목,중식,50.0,매실간장마늘쫑,"5,6"
명덕고등학교,7010158,2024-08-09,금,중식,50.0,잡곡밥,5
명덕고등학교,7010158,2024-08-09,금,중식,50.0,아욱된장국,"5,6"
명덕고등학교,7010158,2024-08-09,금,중식,50.0,고갈비양념구이,"5,6,7,13"
명덕고등학교,7010158,2024-08-09,금,중식,50.0,버섯볶음,5
명덕고등학교,7010158,2024-08-09,금,중식,50.0,도시락김(풀무원),
명덕고등학교,7010158,2024-08-09,금,중식,50.0,깍두기,9
명덕고등학교,7010158,2024-08-09,금,중식,50.0,그린샐러드,"1,2,5,6,12,16"
명덕고등학교,7010158,2024-08-12,월,중식,50.0,잡곡밥,5
명덕고등학교,7010158,2024-08-12,월,중식,50.0,미역국,"5,6"
명덕고등학교,7010158,2024-08-12,월,중식,50.0,도토리묵야채무침,
명덕고등학교,7010158,2024-08-12,월,중식,50.0,제육볶음,"5,6,10,13,18"
명덕고등학교,7010158,2024-08-12,월,중식,50.0,갈비만두(맘),"1,5,6,10,15,16,18"
명덕고등학교,7010158,2024-08-12,월,중식,50.0,깍두기,9
명덕고등학교,7010158,2024-08-12,월,중식,50.0,무쌈,
명덕고등학교,7010158,2024-08-13,화,중식,50.0,잡곡밥,5
명덕고등학교,7010158,2024-08-13,화,중식,50.0,콩국수(중면),"2,5,6"
명덕고등학교,7010158,2024-08-13,화,중식,50.0,진미채볶음,"1,5,6,13,17"
명덕고등학교,7010158,2024-08-13,화,중식,50.0,닭볶음탕,"5,6,13,15"
명덕고등학교,7010158,2024-08-13,화,중식,50.0,감자크로켓,"1,2,5,6,12,16,17,18"
명덕고등학교,7010158,2024-08-13,화,중식,50.0,깍두기,9
명덕고등학교,7010158,2024-08-13,화,중식,50.0,파래김자반,5
명덕고등학교,7010158,2024-08-14,수,중식,30.0,잡곡밥,5
명덕고등학교,7010158,2024-08-14,수,중식,30.0,청국장찌개(조식),"5,9,16"
명덕고등학교,7010158,2024-08-14,수,중식,30.0,계란찜,1
명덕고등학교,7010158,2024-08-14,수,중식,30.0,콩나물무침,5
명덕고등학교,7010158,2024-08-14,수,중식,30.0,버섯불고기,"5,6,13,16,18"
명덕고등학교,7010158,2024-08-14,수,중식,30.0,배추김치,9
명덕고등학교,7010158,2024-08-14,수,중식,30.0,상추쌈,
명덕고등학교,7010158,2024-08-14,수,중식,30.0,사과,
명덕고등학교,7010158,2024-08-16,금,조식,123.0,쌀밥,
명덕고등학교,7010158,2024-08-16,금,조식,123.0,참치김치찌개,"5,9,13"
명덕고등학교,7010158,2024-08-16,금,조식,123.0,도토리묵*양념장,"5,6,13"
명덕고등학교,7010158,2024-08-16,금,조식,123.0,양배추사과샐러드,13
명덕고등학교,7010158,2024-08-16,금,조식,123.0,버섯불고기,"5,6,9,13,16,18"
명덕고등학교,7010158,2024-08-16,금,조식,123.0,깍두기,9
명덕고등학교,7010158,2024-08-16,금,조식,123.0,시리얼(스페셜K외),"1,2,4,5,6,10,14,16,18"
명덕고등학교,7010158,2024-08-16,금,조식,123.0,우유&주스,"2,5,6,11,13"
명덕고등학교,7010158,2024-08-16,금,조식,123.0,골드키위,
명덕고등학교,7010158,2024-08-16,금,중식,2523.0,후리가케밥,"1,5,6"
명덕고등학교,7010158,2024-08-16,금,중식,2523.0,냉우동,"2,3,5,6,7,13,16,18"
명덕고등학교,7010158,2024-08-16,금,중식,2523.0,오징어미나리초무침,"5,6,13,17"
명덕고등학교,7010158,2024-08-16,금,중식,2523.0,멘츠까스,"1,2,5,6,10,12,16"
명덕고등학교,7010158,2024-08-16,금,중식,2523.0,깍두기,9
명덕고등학교,7010158,2024-08-16,금,중식,2523.0,메론,
명덕고등학교,7010158,2024-08-16,금,석식,112.0,추가죽,"1,5,6"
명덕고등학교,7010158,2024-08-16,금,석식,112.0,치킨버거,"1,2,5,6,12,13,15,18"
명덕고등학교,7010158,2024-08-16,금,석식,112.0,감자튀김*케찹,"5,12"
명덕고등학교,7010158,2024-08-16,금,석식,112.0,오이피클,
명덕고등학교,7010158,2024-08-16,금,석식,112.0,옥수수샐러드,"1,5,6,8,13"
명덕고등학교,7010158,2024-08-17,토,조식,27.0,쌀밥,
명덕고등학교,7010158,2024-08-17,토,조식,27.0,배추된장국,"5,6"
명덕고등학교,7010158,2024-08-17,토,조식,27.0,메추리알장조림,"1,5,6,13"
명덕고등학교,7010158,2024-08-17,토,조식,27.0,제육볶음,"5,6,10,13,18"
명덕고등학교,7010158,2024-08-17,토,조식,27.0,깍두기,9
명덕고등학교,7010158,2024-08-17,토,조식,27.0,시리얼(스페셜K외),"1,2,4,5,6,10,14,16,18"
명덕고등학교,7010158,2024-08-17,토,조식,27.0,우유&주스,"2,5,6,11,13"
명덕고등학교,7010158,2024-08-17,토,조식,27.0,매실간장마늘쫑,"5,6"
명덕고등학교,7010158,2024-08-17,토,조식,27.0,사과,
명덕고등학교,7010158,2024-08-19,월,조식,683.0,쌀밥,
명덕고등학교,7010158,2024-08-19,월,조식,683.0,빵(조식),"1,2,5,6,9,10,12,13,14,15,16,18"
명덕고등학교,7010158,2024-08-19,월,조식,683.0,오징어무국,"5,6,17"
명덕고등학교,7010158,2024-08-19,월,조식,683.0,구운어묵볶음,"5,6,9,13,16,17,18"
명덕고등학교,7010158,2024-08-19,월,조식,683.0,닭살카레볶음,"2,5,6,12,15,18"
명덕고등학교,7010158,2024-08-19,월,조식,683.0,맛김치,9
명덕고등학교,7010158,2024-08-19,월,조식,683.0,시리얼(스페셜K외),"1,2,4,5,6,10,14,16,18"
명덕고등학교,7010158,2024-08-19,월,조식,683.0,우유&주스,"2,5,6,11,13"
명덕고등학교,7010158,2024-08-19,월,조식,683.0,사과,
명덕고등학교,7010158,2024-08-19,월,조식,683.0,단호박견과샐러드,"1,2,5,6,16"
명덕고등학교,7010158,2024-08-19,월,중식,3281.0,잡곡밥,5
명덕고등학교,7010158,2024-08-19,월,중식,3281.0,미나리곰탕,"5,6,16"
명덕고등학교,7010158,2024-08-19,월,중식,3281.0,깻잎겉절이,"5,6,9,13"
명덕고등학교,7010158,2024-08-19,월,중식,3281.0,고추장삼겹살,"5,6,10,13,18"
명덕고등학교,7010158,2024-08-19,월,중식,3281.0,수제치즈감자전,"2,5,6"
명덕고등학교,7010158,2024-08-19,월,중식,3281.0,깍두기,9
명덕고등학교,7010158,2024-08-19,월,석식,139.0,잡곡밥,5
명덕고등학교,7010158,2024-08-19,월,석식,139.0,부대찌개,"1,2,5,6,9,10,12,15,16"
명덕고등학교,7010158,2024-08-19,월,석식,139.0,소고기참나물무침,"5,6,13,16,18"
명덕고등학교,7010158,2024-08-19,월,석식,139.0,가자미구이,"2,5,6,12,13,16,18"
명덕고등학교,7010158,2024-08-19,월,석식,139.0,깍두기,9
명덕고등학교,7010158,2024-08-19,월,석식,139.0,포도(캠벨),
명덕고등학교,7010158,2024-08-20,화,조식,683.0,쌀밥,
명덕고등학교,7010158,2024-08-20,화,조식,683.0,전복죽(조식),"1,5,6,18"
명덕고등학교,7010158,2024-08-20,화,조식,683.0,쇠고기미역국,"5,6,16"
명덕고등학교,7010158,2024-08-20,화,조식,683.0,쇠고기사태장조림(조식),"1,16"
명덕고등학교,7010158,2024-08-20,화,조식,683.0,오이지무침,13
명덕고등학교,7010158,2024-08-20,화,조식,683.0,맛김치,9
명덕고등학교,7010158,2024-08-20,화,조식,683.0,시리얼(스페셜K외),"1,2,4,5,6,10,14,16,18"
명덕고등학교,7010158,2024-08-20,화,조식,683.0,우유&주스,"2,5,6,11,13"
명덕고등학교,7010158,2024-08-20,화,조식,683.0,골드키위,
명덕고등학교,7010158,2024-08-20,화,조식,683.0,감자샐러드(깍둑)-조식,"1,2,5"
명덕고등학교,7010158,2024-08-20,화,중식,3277.0,잡곡밥,5
명덕고등학교,7010158,2024-08-20,화,중식,3277.0,잔치국수,"1,5,6,9"
명덕고등학교,7010158,2024-08-20,화,중식,3277.0,탕평채,"1,13"
명덕고등학교,7010158,2024-08-20,화,중식,3277.0,버섯불고기,"5,6,13,16,18"
명덕고등학교,7010158,2024-08-20,화,중식,3277.0,배추김치,9
명덕고등학교,7010158,2024-08-20,화,중식,3277.0,립파이초코,"2,5,6,16"
명덕고등학교,7010158,2024-08-20,화,석식,147.0,잡곡밥,5
명덕고등학교,7010158,2024-08-20,화,석식,147.0,맑은콩나물국,"5,6"
명덕고등학교,7010158,2024-08-20,화,석식,147.0,매운돈갈비찜(선진),"5,6,10,13,18"
명덕고등학교,7010158,2024-08-20,화,석식,147.0,단호박새우그라탕,"2,5,6,9,12,13,15,16,18"
명덕고등학교,7010158,2024-08-20,화,석식,147.0,배추나물,
명덕고등학교,7010158,2024-08-20,화,석식,147.0,깍두기,9
명덕고등학교,7010158,2024-08-21,수,조식,683.0,쌀밥,
명덕고등학교,7010158,2024-08-21,수,조식,683.0,연두부탕,"1,5,6,9,18"
명덕고등학교,7010158,2024-08-21,수,조식,683.0,우엉잡채,"5,6,13"
명덕고등학교,7010158,2024-08-21,수,조식,683.0,숯불고기*숙주,10
명덕고등학교,7010158,2024-08-21,수,조식,683.0,맛김치,9
명덕고등학교,7010158,2024-08-21,수,조식,683.0,시리얼(스페셜K외),"1,2,4,5,6,10,14,16,18"
명덕고등학교,7010158,2024-08-21,수,조식,683.0,우유&주스,"2,5,6,11,13"
명덕고등학교,7010158,2024-08-21,수,조식,683.0,메론,
명덕고등학교,7010158,2024-08-21,수,조식,683.0,토마토카프리제,"2,12,13"
명덕고등학교,7010158,2024-08-21,수,중식,3277.0,볼로네제파스타,"2,5,6,12,13,15,16,18"
명덕고등학교,7010158,2024-08-21,수,중식,3277.0,감자치즈푸틴,"2,5,6,12,13,16"
명덕고등학교,7010158,2024-08-21,수,중식,3277.0,오이피클,
명덕고등학교,7010158,2024-08-21,수,중식,3277.0,테이크얼라이브,2
명덕고등학교,7010158,2024-08-21,수,중식,3277.0,코코넛칩망고샐러드,"1,2,5,6,12"
명덕고등학교,7010158,2024-08-21,수,석식,124.0,잡곡밥,5
명덕고등학교,7010158,2024-08-21,수,석식,124.0,얼갈이된장국,"5,6"
명덕고등학교,7010158,2024-08-21,수,석식,124.0,무나물,5
명덕고등학교,7010158,2024-08-21,수,석식,124.0,닭볶음탕,"5,6,13,15"
명덕고등학교,7010158,2024-08-21,수,석식,124.0,통두부튀기*매콤소스,"5,6,10,13"
명덕고등학교,7010158,2024-08-21,수,석식,124.0,배추김치,9
명덕고등학교,7010158,2024-08-22,목,조식,683.0,쌀밥,
명덕고등학교,7010158,2024-08-22,목,조식,683.0,갈빗살양념구이,"5,6,13,16,18"
명덕고등학교,7010158,2024-08-22,목,조식,683.0,떡국,"1,5,6,16"
명덕고등학교,7010158,2024-08-22,목,조식,683.0,진미채볶음,"1,5,6,13,17"
명덕고등학교,7010158,2024-08-22,목,조식,683.0,맛김치,9
명덕고등학교,7010158,2024-08-22,목,조식,683.0,시리얼(스페셜K외),"1,2,4,5,6,10,14,16,18"
명덕고등학교,7010158,2024-08-22,목,조식,683.0,우유&주스,"2,5,6,11,13"
명덕고등학교,7010158,2024-08-22,목,조식,683.0,포도(캠벨),
명덕고등학교,7010158,2024-08-22,목,조식,683.0,자몽샐러드,"1,2,5,6,12,13,14"
명덕고등학교,7010158,2024-08-22,목,중식,3277.0,잡곡밥,5
명덕고등학교,7010158,2024-08-22,목,중식,3277.0,일식장국,"5,6"
명덕고등학교,7010158,2024-08-22,목,중식,3277.0,메추리알새송이조림,"1,5,6,13"
명덕고등학교,7010158,2024-08-22,목,중식,3277.0,매운꼬치어묵,"5,6,12,13"
명덕고등학교,7010158,2024-08-22,목,중식,3277.0,아쿠아돈까스,"1,2,5,6,10"
명덕고등학교,7010158,2024-08-22,목,중식,3277.0,배추김치,9
명덕고등학교,7010158,2024-08-22,목,석식,342.0,김가루밥*참치마요소스,"1,5,6"
명덕고등학교,7010158,2024-08-22,목,석식,342.0,우동국,"1,2,5,6,7,9,13,16,18"
명덕고등학교,7010158,2024-08-22,목,석식,342.0,단무지,
명덕고등학교,7010158,2024-08-22,목,석식,342.0,떡볶이(석식),"1,5,6,12,13"
명덕고등학교,7010158,2024-08-22,목,석식,342.0,순대강정,"5,6,10,12,13"
명덕고등학교,7010158,2024-08-22,목,석식,342.0,쥬시쿨,2
명덕고등학교,7010158,2024-08-22,목,석식,342.0,황도샐러드,"1,2,5,6,11,12"
명덕고등학교,7010158,2024-08-23,금,조식,683.0,쌀밥,
명덕고등학교,7010158,2024-08-23,금,조식,683.0,아욱된장국,"5,6"
명덕고등학교,7010158,2024-08-23,금,조식,683.0,스페니쉬오믈렛*케찹,"1,2,5,6,10,12,15,16"
명덕고등학교,7010158,2024-08-23,금,조식,683.0,훈제오리감자볶음,"2,5,6,10,13,16"
명덕고등학교,7010158,2024-08-23,금,조식,683.0,맛김치,9
명덕고등학교,7010158,2024-08-23,금,조식,683.0,시리얼(스페셜K외),"5,6,10,14,16,18,1,2,4"
명덕고등학교,7010158,2024-08-23,금,조식,683.0,우유&주스,"2,5,6,11,13"
명덕고등학교,7010158,2024-08-23,금,조식,683.0,다시마브로콜리초회9,"5,6,13,17"
명덕고등학교,7010158,2024-08-23,금,조식,683.0,방울토마토,12
명덕고등학교,7010158,2024-08-23,금,중식,3277.0,잡곡밥,5
명덕고등학교,7010158,2024-08-23,금,중식,3277.0,짬뽕,"1,2,5,6,9,10,13,15,16,17,18"
명덕고등학교,7010158,2024-08-23,금,중식,3277.0,토마토닭가슴살냉채,"5,6,12,13,15"
명덕고등학교,7010158,2024-08-23,금,중식,3277.0,아귀후라이드*새우칩,"1,2,5,6,9,13,16,17,18"
명덕고등학교,7010158,2024-08-23,금,중식,3277.0,배추김치,9
명덕고등학교,7010158,2024-08-23,금,중식,3277.0,사과,
명덕고등학교,7010158,2024-08-23,금,석식,329.0,잡곡밥,5
명덕고등학교,7010158,2024-08-23,금,석식,329.0,팟타이,"1,5,6,8,9,13,16,17,18"
명덕고등학교,7010158,2024-08-23,금,석식,329.0,고추장찌개,"5,6,10"
명덕고등학교,7010158,2024-08-23,금,석식,329.0,멸치견과볶음(유자),"5,13,14"
명덕고등학교,7010158,2024-08-23,금,석식,329.0,탄두리치킨,"2,5,6,12,13,15,16,18"
명덕고등학교,7010158,2024-08-23,금,석식,329.0,배추김치,9
명덕고등학교,7010158,2024-08-24,토,조식,54.0,쌀밥,
명덕고등학교,7010158,2024-08-24,토,조식,54.0,김치국,"2,5,6,7,9,13,16,18"
명덕고등학교,7010158,2024-08-24,토,조식,54.0,삼치구이,"5,6"
명덕고등학교,7010158,2024-08-24,토,조식,54.0,소세지야채볶음,"2,5,6,10,12,13,16,18"
명덕고등학교,7010158,2024-08-24,토,조식,54.0,깍두기,9
명덕고등학교,7010158,2024-08-24,토,조식,54.0,시리얼(스페셜K외),"1,2,4,5,6,10,14,16,18"
명덕고등학교,7010158,2024-08-24,토,조식,54.0,우유&주스,"2,5,6,11,13"
명덕고등학교,7010158,2024-08-24,토,조식,54.0,바나나,
명덕고등학교,7010158,2024-08-24,토,조식,54.0,간장무채장아찌,"5,6,8,9,18"
명덕고등학교,7010158,2024-08-26,월,조식,683.0,쌀밥,
명덕고등학교,7010158,2024-08-26,월,조식,683.0,쇠고기무국,"5,6,16"
명덕고등학교,7010158,2024-08-26,월,조식,683.0,순살찜닭,"2,5,6,13,15,16"
명덕고등학교,7010158,2024-08-26,월,조식,683.0,동그랑땡전,"5,6,10,12,16"
명덕고등학교,7010158,2024-08-26,월,조식,683.0,구운계란,1
명덕고등학교,7010158,2024-08-26,월,조식,683.0,맛김치,9
명덕고등학교,7010158,2024-08-26,월,조식,683.0,시리얼(스페셜K외),"1,2,4,5,6,10,14,16,18"
명덕고등학교,7010158,2024-08-26,월,조식,683.0,우유&주스,"2,5,6,11,13"
명덕고등학교,7010158,2024-08-26,월,조식,683.0,사과,
명덕고등학교,7010158,2024-08-26,월,조식,683.0,그래놀라샐러드(조식),"2,5,6,12"
명덕고등학교,7010158,2024-08-26,월,중식,3271.0,잡곡밥,5
명덕고등학교,7010158,2024-08-26,월,중식,3271.0,참치탕,"5,6"
명덕고등학교,7010158,2024-08-26,월,중식,3271.0,오이무침,"5,6,9,13"
명덕고등학교,7010158,2024-08-26,월,중식,3271.0,해물부추전,"1,5,6,9,13,17"
명덕고등학교,7010158,2024-08-26,월,중식,3271.0,양념돼지갈비구이,"5,6,10"
명덕고등학교,7010158,2024-08-26,월,중식,3271.0,배추김치,9
명덕고등학교,7010158,2024-08-26,월,석식,340.0,규동,"1,2,5,6,7,13,16,18"
명덕고등학교,7010158,2024-08-26,월,석식,340.0,배추된장국,"5,6"
명덕고등학교,7010158,2024-08-26,월,석식,340.0,콘버터구이,"1,2,5,6,8,13"
명덕고등학교,7010158,2024-08-26,월,석식,340.0,소떡소떡,"2,5,6,10,12,15,16"
명덕고등학교,7010158,2024-08-26,월,석식,340.0,깍두기,9
명덕고등학교,7010158,2024-08-26,월,석식,340.0,당근라페샐러드,13
명덕고등학교,7010158,2024-08-27,화,조식,683.0,쌀밥,
명덕고등학교,7010158,2024-08-27,화,조식,683.0,누룽지,
명덕고등학교,7010158,2024-08-27,화,조식,683.0,나주곰탕,"5,6,16"
명덕고등학교,7010158,2024-08-27,화,조식,683.0,두부조림,"5,6,13"
명덕고등학교,7010158,2024-08-27,화,조식,683.0,꽃돔구이,"5,6"
명덕고등학교,7010158,2024-08-27,화,조식,683.0,맛김치,9
명덕고등학교,7010158,2024-08-27,화,조식,683.0,시리얼(스페셜K외),"1,2,4,5,6,10,14,16,18"
명덕고등학교,7010158,2024-08-27,화,조식,683.0,우유&주스,"2,5,6,11,13"
명덕고등학교,7010158,2024-08-27,화,조식,683.0,메론,
명덕고등학교,7010158,2024-08-27,화,조식,683.0,콥샐러드,"1,2,5,12,13"
명덕고등학교,7010158,2024-08-27,화,중식,3267.0,쌀밥,
명덕고등학교,7010158,2024-08-27,화,중식,3267.0,미역국,"5,6"
명덕고등학교,7010158,2024-08-27,화,중식,3267.0,카레소스,"2,5,6,10,12,18"
명덕고등학교,7010158,2024-08-27,화,중식,3267.0,매콤어묵잡채,"5,6,13"
명덕고등학교,7010158,2024-08-27,화,중식,3267.0,연돈볼카츠*샐러드,"1,2,5,6,10,12,13,15,16,18"
명덕고등학교,7010158,2024-08-27,화,중식,3267.0,배추김치,9
명덕고등학교,7010158,2024-08-27,화,중식,3267.0,한입아이스홍시,
명덕고등학교,7010158,2024-08-27,화,석식,338.0,잡곡밥,5
명덕고등학교,7010158,2024-08-27,화,석식,338.0,고추장수제비국,"1,2,5,6,9,10,13,15,16,17,18"
명덕고등학교,7010158,2024-08-27,화,석식,338.0,풋고추쌈장무침,"5,6"
명덕고등학교,7010158,2024-08-27,화,석식,338.0,고구마베이컨오븐구이,"1,5,10"
명덕고등학교,7010158,2024-08-27,화,석식,338.0,언양식바싹불고기(수제),"5,6,13,16,18"
명덕고등학교,7010158,2024-08-27,화,석식,338.0,배추김치,9
명덕고등학교,7010158,2024-08-27,화,석식,338.0,바나나,
명덕고등학교,7010158,2024-08-28,수,조식,683.0,쌀밥,
명덕고등학교,7010158,2024-08-28,수,조식,683.0,빵(조식),"1,2,5,6,9,10,12,13,14,15,16,18"
명덕고등학교,7010158,2024-08-28,수,조식,683.0,김치국,"2,5,6,7,9,13,16,18"
명덕고등학교,7010158,2024-08-28,수,조식,683.0,버섯불고기,"5,6,13,16,18"
명덕고등학교,7010158,2024-08-28,수,조식,683.0,해쉬브라운*케찹,"5,6,12"
명덕고등학교,7010158,2024-08-28,수,조식,683.0,깍두기,9
명덕고등학교,7010158,2024-08-28,수,조식,683.0,깻잎지,"5,6"
명덕고등학교,7010158,2024-08-28,수,조식,683.0,시리얼(스페셜K외),"1,2,4,5,6,10,14,16,18"
명덕고등학교,7010158,2024-08-28,수,조식,683.0,우유&주스,"2,5,6,11,13"
명덕고등학교,7010158,2024-08-28,수,조식,683.0,골드키위,
명덕고등학교,7010158,2024-08-28,수,중식,3267.0,후리가케밥,"1,5,6"
명덕고등학교,7010158,2024-08-28,수,중식,3267.0,모밀국수(냉),"3,5,6,13"
명덕고등학교,7010158,2024-08-28,수,중식,3267.0,가지그라탕,"2,5,6,12,13,15,16,18"
명덕고등학교,7010158,2024-08-28,수,중식,3267.0,수제고추마늘치킨,"5,6,12,13,15"
명덕고등학교,7010158,2024-08-28,수,중식,3267.0,깍두기,9
명덕고등학교,7010158,2024-08-28,수,석식,124.0,잡곡밥,5
명덕고등학교,7010158,2024-08-28,수,석식,124.0,순두부찌개,"1,5,6,9,10,16,18"
명덕고등학교,7010158,2024-08-28,수,석식,124.0,계란찜,"1,6,8"
명덕고등학교,7010158,2024-08-28,수,석식,124.0,콩나물파채무침,"5,6,13"
명덕고등학교,7010158,2024-08-28,수,석식,124.0,고추장삼겹살구이*미나리,"2,5,6,10,13,18"
명덕고등학교,7010158,2024-08-28,수,석식,124.0,볶음김치,"5,9"
명덕고등학교,7010158,2024-08-29,목,조식,683.0,쌀밥,
명덕고등학교,7010158,2024-08-29,목,조식,683.0,쑥갓어묵국,"5,6"
명덕고등학교,7010158,2024-08-29,목,조식,683.0,와규큐브찹스테이크,16
명덕고등학교,7010158,2024-08-29,목,조식,683.0,계란후라이*참기름,"1,5"
명덕고등학교,7010158,2024-08-29,목,조식,683.0,맛김치,9
명덕고등학교,7010158,2024-08-29,목,조식,683.0,시리얼(스페셜K외),"1,2,4,5,6,10,14,16,18"
명덕고등학교,7010158,2024-08-29,목,조식,683.0,우유&주스,"2,5,6,11,13"
명덕고등학교,7010158,2024-08-29,목,조식,683.0,포도(캠벨),
명덕고등학교,7010158,2024-08-29,목,조식,683.0,토마토샐러드(믹스넛),"6,12,14"
명덕고등학교,7010158,2024-08-29,목,중식,3267.0,잡곡밥,5
명덕고등학교,7010158,2024-08-29,목,중식,3267.0,만두전골,"2,5,6,8,10,15,16"
명덕고등학교,7010158,2024-08-29,목,중식,3267.0,청포묵김가루무침,
명덕고등학교,7010158,2024-08-29,목,중식,3267.0,쭈꾸미소세지볶음,"2,5,6,10,12,13,16,18"
명덕고등학교,7010158,2024-08-29,목,중식,3267.0,배추김치,9
명덕고등학교,7010158,2024-08-29,목,중식,3267.0,사과,
명덕고등학교,7010158,2024-08-29,목,석식,342.0,잡곡밥,5
명덕고등학교,7010158,2024-08-29,목,석식,342.0,일식장국,"1,5,6"
명덕고등학교,7010158,2024-08-29,목,석식,342.0,쫄면야채무침,"5,6,13"
명덕고등학교,7010158,2024-08-29,목,석식,342.0,치킨까스*소스,"1,2,5,6,13,15"
명덕고등학교,7010158,2024-08-29,목,석식,342.0,배추김치,9
명덕고등학교,7010158,2024-08-29,목,석식,342.0,사과호두샐러드,"2,14"
명덕고등학교,7010158,2024-08-29,목,석식,342.0,골드키위,
명덕고등학교,7010158,2024-08-30,금,조식,683.0,소고기표고밥*양념장,16
명덕고등학교,7010158,2024-08-30,금,조식,683.0,북어국,"1,5,6"
명덕고등학교,7010158,2024-08-30,금,조식,683.0,돌돌고기떡말이,"2,5,6,10,16"
명덕고등학교,7010158,2024-08-30,금,조식,683.0,골뱅이야채무침,"5,6,13"
명덕고등학교,7010158,2024-08-30,금,조식,683.0,맛김치,9
명덕고등학교,7010158,2024-08-30,금,조식,683.0,시리얼(스페셜K외),"1,2,4,5,6,10,14,16,18"
명덕고등학교,7010158,2024-08-30,금,조식,683.0,우유&주스,"2,5,6,11,13"
명덕고등학교,7010158,2024-08-30,금,조식,683.0,방울토마토,12
명덕고등학교,7010158,2024-08-30,금,조식,683.0,달걀브로콜리샐러드,"1,2,5,6,8,9,12,13,16,18"
명덕고등학교,7010158,2024-08-30,금,중식,3267.0,잡곡밥,5
명덕고등학교,7010158,2024-08-30,금,중식,3267.0,육개장,"1,5,16"
명덕고등학교,7010158,2024-08-30,금,중식,3267.0,모듬채소*해선장,"5,6,8,9,13,17,18"
명덕고등학교,7010158,2024-08-30,금,중식,3267.0,멸치견과류볶음,"5,13,14"
명덕고등학교,7010158,2024-08-30,금,중식,3267.0,훈제닭구이,"2,5,6,15"
명덕고등학교,7010158,2024-08-30,금,중식,3267.0,배추김치,9
명덕고등학교,7010158,2024-08-30,금,석식,348.0,목살김치짜글이,"9,10"
명덕고등학교,7010158,2024-08-30,금,석식,348.0,호박감자국,"5,6"
명덕고등학교,7010158,2024-08-30,금,석식,348.0,고갈비양념구이,"5,6,7,13"
명덕고등학교,7010158,2024-08-30,금,석식,348.0,버섯잡채,"5,6,10,13,16"
명덕고등학교,7010158,2024-08-30,금,석식,348.0,도시락김(풀무원),
명덕고등학교,7010158,2024-08-30,금,석식,348.0,깍두기,9
명덕고등학교,7010158,2024-08-31,토,조식,55.0,쌀밥,
명덕고등학교,7010158,2024-08-31,토,조식,55.0,얼갈이된장국,"5,6"
명덕고등학교,7010158,2024-08-31,토,조식,55.0,계란찜,1
명덕고등학교,7010158,2024-08-31,토,조식,55.0,오이무침,"5,6,9,13"
명덕고등학교,7010158,2024-08-31,토,조식,55.0,제육볶음,"5,6,10,13,18"
명덕고등학교,7010158,2024-08-31,토,조식,55.0,맛김치,9
명덕고등학교,7010158,2024-08-31,토,조식,55.0,시리얼(스페셜K외),"5,6,10,14,16,18,1,2,4"
명덕고등학교,7010158,2024-08-31,토,조식,55.0,우유&주스,"2,5,6,11,13"
명덕고등학교,7010158,2024-08-31,토,조식,55.0,바나나,
명덕고등학교,7010158,2024-09-02,월,조식,675.0,쌀밥,
명덕고등학교,7010158,2024-09-02,월,조식,675.0,아욱된장국,"5,6"
명덕고등학교,7010158,2024-09-02,월,조식,675.0,스페니쉬오믈렛*케찹,"1,2,5,6,10,12,15,16"
명덕고등학교,7010158,2024-09-02,월,조식,675.0,오이무침,"5,6,9,13"
명덕고등학교,7010158,2024-09-02,월,조식,675.0,포크큐브스테이크,"1,2,5,6,10,12,15,16"
명덕고등학교,7010158,2024-09-02,월,조식,675.0,맛김치,9
명덕고등학교,7010158,2024-09-02,월,조식,675.0,시리얼(스페셜K외),"1,2,4,5,6,10,14,16,18"
명덕고등학교,7010158,2024-09-02,월,조식,675.0,사과,
명덕고등학교,7010158,2024-09-02,월,조식,675.0,우유&주스,"2,5,6,11,13"
명덕고등학교,7010158,2024-09-02,월,중식,3262.0,잡곡밥,5
명덕고등학교,7010158,2024-09-02,월,중식,3262.0,오징어무국,"2,5,6,15,16,17,18"
명덕고등학교,7010158,2024-09-02,월,중식,3262.0,얼갈이된장무침,"5,6"
명덕고등학교,7010158,2024-09-02,월,중식,3262.0,닭볶음탕,"2,5,6,12,13,15,16,18"
명덕고등학교,7010158,2024-09-02,월,중식,3262.0,소고기육전*파채무침,"1,5,6,13,16"
명덕고등학교,7010158,2024-09-02,월,중식,3262.0,깍두기,9
명덕고등학교,7010158,2024-09-02,월,석식,343.0,잡곡밥,5
명덕고등학교,7010158,2024-09-02,월,석식,343.0,막국수,"1,2,3,4,5,6,7,8,9,10,11,12,16,17,18"
명덕고등학교,7010158,2024-09-02,월,석식,343.0,훈제삼겹구이,"5,6,10"
명덕고등학교,7010158,2024-09-02,월,석식,343.0,배추김치,9
명덕고등학교,7010158,2024-09-02,월,석식,343.0,바나나,
명덕고등학교,7010158,2024-09-02,월,석식,343.0,연근샐러드(조식)-흑임자D,"1,5,6"
명덕고등학교,7010158,2024-09-03,화,조식,675.0,쌀밥,
명덕고등학교,7010158,2024-09-03,화,조식,675.0,빵(조식),"1,2,5,6,9,10,12,13,14,15,16,18"
명덕고등학교,7010158,2024-09-03,화,조식,675.0,감자옹심이국,6
명덕고등학교,7010158,2024-09-03,화,조식,675.0,도토리묵야채무침,
명덕고등학교,7010158,2024-09-03,화,조식,675.0,허니간장불고기,10
명덕고등학교,7010158,2024-09-03,화,조식,675.0,도시락김,
명덕고등학교,7010158,2024-09-03,화,조식,675.0,맛김치,9
명덕고등학교,7010158,2024-09-03,화,조식,675.0,시리얼(스페셜K외),"1,2,4,5,6,10,14,16,18"
명덕고등학교,7010158,2024-09-03,화,조식,675.0,메론,
명덕고등학교,7010158,2024-09-03,화,조식,675.0,우유&주스,"2,5,6,11,13"
명덕고등학교,7010158,2024-09-03,화,중식,3258.0,잡곡밥,5
명덕고등학교,7010158,2024-09-03,화,중식,3258.0,병천순대국,"5,6,9,10,15"
명덕고등학교,7010158,2024-09-03,화,중식,3258.0,메추리알장조림,"1,5,6,13"
명덕고등학교,7010158,2024-09-03,화,중식,3258.0,풋고추쌈장무침,"5,6"
명덕고등학교,7010158,2024-09-03,화,중식,3258.0,쭈꾸미튀김&군만두*샐러드,"1,5,6,9,10,13,16,18"
명덕고등학교,7010158,2024-09-03,화,중식,3258.0,깍두기,9
명덕고등학교,7010158,2024-09-03,화,석식,347.0,스팸김치볶음덮밥,"1,2,5,6,9,10,13,16"
명덕고등학교,7010158,2024-09-03,화,석식,347.0,미소장국,"5,6"
명덕고등학교,7010158,2024-09-03,화,석식,347.0,닭봉강정,"5,6,12,13,15"
명덕고등학교,7010158,2024-09-03,화,석식,347.0,고구마베이컨오븐구이,"1,5,10"
명덕고등학교,7010158,2024-09-03,화,석식,347.0,깍두기,9
명덕고등학교,7010158,2024-09-04,수,조식,675.0,콩나물밥*양념장,"5,6,13,16"
명덕고등학교,7010158,2024-09-04,수,조식,675.0,쇠고기미역국,"5,6,16"
명덕고등학교,7010158,2024-09-04,수,조식,675.0,미니돈까스,"5,6,10,12,16,17,18"
명덕고등학교,7010158,2024-09-04,수,조식,675.0,매실된장고등어살구이,7
명덕고등학교,7010158,2024-09-04,수,조식,675.0,맛김치,9
명덕고등학교,7010158,2024-09-04,수,조식,675.0,시리얼(스페셜K외),"1,2,4,5,6,10,14,16,18"
명덕고등학교,7010158,2024-09-04,수,조식,675.0,방울토마토,12
명덕고등학교,7010158,2024-09-04,수,조식,675.0,그래놀라샐러드(조식),"2,5,6,12"
명덕고등학교,7010158,2024-09-04,수,조식,675.0,우유&주스,"2,5,6,11,13"
명덕고등학교,7010158,2024-09-04,수,중식,3258.0,나폴리탄파스타,"2,5,6,10,12,13,15,16,18"
명덕고등학교,7010158,2024-09-04,수,중식,3258.0,회오리감자,"2,5,6"
명덕고등학교,7010158,2024-09-04,수,중식,3258.0,치킨타코,"1,2,5,6,12,13,15"
명덕고등학교,7010158,2024-09-04,수,중식,3258.0,오이피클,
명덕고등학교,7010158,2024-09-04,수,중식,3258.0,딸기우유(매일),2
명덕고등학교,7010158,2024-09-04,수,석식,33.0,잡곡밥,5
명덕고등학교,7010158,2024-09-04,수,석식,33.0,고추장찌개,"5,6,10"
명덕고등학교,7010158,2024-09-04,수,석식,33.0,계란찜,1
명덕고등학교,7010158,2024-09-04,수,석식,33.0,열탄불고기,"5,6,10,13"
명덕고등학교,7010158,2024-09-04,수,석식,33.0,배추김치,9
명덕고등학교,7010158,2024-09-04,수,석식,33.0,매실간장마늘쫑,"5,6"
명덕고등학교,7010158,2024-09-05,목,조식,675.0,쌀밥,
명덕고등학교,7010158,2024-09-05,목,조식,675.0,전복죽(조식),"1,5,6,18"
명덕고등학교,7010158,2024-09-05,목,조식,675.0,일식장국,"5,6"
명덕고등학교,7010158,2024-09-05,목,조식,675.0,쇠고기사태장조림(조식),"1,16"
명덕고등학교,7010158,2024-09-05,목,조식,675.0,오이지무침,13
명덕고등학교,7010158,2024-09-05,목,조식,675.0,매콤어묵볶음,"5,6,9,13,16,17,18"
명덕고등학교,7010158,2024-09-05,목,조식,675.0,맛김치,9
명덕고등학교,7010158,2024-09-05,목,조식,675.0,시리얼(스페셜K외),"1,2,4,5,6,10,14,16,18"
명덕고등학교,7010158,2024-09-05,목,조식,675.0,바나나,
명덕고등학교,7010158,2024-09-05,목,조식,675.0,우유&주스,"2,5,6,11,13"
명덕고등학교,7010158,2024-09-05,목,중식,3258.0,잡곡밥,5
명덕고등학교,7010158,2024-09-05,목,중식,3258.0,들깨시래기국,"5,6"
명덕고등학교,7010158,2024-09-05,목,중식,3258.0,돈갈비찜,"5,6,10,13,18"
명덕고등학교,7010158,2024-09-05,목,중식,3258.0,두부강정,"1,2,5,6,12,15"
명덕고등학교,7010158,2024-09-05,목,중식,3258.0,깍두기,9
명덕고등학교,7010158,2024-09-05,목,중식,3258.0,달걀샐러드,"1,6,10,12,13"
명덕고등학교,7010158,2024-09-05,목,중식,3258.0,사과,
명덕고등학교,7010158,2024-09-05,목,석식,345.0,잡곡밥,5
명덕고등학교,7010158,2024-09-05,목,석식,345.0,잔치국수(할매국수),"5,6,13"
명덕고등학교,7010158,2024-09-05,목,석식,345.0,고구마치즈롤까스,"2,5,6,10,12,17,18"
명덕고등학교,7010158,2024-09-05,목,석식,345.0,깍두기,9
명덕고등학교,7010158,2024-09-05,목,석식,345.0,골드키위,
명덕고등학교,7010158,2024-09-05,목,석식,345.0,단호박견과샐러드,"1,2,5,6,16"
명덕고등학교,7010158,2024-09-06,금,조식,675.0,쌀밥,
명덕고등학교,7010158,2024-09-06,금,조식,675.0,떡국,"1,5,6,16"
명덕고등학교,7010158,2024-09-06,금,조식,675.0,두부조림,"5,6,13"
명덕고등학교,7010158,2024-09-06,금,조식,675.0,맛김치,9
명덕고등학교,7010158,2024-09-06,금,조식,675.0,시리얼(스페셜K외),"1,2,4,5,6,10,14,16,18"
명덕고등학교,7010158,2024-09-06,금,조식,675.0,파인애플,
명덕고등학교,7010158,2024-09-06,금,조식,675.0,감자샐러드(깍둑)-조식,"1,2,5"
명덕고등학교,7010158,2024-09-06,금,조식,675.0,훈제오리*야채무침(참깨소스),"1,2,5,6,16"
명덕고등학교,7010158,2024-09-06,금,조식,675.0,우유&주스,"2,5,6,11,13"
명덕고등학교,7010158,2024-09-06,금,중식,3157.0,잡곡밥,5
명덕고등학교,7010158,2024-09-06,금,중식,3157.0,근대된장국,"5,6"
명덕고등학교,7010158,2024-09-06,금,중식,3157.0,닭불고기,"1,5,6,12,13,15"
명덕고등학교,7010158,2024-09-06,금,중식,3157.0,카레자반,5
명덕고등학교,7010158,2024-09-06,금,중식,3157.0,수제치즈감자전,"2,5,6"
명덕고등학교,7010158,2024-09-06,금,중식,3157.0,배추김치,9
명덕고등학교,7010158,2024-09-06,금,중식,3157.0,아이스망고,
명덕고등학교,7010158,2024-09-06,금,석식,280.0,쌀밥,
명덕고등학교,7010158,2024-09-06,금,석식,280.0,나주곰탕,"5,6,16"
명덕고등학교,7010158,2024-09-06,금,석식,280.0,삼치조림,"5,6,13"
명덕고등학교,7010158,2024-09-06,금,석식,280.0,소시지그릴구이,"1,2,5,6,10,15,16"
명덕고등학교,7010158,2024-09-06,금,석식,280.0,고구마순들깨볶음,5
명덕고등학교,7010158,2024-09-06,금,석식,280.0,깍두기,9
명덕고등학교,7010158,2024-09-07,토,조식,53.0,쌀밥,
명덕고등학교,7010158,2024-09-07,토,조식,53.0,건새우무국,"5,6,9"
명덕고등학교,7010158,2024-09-07,토,조식,53.0,계란장조림,"1,5,6,13"
명덕고등학교,7010158,2024-09-07,토,조식,53.0,버섯불고기,"5,6,13,16,18"
명덕고등학교,7010158,2024-09-07,토,조식,53.0,맛김치,9
명덕고등학교,7010158,2024-09-07,토,조식,53.0,시리얼(스페셜K외),"1,2,4,5,6,10,14,16,18"
명덕고등학교,7010158,2024-09-07,토,조식,53.0,사과,
명덕고등학교,7010158,2024-09-07,토,조식,53.0,간장무채장아찌,"5,6,8,9,18"
명덕고등학교,7010158,2024-09-07,토,조식,53.0,우유&주스,"2,5,6,11,13"
명덕고등학교,7010158,2024-09-09,월,조식,675.0,쌀밥,
명덕고등학교,7010158,2024-09-09,월,조식,675.0,빵(조식),"1,2,5,6,9,10,12,13,14,15,16,18"
명덕고등학교,7010158,2024-09-09,월,조식,675.0,배추된장국,"5,6"
명덕고등학교,7010158,2024-09-09,월,조식,675.0,계란찜,1
명덕고등학교,7010158,2024-09-09,월,조식,675.0,숯불고기*숙주,10
명덕고등학교,7010158,2024-09-09,월,조식,675.0,깍두기,9
명덕고등학교,7010158,2024-09-09,월,조식,675.0,시리얼(스페셜K외),"1,2,4,5,6,10,14,16,18"
명덕고등학교,7010158,2024-09-09,월,조식,675.0,사과,
명덕고등학교,7010158,2024-09-09,월,조식,675.0,그래놀라샐러드(조식),"2,5,6,12"
명덕고등학교,7010158,2024-09-09,월,조식,675.0,우유&주스,"2,5,6,11,13"
명덕고등학교,7010158,2024-09-09,월,중식,3253.0,잡곡밥,5
명덕고등학교,7010158,2024-09-09,월,중식,3253.0,황태미역국,"5,6"
명덕고등학교,7010158,2024-09-09,월,중식,3253.0,마늘보쌈,"2,5,6,9,10,13"
명덕고등학교,7010158,2024-09-09,월,중식,3253.0,김치찐만두,"5,6,9,10,16"
명덕고등학교,7010158,2024-09-09,월,중식,3253.0,무말랭이무침,
명덕고등학교,7010158,2024-09-09,월,중식,3253.0,배추김치,9
명덕고등학교,7010158,2024-09-09,월,석식,343.0,잡곡밥,5
명덕고등학교,7010158,2024-09-09,월,석식,343.0,크림스프(석식),"1,2,5,6,13,16"
명덕고등학교,7010158,2024-09-09,월,석식,343.0,쫄면야채무침,"5,6,13"
명덕고등학교,7010158,2024-09-09,월,석식,343.0,치킨까스*소스,"5,6,12,13,15,16"
명덕고등학교,7010158,2024-09-09,월,석식,343.0,배추김치,9
명덕고등학교,7010158,2024-09-09,월,석식,343.0,콥샐러드,"1,2,5,12,13"
명덕고등학교,7010158,2024-09-10,화,조식,673.0,쌀밥,
명덕고등학교,7010158,2024-09-10,화,조식,673.0,김치국,"2,5,6,7,9,13,16,18"
명덕고등학교,7010158,2024-09-10,화,조식,673.0,순살찜닭,"2,5,6,13,15,16"
명덕고등학교,7010158,2024-09-10,화,조식,673.0,전복버터구이,"2,18"
명덕고등학교,7010158,2024-09-10,화,조식,673.0,깍두기,9
명덕고등학교,7010158,2024-09-10,화,조식,673.0,시리얼(스페셜K외),"1,2,4,5,6,10,14,16,18"
명덕고등학교,7010158,2024-09-10,화,조식,673.0,크림슨포도,
명덕고등학교,7010158,2024-09-10,화,조식,673.0,우유&주스,"2,5,6,11,13"
명덕고등학교,7010158,2024-09-10,화,조식,673.0,보코치니샐러드,"2,6,12"
명덕고등학교,7010158,2024-09-10,화,중식,3249.0,잡곡밥,5
명덕고등학교,7010158,2024-09-10,화,중식,3249.0,된장찌개,"5,6"
명덕고등학교,7010158,2024-09-10,화,중식,3249.0,양념어묵,"5,6,8"
명덕고등학교,7010158,2024-09-10,화,중식,3249.0,도토리묵백김치무침,"5,6,9,13"
명덕고등학교,7010158,2024-09-10,화,중식,3249.0,버섯불고기,"5,6,13,16,18"
명덕고등학교,7010158,2024-09-10,화,중식,3249.0,깍두기,9
명덕고등학교,7010158,2024-09-10,화,중식,3249.0,상추쌈*쌈장,"5,6"
명덕고등학교,7010158,2024-09-10,화,석식,347.0,떠먹는유부초밥,"1,2,5,6,10,13,15,16"
명덕고등학교,7010158,2024-09-10,화,석식,347.0,우동국,"1,2,5,6,7,9,13,16,18"
명덕고등학교,7010158,2024-09-10,화,석식,347.0,단무지,
명덕고등학교,7010158,2024-09-10,화,석식,347.0,떡볶이(석식),"1,5,6,12,13,16"
명덕고등학교,7010158,2024-09-10,화,석식,347.0,김말이튀김,"5,6,16,18"
명덕고등학교,7010158,2024-09-10,화,석식,347.0,쥬시쿨,2
명덕고등학교,7010158,2024-09-10,화,석식,347.0,나쵸야채샐러드,"1,2,5,16"
명덕고등학교,7010158,2024-09-11,수,조식,673.0,쌀밥,
명덕고등학교,7010158,2024-09-11,수,조식,673.0,물만두국,"1,5,6,10,15,16,18"
명덕고등학교,7010158,2024-09-11,수,조식,673.0,삼치구이,"5,6"
명덕고등학교,7010158,2024-09-11,수,조식,673.0,동그랑땡전,"5,6,10,12,16"
명덕고등학교,7010158,2024-09-11,수,조식,673.0,맛김치,9
명덕고등학교,7010158,2024-09-11,수,조식,673.0,시리얼(스페셜K외),"1,2,4,5,6,10,14,16,18"
명덕고등학교,7010158,2024-09-11,수,조식,673.0,방울토마토,12
명덕고등학교,7010158,2024-09-11,수,조식,673.0,셀러리포도샐러드,"1,2,5,12,14,16"
명덕고등학교,7010158,2024-09-11,수,조식,673.0,우유&주스,"2,5,6,11,13"
명덕고등학교,7010158,2024-09-11,수,중식,2700.0,쌀밥,
명덕고등학교,7010158,2024-09-11,수,중식,2700.0,일식장국,"5,6"
명덕고등학교,7010158,2024-09-11,수,중식,2700.0,카레소스,"2,5,6,10,12,18"
명덕고등학교,7010158,2024-09-11,수,중식,2700.0,골뱅이야채무침,"5,6,13"
명덕고등학교,7010158,2024-09-11,수,중식,2700.0,파닭(가라아게),"2,4,5,6,12,13,15"
명덕고등학교,7010158,2024-09-11,수,중식,2700.0,배추김치,9
명덕고등학교,7010158,2024-09-11,수,중식,2700.0,한입아이스홍시,
명덕고등학교,7010158,2024-09-11,수,석식,133.0,잡곡밥,5
명덕고등학교,7010158,2024-09-11,수,석식,133.0,돈육감자탕,"5,6,10"
명덕고등학교,7010158,2024-09-11,수,석식,133.0,미트볼그라탕,"1,2,5,6,10,15,16,18"
명덕고등학교,7010158,2024-09-11,수,석식,133.0,멸치고추장조림(가이리),"5,6,13"
명덕고등학교,7010158,2024-09-11,수,석식,133.0,깍두기,9
명덕고등학교,7010158,2024-09-11,수,석식,133.0,일식샐러드*흑임자드레싱,"2,5,12"
명덕고등학교,7010158,2024-09-12,목,조식,673.0,쌀밥,
명덕고등학교,7010158,2024-09-12,목,조식,673.0,빵(조식),"1,2,5,6,9,10,12,13,14,15,16,18"
명덕고등학교,7010158,2024-09-12,목,조식,673.0,육개장,"1,5,16"
명덕고등학교,7010158,2024-09-12,목,조식,673.0,메추리알장조림,"1,5,6,13"
명덕고등학교,7010158,2024-09-12,목,조식,673.0,훈제오리감자볶음,"2,5,6,10,13,16"
명덕고등학교,7010158,2024-09-12,목,조식,673.0,맛김치,9
명덕고등학교,7010158,2024-09-12,목,조식,673.0,시리얼(스페셜K외),"1,2,4,5,6,10,14,16,18"
명덕고등학교,7010158,2024-09-12,목,조식,673.0,바나나,
명덕고등학교,7010158,2024-09-12,목,조식,673.0,자몽파스타샐러드,"2,6,12,13"
명덕고등학교,7010158,2024-09-12,목,조식,673.0,우유&주스,"2,5,6,11,13"
명덕고등학교,7010158,2024-09-12,목,중식,2700.0,잡곡밥,5
명덕고등학교,7010158,2024-09-12,목,중식,2700.0,참치김치찌개,"5,9,13"
명덕고등학교,7010158,2024-09-12,목,중식,2700.0,버섯잡채,"5,6,10,13"
명덕고등학교,7010158,2024-09-12,목,중식,2700.0,도시락김,
명덕고등학교,7010158,2024-09-12,목,중식,2700.0,양념돼지갈비구이,"1,2,5,6,10,13,16"
명덕고등학교,7010158,2024-09-12,목,중식,2700.0,깍두기,9
명덕고등학교,7010158,2024-09-12,목,중식,2700.0,사과,
명덕고등학교,7010158,2024-09-12,목,석식,345.0,잡곡밥,5
명덕고등학교,7010158,2024-09-12,목,석식,345.0,쌀국수,"2,5,6,12,15,16"
명덕고등학교,7010158,2024-09-12,목,석식,345.0,토마토닭가슴살냉채,"15,5,6,12,13"
명덕고등학교,7010158,2024-09-12,목,석식,345.0,꿔바로우,"5,6,10,11,12,13"
명덕고등학교,7010158,2024-09-12,목,석식,345.0,배추김치,9
명덕고등학교,7010158,2024-09-12,목,석식,345.0,포도(캠벨),
명덕고등학교,7010158,2024-09-13,금,조식,542.0,쌀밥,
명덕고등학교,7010158,2024-09-13,금,조식,542.0,야채죽,"1,5,6"
명덕고등학교,7010158,2024-09-13,금,조식,542.0,쇠고기무국,"5,6,16"
명덕고등학교,7010158,2024-09-13,금,조식,542.0,양배추샐러드*케요네즈,"1,5,12"
명덕고등학교,7010158,2024-09-13,금,조식,542.0,매콤어묵볶음,"5,6,9,13,16,17,18"
명덕고등학교,7010158,2024-09-13,금,조식,542.0,인삼양념닭구이,"5,6,13,15"
명덕고등학교,7010158,2024-09-13,금,조식,542.0,맛김치,9
명덕고등학교,7010158,2024-09-13,금,조식,542.0,시리얼(스페셜K외),"1,2,4,5,6,10,14,16,18"
명덕고등학교,7010158,2024-09-13,금,조식,542.0,골드키위,
명덕고등학교,7010158,2024-09-13,금,조식,542.0,우유&주스,"2,5,6,11,13"
명덕고등학교,7010158,2024-09-13,금,중식,2466.0,잡곡밥,5
명덕고등학교,7010158,2024-09-13,금,중식,2466.0,순두부찌개,"1,5,6,10,16,18"
명덕고등학교,7010158,2024-09-13,금,중식,2466.0,제육볶음,"5,6,10,13"
명덕고등학교,7010158,2024-09-13,금,중식,2466.0,타코야끼,"1,5,6,10,13"
명덕고등학교,7010158,2024-09-13,금,중식,2466.0,배추김치,9
명덕고등학교,7010158,2024-09-13,금,중식,2466.0,깻잎지,"5,6"
명덕고등학교,7010158,2024-09-13,금,석식,96.0,잡곡밥,5
명덕고등학교,7010158,2024-09-13,금,석식,96.0,설렁탕,"13,16"
명덕고등학교,7010158,2024-09-13,금,석식,96.0,갈치조림,"5,6,13"
명덕고등학교,7010158,2024-09-13,금,석식,96.0,시래기된장지짐,"5,6"
명덕고등학교,7010158,2024-09-13,금,석식,96.0,떡갈비파채무침,"2,5,6,10,16"
명덕고등학교,7010158,2024-09-13,금,석식,96.0,깍두기,9
명덕고등학교,7010158,2024-09-14,토,조식,41.0,쌀밥,
명덕고등학교,7010158,2024-09-14,토,조식,41.0,돈육김치찌개,"5,9,10"
명덕고등학교,7010158,2024-09-14,토,조식,41.0,스크램블에그,"1,2,12"
명덕고등학교,7010158,2024-09-14,토,조식,41.0,소세지야채볶음,"2,5,6,10,12,13,16,18"
명덕고등학교,7010158,2024-09-14,토,조식,41.0,깍두기,9
명덕고등학교,7010158,2024-09-14,토,조식,41.0,깻잎지,"5,6"
명덕고등학교,7010158,2024-09-14,토,조식,41.0,시리얼(스페셜K외),"1,2,4,5,6,10,14,16,18"
명덕고등학교,7010158,2024-09-14,토,조식,41.0,배,
명덕고등학교,7010158,2024-09-14,토,조식,41.0,우유&주스,"2,5,6,11,13"
명덕고등학교,7010158,2024-09-19,목,조식,673.0,쌀밥,
명덕고등학교,7010158,2024-09-19,목,조식,673.0,빵(조식),"1,2,5,6,9,10,12,13,14,15,16,18"
명덕고등학교,7010158,2024-09-19,목,조식,673.0,쇠고기미역국,"5,6,16"
명덕고등학교,7010158,2024-09-19,목,조식,673.0,돌돌고기떡말이,"2,5,6,10,16"
명덕고등학교,7010158,2024-09-19,목,조식,673.0,우엉잡채,"5,6,13"
명덕고등학교,7010158,2024-09-19,목,조식,673.0,맛김치,9
명덕고등학교,7010158,2024-09-19,목,조식,673.0,시리얼(스페셜K외),"1,2,4,5,6,10,14,16,18"
명덕고등학교,7010158,2024-09-19,목,조식,673.0,방울토마토,12
명덕고등학교,7010158,2024-09-19,목,조식,673.0,단호박견과샐러드,"1,2,5,6,16"
명덕고등학교,7010158,2024-09-19,목,조식,673.0,우유&주스,"2,5,6,11,13"
명덕고등학교,7010158,2024-09-19,목,중식,3249.0,꾸돈덮밥,"5,6,7,10,13,15,16"
명덕고등학교,7010158,2024-09-19,목,중식,3249.0,북어국,"1,5,6"
명덕고등학교,7010158,2024-09-19,목,중식,3249.0,새우까스*콘소스,"1,2,5,6,9,13"
명덕고등학교,7010158,2024-09-19,목,중식,3249.0,깍두기,9
명덕고등학교,7010158,2024-09-19,목,중식,3249.0,토마토샐러드,"5,6,12"
명덕고등학교,7010158,2024-09-19,목,석식,345.0,잡곡밥,5
명덕고등학교,7010158,2024-09-19,목,석식,345.0,쇠고기우거지탕,"5,6,13,16"
명덕고등학교,7010158,2024-09-19,목,석식,345.0,청양풍찜닭,"2,5,6,13,15,16"
명덕고등학교,7010158,2024-09-19,목,석식,345.0,오꼬노미야끼,"1,5,6,9,10,13,17"
명덕고등학교,7010158,2024-09-19,목,석식,345.0,배추김치,9
명덕고등학교,7010158,2024-09-19,목,석식,345.0,일식샐러드*흑임자드레싱,"1,5,6,12"
명덕고등학교,7010158,2024-09-20,금,조식,673.0,쌀밥,
명덕고등학교,7010158,2024-09-20,금,조식,673.0,갈빗살양념구이,"5,6,13,16,18"
명덕고등학교,7010158,2024-09-20,금,조식,673.0,야채죽,"1,5,6"
명덕고등학교,7010158,2024-09-20,금,조식,673.0,얼갈이된장국,"5,6"
명덕고등학교,7010158,2024-09-20,금,조식,673.0,계란장조림,"1,5,6,13"
명덕고등학교,7010158,2024-09-20,금,조식,673.0,깻잎지,"5,6"
명덕고등학교,7010158,2024-09-20,금,조식,673.0,맛김치,9
명덕고등학교,7010158,2024-09-20,금,조식,673.0,시리얼(스페셜K외),"1,2,4,5,6,10,14,16,18"
명덕고등학교,7010158,2024-09-20,금,조식,673.0,골드키위,
명덕고등학교,7010158,2024-09-20,금,조식,673.0,우유&주스,"2,5,6,11,13"
명덕고등학교,7010158,2024-09-20,금,중식,2705.0,잡곡밥,5
명덕고등학교,7010158,2024-09-20,금,중식,2705.0,가락냉국수,"1,2,5,6,9,16"
명덕고등학교,7010158,2024-09-20,금,중식,2705.0,가지그라탕,"2,5,6,12,13,15,16,18"
명덕고등학교,7010158,2024-09-20,금,중식,2705.0,나주식오리불고기,5
명덕고등학교,7010158,2024-09-20,금,중식,2705.0,배추김치,9
명덕고등학교,7010158,2024-09-20,금,중식,2705.0,사과,
명덕고등학교,7010158,2024-09-20,금,석식,280.0,목살김치짜글이,"9,10"
명덕고등학교,7010158,2024-09-20,금,석식,280.0,맑은콩나물국,"5,6"
명덕고등학교,7010158,2024-09-20,금,석식,280.0,청포묵흑임자무침,"1,5,6,16"
명덕고등학교,7010158,2024-09-20,금,석식,280.0,함박스테이크,"1,2,5,6,10,16"
명덕고등학교,7010158,2024-09-20,금,석식,280.0,깍두기,9
명덕고등학교,7010158,2024-09-21,토,조식,72.0,쌀밥,
명덕고등학교,7010158,2024-09-21,토,조식,72.0,하이라이스소스,"1,2,5,6,12,16"
명덕고등학교,7010158,2024-09-21,토,조식,72.0,가쓰오장국,"1,2,5,6,7,9,13,16,18"
명덕고등학교,7010158,2024-09-21,토,조식,72.0,매콤어묵볶음,"5,6,9,13,16,17,18"
명덕고등학교,7010158,2024-09-21,토,조식,72.0,고기완자전(조식),"1,5,6,10,16"
명덕고등학교,7010158,2024-09-21,토,조식,72.0,맛김치,9
명덕고등학교,7010158,2024-09-21,토,조식,72.0,시리얼(스페셜K외),"1,2,4,5,6,10,14,16,18"
명덕고등학교,7010158,2024-09-21,토,조식,72.0,매실간장마늘쫑,"5,6"
명덕고등학교,7010158,2024-09-21,토,조식,72.0,바나나,
명덕고등학교,7010158,2024-09-21,토,조식,72.0,우유&주스,"2,5,6,11,13"
명덕고등학교,7010158,2024-09-23,월,조식,673.0,소고기표고밥*양념장,16
명덕고등학교,7010158,2024-09-23,월,조식,673.0,황태해장국,"1,5,6"
명덕고등학교,7010158,2024-09-23,월,조식,673.0,울외장아찌,
명덕고등학교,7010158,2024-09-23,월,조식,673.0,떡갈비*부추무침,"5,6,10,16"
명덕고등학교,7010158,2024-09-23,월,조식,673.0,맛김치,9
명덕고등학교,7010158,2024-09-23,월,조식,673.0,시리얼(스페셜K외),"1,2,4,5,6,10,14,16,18"
명덕고등학교,7010158,2024-09-23,월,조식,673.0,사과,
명덕고등학교,7010158,2024-09-23,월,조식,673.0,감자샐러드(깍둑)-조식,"1,2,5"
명덕고등학교,7010158,2024-09-23,월,조식,673.0,우유&주스,"2,5,6,11,13"
명덕고등학교,7010158,2024-09-23,월,중식,3253.0,잡곡밥,5
명덕고등학교,7010158,2024-09-23,월,중식,3253.0,갈비탕,"1,5,6,16"
명덕고등학교,7010158,2024-09-23,월,중식,3253.0,삼치김치조림,"5,6,9,13"
명덕고등학교,7010158,2024-09-23,월,중식,3253.0,오이무침,"5,6,9,13"
명덕고등학교,7010158,2024-09-23,월,중식,3253.0,두부커틀렛,"5,6,13"
명덕고등학교,7010158,2024-09-23,월,중식,3253.0,깍두기,9
명덕고등학교,7010158,2024-09-23,월,석식,343.0,계란국,"1,5,6"
명덕고등학교,7010158,2024-09-23,월,석식,343.0,골뱅이야채무침,"5,6,13"
명덕고등학교,7010158,2024-09-23,월,석식,343.0,중화잡채덮밥,"5,6,9,10,13,15,16,17,18"
명덕고등학교,7010158,2024-09-23,월,석식,343.0,깐풍기,"2,4,5,6,12,13,15,16"
명덕고등학교,7010158,2024-09-23,월,석식,343.0,배추김치,9
명덕고등학교,7010158,2024-09-23,월,석식,343.0,신고배,
명덕고등학교,7010158,2024-09-24,화,조식,673.0,쌀밥,
명덕고등학교,7010158,2024-09-24,화,조식,673.0,된장찌개,"5,6"
명덕고등학교,7010158,2024-09-24,화,조식,673.0,열탄불고기,"5,6,10,13"
명덕고등학교,7010158,2024-09-24,화,조식,673.0,해쉬브라운*케찹,"5,6,12"
명덕고등학교,7010158,2024-09-24,화,조식,673.0,구운계란,1
명덕고등학교,7010158,2024-09-24,화,조식,673.0,맛김치,9
명덕고등학교,7010158,2024-09-24,화,조식,673.0,시리얼(스페셜K외),"1,2,4,5,6,10,14,16,18"
명덕고등학교,7010158,2024-09-24,화,조식,673.0,메론,
명덕고등학교,7010158,2024-09-24,화,조식,673.0,포도샐러드,"1,2,5,6,12,14,16"
명덕고등학교,7010158,2024-09-24,화,조식,673.0,우유&주스,"2,5,6,11,13"
명덕고등학교,7010158,2024-09-24,화,중식,3249.0,잡곡밥,5
명덕고등학교,7010158,2024-09-24,화,중식,3249.0,쇠고기미역국,"5,6,16"
명덕고등학교,7010158,2024-09-24,화,중식,3249.0,배추나물,
명덕고등학교,7010158,2024-09-24,화,중식,3249.0,춘천닭갈비,"2,5,6,12,13,15,18"
명덕고등학교,7010158,2024-09-24,화,중식,3249.0,맥앤치즈,"1,2,5,6,10,12,15,16"
명덕고등학교,7010158,2024-09-24,화,중식,3249.0,깍두기,9
명덕고등학교,7010158,2024-09-24,화,중식,3249.0,바나나,
명덕고등학교,7010158,2024-09-24,화,석식,347.0,잡곡밥,5
명덕고등학교,7010158,2024-09-24,화,석식,347.0,짬뽕순두부,"2,5,6,9,10,13,15,16,17,18"
명덕고등학교,7010158,2024-09-24,화,석식,347.0,돈까스*소스,"1,5,6,10,12,17,18"
명덕고등학교,7010158,2024-09-24,화,석식,347.0,고구마베이컨오븐구이,"1,5,10"
명덕고등학교,7010158,2024-09-24,화,석식,347.0,배추김치,9
명덕고등학교,7010158,2024-09-24,화,석식,347.0,크루통샐러드,"1,2,5,6,10,12,13"
명덕고등학교,7010158,2024-09-25,수,조식,673.0,쌀밥,
명덕고등학교,7010158,2024-09-25,수,조식,673.0,쑥갓어묵국,"5,6"
명덕고등학교,7010158,2024-09-25,수,조식,673.0,연근조림,"5,6,13"
명덕고등학교,7010158,2024-09-25,수,조식,673.0,두부조림,"5,6,13"
명덕고등학교,7010158,2024-09-25,수,조식,673.0,맛김치,9
명덕고등학교,7010158,2024-09-25,수,조식,673.0,시리얼(스페셜K외),"1,2,4,5,6,10,14,16,18"
명덕고등학교,7010158,2024-09-25,수,조식,673.0,모듬야채*무쌈,"1,5,6,8,13,16,18"
명덕고등학교,7010158,2024-09-25,수,조식,673.0,골드키위,
명덕고등학교,7010158,2024-09-25,수,조식,673.0,우유&주스,"2,5,6,11,13"
명덕고등학교,7010158,2024-09-25,수,중식,3249.0,나물비빔밥,"5,6,10,13,16"
명덕고등학교,7010158,2024-09-25,수,중식,3249.0,얼갈이된장국,"5,6"
명덕고등학교,7010158,2024-09-25,수,중식,3249.0,훈제닭구이*야채무침,"1,5,6,13,15"
명덕고등학교,7010158,2024-09-25,수,중식,3249.0,떡꼬치,"1,2,5,6,12,15"
명덕고등학교,7010158,2024-09-25,수,중식,3249.0,배추김치,9
명덕고등학교,7010158,2024-09-25,수,중식,3249.0,단호박견과샐러드,"1,2,5,6,16"
명덕고등학교,7010158,2024-09-25,수,석식,133.0,잡곡밥,5
명덕고등학교,7010158,2024-09-25,수,석식,133.0,오징어무국,17
명덕고등학교,7010158,2024-09-25,수,석식,133.0,메추리알장조림,"1,5,6,13"
명덕고등학교,7010158,2024-09-25,수,석식,133.0,시금치나물,
명덕고등학교,7010158,2024-09-25,수,석식,133.0,언양식바싹불고기(수제),"5,6,13,16,18"
명덕고등학교,7010158,2024-09-25,수,석식,133.0,깍두기,9
명덕고등학교,7010158,2024-09-25,수,석식,133.0,자몽,
명덕고등학교,7010158,2024-09-26,목,조식,673.0,쌀밥,
명덕고등학교,7010158,2024-09-26,목,조식,673.0,아욱된장국,"5,6"
명덕고등학교,7010158,2024-09-26,목,조식,673.0,닭살카레볶음,"2,5,6,12,15,18"
명덕고등학교,7010158,2024-09-26,목,조식,673.0,동태전,"1,5,6"
명덕고등학교,7010158,2024-09-26,목,조식,673.0,맛김치,9
명덕고등학교,7010158,2024-09-26,목,조식,673.0,시리얼(스페셜K외),"1,2,4,5,6,10,14,16,18"
명덕고등학교,7010158,2024-09-26,목,조식,673.0,파인애플,
명덕고등학교,7010158,2024-09-26,목,조식,673.0,토마토샐러드(믹스넛),"6,12,14"
명덕고등학교,7010158,2024-09-26,목,조식,673.0,우유&주스,"2,5,6,11,13"
명덕고등학교,7010158,2024-09-26,목,중식,2715.0,잡곡밥,5
명덕고등학교,7010158,2024-09-26,목,중식,2715.0,평양식만둣국,"1,5,6,10,13,15,16,18"
명덕고등학교,7010158,2024-09-26,목,중식,2715.0,단무지무침,
명덕고등학교,7010158,2024-09-26,목,중식,2715.0,쭈꾸미오븐구이*콘치즈,"1,2,5,6,12,13,16,18"
명덕고등학교,7010158,2024-09-26,목,중식,2715.0,사과호두샐러드,"2,14"
명덕고등학교,7010158,2024-09-26,목,석식,345.0,잡곡밥,5
명덕고등학교,7010158,2024-09-26,목,석식,345.0,일식장국,"5,6"
명덕고등학교,7010158,2024-09-26,목,석식,345.0,계란찜,1
명덕고등학교,7010158,2024-09-26,목,석식,345.0,콩나물파채무침,"5,13"
명덕고등학교,7010158,2024-09-26,목,석식,345.0,삼겹살허브구이,"5,6,10,13"
명덕고등학교,7010158,2024-09-26,목,석식,345.0,볶음김치,"5,9"
명덕고등학교,7010158,2024-09-27,금,조식,673.0,쌀밥,
명덕고등학교,7010158,2024-09-27,금,조식,673.0,누룽지,
명덕고등학교,7010158,2024-09-27,금,조식,673.0,돈육김치찌개,"5,9,10"
명덕고등학교,7010158,2024-09-27,금,조식,673.0,치커리배샐러드,12
명덕고등학교,7010158,2024-09-27,금,조식,673.0,치킨너겟,"1,2,5,6,12,13,15,16,18"
명덕고등학교,7010158,2024-09-27,금,조식,673.0,굴비구이,"5,6"
명덕고등학교,7010158,2024-09-27,금,조식,673.0,깍두기,9
명덕고등학교,7010158,2024-09-27,금,조식,673.0,시리얼(스페셜K외),"1,2,4,5,6,10,14,16,18"
명덕고등학교,7010158,2024-09-27,금,조식,673.0,방울토마토,12
명덕고등학교,7010158,2024-09-27,금,조식,673.0,우유&주스,"2,5,6,11,13"
명덕고등학교,7010158,2024-09-27,금,중식,3253.0,잡곡밥,5
명덕고등학교,7010158,2024-09-27,금,중식,3253.0,육개장,"1,16"
명덕고등학교,7010158,2024-09-27,금,중식,3253.0,진미채볶음,"1,5,6,13,17"
명덕고등학교,7010158,2024-09-27,금,중식,3253.0,돼지갈비맛튀김,"1,2,5,6,10,13,16"
명덕고등학교,7010158,2024-09-27,금,중식,3253.0,배추김치,9
명덕고등학교,7010158,2024-09-27,금,중식,3253.0,자몽샐러드,"6,12"
명덕고등학교,7010158,2024-09-27,금,석식,280.0,잡곡밥,5
명덕고등학교,7010158,2024-09-27,금,석식,280.0,오뎅도리탕,"2,5,6,12,15,16,18"
명덕고등학교,7010158,2024-09-27,금,석식,280.0,멸치견과볶음(유자),"5,13,14"
명덕고등학교,7010158,2024-09-27,금,석식,280.0,만두탕수,"1,5,6,10,11,12,13,16"
명덕고등학교,7010158,2024-09-27,금,석식,280.0,깍두기,9
명덕고등학교,7010158,2024-09-27,금,석식,280.0,맛살콘샐러드(꽃맛살샐러드),"1,5,6,8,9,12,13,16,18"
명덕고등학교,7010158,2024-09-28,토,조식,71.0,쌀밥,
명덕고등학교,7010158,2024-09-28,토,조식,71.0,계란국,"1,5,6"
명덕고등학교,7010158,2024-09-28,토,조식,71.0,감자조림,"5,6,13"
명덕고등학교,7010158,2024-09-28,토,조식,71.0,제육볶음,"5,6,10,13,18"
명덕고등학교,7010158,2024-09-28,토,조식,71.0,도시락김,
명덕고등학교,7010158,2024-09-28,토,조식,71.0,맛김치,9
명덕고등학교,7010158,2024-09-28,토,조식,71.0,시리얼(스페셜K외),"1,2,4,5,6,10,14,16,18"
명덕고등학교,7010158,2024-09-28,토,조식,71.0,배,
명덕고등학교,7010158,2024-09-28,토,조식,71.0,우유&주스,"2,5,6,11,13"
명덕고등학교,7010158,2024-09-30,월,조식,673.0,장조림비빔밥,"1,2,5,6,10,13,16"
명덕고등학교,7010158,2024-09-30,월,조식,673.0,우동국,"1,2,5,6,7,9,13,16,18"
명덕고등학교,7010158,2024-09-30,월,조식,673.0,미나리무생채,"5,9,13"
명덕고등학교,7010158,2024-09-30,월,조식,673.0,멘츠까스,"1,5,6,10"
명덕고등학교,7010158,2024-09-30,월,조식,673.0,맛김치,9
명덕고등학교,7010158,2024-09-30,월,조식,673.0,시리얼(스페셜K외),"1,2,4,5,6,10,14,16,18"
명덕고등학교,7010158,2024-09-30,월,조식,673.0,사과,
명덕고등학교,7010158,2024-09-30,월,조식,673.0,그래놀라샐러드(조식),"2,5,6,12"
명덕고등학교,7010158,2024-09-30,월,조식,673.0,우유&주스,"2,5,6,11,13"
명덕고등학교,7010158,2024-09-30,월,중식,3253.0,잡곡밥,5
명덕고등학교,7010158,2024-09-30,월,중식,3253.0,부대찌개,"1,2,5,6,9,10,12,15,16"
명덕고등학교,7010158,2024-09-30,월,중식,3253.0,메추리알장조림,"1,5,6,13"
명덕고등학교,7010158,2024-09-30,월,중식,3253.0,아귀강정*감자튀김,"1,2,5,6,12,15"
명덕고등학교,7010158,2024-09-30,월,중식,3253.0,깍두기,9
명덕고등학교,7010158,2024-09-30,월,석식,343.0,잡곡밥,5
명덕고등학교,7010158,2024-09-30,월,석식,343.0,참치탕,"5,6"
명덕고등학교,7010158,2024-09-30,월,석식,343.0,탕평채,"5,6,13"
명덕고등학교,7010158,2024-09-30,월,석식,343.0,언양불고기,"2,5,6,10,12,16"
명덕고등학교,7010158,2024-09-30,월,석식,343.0,배추김치,9
명덕고등학교,7010158,2024-09-30,월,석식,343.0,신고배,
명덕고등학교,7010158,2024-09-30,월,석식,343.0,어니언콘샐러드,"2,5,6,12,13"
명덕고등학교,7010158,2024-10-01,화,조식,671.0,쌀밥,
명덕고등학교,7010158,2024-10-01,화,조식,671.0,야채죽,"1,5,6"
명덕고등학교,7010158,2024-10-01,화,조식,671.0,쑥갓어묵국,"5,6"
명덕고등학교,7010158,2024-10-01,화,조식,671.0,오이*양배추스틱,"5,6"
명덕고등학교,7010158,2024-10-01,화,조식,671.0,데리야끼치킨볼,"5,6,13,15"
명덕고등학교,7010158,2024-10-01,화,조식,671.0,가자미구이,"2,5,6,12,18"
명덕고등학교,7010158,2024-10-01,화,조식,671.0,깍두기,9
명덕고등학교,7010158,2024-10-01,화,조식,671.0,시리얼(스페셜K외),"1,2,4,5,6,10,14,16,18"
명덕고등학교,7010158,2024-10-01,화,조식,671.0,우유&주스,"2,5,6,11,13"
명덕고등학교,7010158,2024-10-01,화,조식,671.0,방울토마토,12
명덕고등학교,7010158,2024-10-01,화,중식,734.0,잡곡밥,5
명덕고등학교,7010158,2024-10-01,화,중식,734.0,북어국,"1,5,6"
명덕고등학교,7010158,2024-10-01,화,중식,734.0,감자피자그라탕,"1,2,5,6,10,12,15,16,18"
명덕고등학교,7010158,2024-10-01,화,중식,734.0,당근양배추라페샐러드,"1,5,6,13"
명덕고등학교,7010158,2024-10-01,화,중식,734.0,버섯불고기,"5,6,13,16,18"
명덕고등학교,7010158,2024-10-01,화,중식,734.0,깍두기,9
명덕고등학교,7010158,2024-10-01,화,석식,733.0,잡곡밥,5
명덕고등학교,7010158,2024-10-01,화,석식,733.0,순두부백탕07,"1,5"
명덕고등학교,7010158,2024-10-01,화,석식,733.0,매운돼지갈비찜,"2,5,6,10,12,13,16,18"
명덕고등학교,7010158,2024-10-01,화,석식,733.0,오이무침,"5,6,9,13"
명덕고등학교,7010158,2024-10-01,화,석식,733.0,깍두기,9
명덕고등학교,7010158,2024-10-01,화,석식,733.0,맛살콘샐러드(꽃맛살샐러드),"1,5,6,8,9,12,13,16,18"
명덕고등학교,7010158,2024-10-02,수,조식,671.0,쌀밥,
명덕고등학교,7010158,2024-10-02,수,조식,671.0,야채죽,"6,1,5"
명덕고등학교,7010158,2024-10-02,수,조식,671.0,떡국,"1,5,6,16"
명덕고등학교,7010158,2024-10-02,수,조식,671.0,우엉잡채,"5,6,13"
명덕고등학교,7010158,2024-10-02,수,조식,671.0,인삼양념닭구이,"5,6,13,15"
명덕고등학교,7010158,2024-10-02,수,조식,671.0,깍두기,9
명덕고등학교,7010158,2024-10-02,수,조식,671.0,시리얼(스페셜K외),"1,2,4,5,6,10,14,16,18"
명덕고등학교,7010158,2024-10-02,수,조식,671.0,우유&주스,"2,5,6,11,13"
명덕고등학교,7010158,2024-10-02,수,조식,671.0,바나나,
명덕고등학교,7010158,2024-10-02,수,조식,671.0,토마토샐러드(믹스넛),"6,12,14"
명덕고등학교,7010158,2024-10-02,수,중식,3247.0,초당옥수수버터밥,2
명덕고등학교,7010158,2024-10-02,수,중식,3247.0,모밀국수(냉),"3,5,6,13"
명덕고등학교,7010158,2024-10-02,수,중식,3247.0,함박스테이크*데미소스,"5,6,10,12,13,16"
명덕고등학교,7010158,2024-10-02,수,중식,3247.0,깍두기,9
명덕고등학교,7010158,2024-10-02,수,중식,3247.0,사과,
명덕고등학교,7010158,2024-10-02,수,중식,3247.0,일식샐러드*흑임자드레싱,"1,5,6,12"
명덕고등학교,7010158,2024-10-02,수,석식,500.0,잡곡밥,5
명덕고등학교,7010158,2024-10-02,수,석식,500.0,얼갈이된장국,"5,6"
명덕고등학교,7010158,2024-10-02,수,석식,500.0,계란찜,1
명덕고등학교,7010158,2024-10-02,수,석식,500.0,콩나물파채무침,"5,6,13"
명덕고등학교,7010158,2024-10-02,수,석식,500.0,삼겹살*야채무침,"5,6,10"
명덕고등학교,7010158,2024-10-02,수,석식,500.0,깍두기,9
명덕고등학교,7010158,2024-10-03,목,조식,671.0,쌀밥,
명덕고등학교,7010158,2024-10-03,목,조식,671.0,야채죽,"1,5,6"
명덕고등학교,7010158,2024-10-03,목,조식,671.0,매운콩나물국,"5,6"
명덕고등학교,7010158,2024-10-03,목,조식,671.0,울외장아찌,
명덕고등학교,7010158,2024-10-03,목,조식,671.0,열탄오리불고기,5
명덕고등학교,7010158,2024-10-03,목,조식,671.0,스팸감자구이,"2,5,6,10,16"
명덕고등학교,7010158,2024-10-03,목,조식,671.0,깍두기,9
명덕고등학교,7010158,2024-10-03,목,조식,671.0,시리얼(스페셜K외),"16,18,1,2,4,5,6,10,14"
명덕고등학교,7010158,2024-10-03,목,조식,671.0,우유&주스,"2,5,6,11,13"
명덕고등학교,7010158,2024-10-03,목,조식,671.0,사과,
명덕고등학교,7010158,2024-10-03,목,중식,732.0,잡곡밥,5
명덕고등학교,7010158,2024-10-03,목,중식,732.0,버섯들깨탕,"5,6"
명덕고등학교,7010158,2024-10-03,목,중식,732.0,두부조림,"5,6,13"
명덕고등학교,7010158,2024-10-03,목,중식,732.0,시금치나물,
명덕고등학교,7010158,2024-10-03,목,중식,732.0,제육볶음,"5,6,10,13"
명덕고등학교,7010158,2024-10-03,목,중식,732.0,깍두기,9
명덕고등학교,7010158,2024-10-03,목,석식,731.0,건새우무국,"5,6,9"
명덕고등학교,7010158,2024-10-03,목,석식,731.0,단무지무침,
명덕고등학교,7010158,2024-10-03,목,석식,731.0,중화잡채덮밥,"5,6,9,10,13,15,16,17,18"
명덕고등학교,7010158,2024-10-03,목,석식,731.0,사각어묵볶음,"1,5,6,13"
명덕고등학교,7010158,2024-10-03,목,석식,731.0,인절미탕수육,"5,6,10"
명덕고등학교,7010158,2024-10-03,목,석식,731.0,유산균요구르트,2
명덕고등학교,7010158,2024-10-04,금,조식,671.0,쌀밥,
명덕고등학교,7010158,2024-10-04,금,조식,671.0,갈빗살양념구이,"5,6,13,16,18"
명덕고등학교,7010158,2024-10-04,금,조식,671.0,영양닭죽,"1,5,6,10,15,16"
명덕고등학교,7010158,2024-10-04,금,조식,671.0,근대된장국,"5,6"
명덕고등학교,7010158,2024-10-04,금,조식,671.0,도토리묵*양념장,"5,6,13"
명덕고등학교,7010158,2024-10-04,금,조식,671.0,깍두기,9
명덕고등학교,7010158,2024-10-04,금,조식,671.0,시리얼(스페셜K외),"1,2,4,5,6,10,14,16,18"
명덕고등학교,7010158,2024-10-04,금,조식,671.0,우유&주스,"2,5,6,11,13"
명덕고등학교,7010158,2024-10-04,금,조식,671.0,골드키위,
명덕고등학교,7010158,2024-10-04,금,조식,671.0,그래놀라샐러드(조식),"2,5,6,12"
명덕고등학교,7010158,2024-10-04,금,중식,993.0,나물비빔밥,"1,5,6,9,10,13,16"
명덕고등학교,7010158,2024-10-04,금,중식,993.0,우동국,"1,2,5,6,7,9,13,16,18"
명덕고등학교,7010158,2024-10-04,금,중식,993.0,닭봉강정,"5,6,12,13,15"
명덕고등학교,7010158,2024-10-04,금,중식,993.0,맥앤치즈,"1,2,5,6,10,12,15,16"
명덕고등학교,7010158,2024-10-04,금,중식,993.0,깍두기,9
명덕고등학교,7010158,2024-10-04,금,중식,993.0,토마토카프리제,"2,12,13"
명덕고등학교,7010158,2024-10-04,금,석식,132.0,잡곡밥,5
명덕고등학교,7010158,2024-10-04,금,석식,132.0,소고기전골,"2,5,6,16"
명덕고등학교,7010158,2024-10-04,금,석식,132.0,중화풍두부계란볶음,"1,5,6,9,10,13,16,17,18"
명덕고등학교,7010158,2024-10-04,금,석식,132.0,카레자반,5
명덕고등학교,7010158,2024-10-04,금,석식,132.0,비빔만두,"1,5,6,10,13,15,16,18"
명덕고등학교,7010158,2024-10-04,금,석식,132.0,깍두기,9
명덕고등학교,7010158,2024-10-05,토,조식,56.0,쌀밥,
명덕고등학교,7010158,2024-10-05,토,조식,56.0,쇠고기무국,"5,6,16"
명덕고등학교,7010158,2024-10-05,토,조식,56.0,꽈리고추오징어볶음,"5,6,17"
명덕고등학교,7010158,2024-10-05,토,조식,56.0,미니돈까스,"5,6,10,12,16,17,18"
명덕고등학교,7010158,2024-10-05,토,조식,56.0,깍두기,9
명덕고등학교,7010158,2024-10-05,토,조식,56.0,깻잎지,"5,6"
명덕고등학교,7010158,2024-10-05,토,조식,56.0,시리얼(스페셜K외),"1,2,4,5,6,10,14,16,18"
명덕고등학교,7010158,2024-10-05,토,조식,56.0,우유&주스,"2,5,6,11,13"
명덕고등학교,7010158,2024-10-05,토,조식,56.0,배,
명덕고등학교,7010158,2024-10-07,월,조식,671.0,쌀밥,
명덕고등학교,7010158,2024-10-07,월,조식,671.0,야채죽,"1,5,6"
명덕고등학교,7010158,2024-10-07,월,조식,671.0,육개장,"1,5,16"
명덕고등학교,7010158,2024-10-07,월,조식,671.0,오이지무침,13
명덕고등학교,7010158,2024-10-07,월,조식,671.0,와규큐브찹스테이크,16
명덕고등학교,7010158,2024-10-07,월,조식,671.0,깍두기,9
명덕고등학교,7010158,2024-10-07,월,조식,671.0,시리얼(스페셜K외),"1,2,4,5,6,10,14,16,18"
명덕고등학교,7010158,2024-10-07,월,조식,671.0,우유&주스,"2,5,6,11,13"
명덕고등학교,7010158,2024-10-07,월,조식,671.0,사과,
명덕고등학교,7010158,2024-10-07,월,조식,671.0,감자샐러드(깍둑)-조식,"1,2,5"
명덕고등학교,7010158,2024-10-07,월,중식,1413.0,잡곡밥,5
명덕고등학교,7010158,2024-10-07,월,중식,1413.0,콘스프*콘립,"2,5,6,10,15,16"
명덕고등학교,7010158,2024-10-07,월,중식,1413.0,비빔당면(어묵),"5,6,13"
명덕고등학교,7010158,2024-10-07,월,중식,1413.0,돈까스*소스,"5,6,10"
명덕고등학교,7010158,2024-10-07,월,중식,1413.0,깍두기,9
명덕고등학교,7010158,2024-10-07,월,중식,1413.0,만다린샐러드,"1,2,5,6,12"
명덕고등학교,7010158,2024-10-07,월,중식,1413.0,하이요구르트,2
명덕고등학교,7010158,2024-10-07,월,석식,734.0,잡곡밥,5
명덕고등학교,7010158,2024-10-07,월,석식,734.0,황태해장국,"1,5,6"
명덕고등학교,7010158,2024-10-07,월,석식,734.0,춘천닭갈비,"1,2,5,6,12,13,15,18"
명덕고등학교,7010158,2024-10-07,월,석식,734.0,지삼선,"5,6,9,12,13,16,17,18"
명덕고등학교,7010158,2024-10-07,월,석식,734.0,깍두기,9
명덕고등학교,7010158,2024-10-07,월,석식,734.0,바나나,
명덕고등학교,7010158,2024-10-08,화,조식,671.0,소고기표고밥*양념장,16
명덕고등학교,7010158,2024-10-08,화,조식,671.0,야채죽,"1,5,6"
명덕고등학교,7010158,2024-10-08,화,조식,671.0,연두부탕,"1,5,6,9"
명덕고등학교,7010158,2024-10-08,화,조식,671.0,진미채볶음,"5,6,13,17"
명덕고등학교,7010158,2024-10-08,화,조식,671.0,멘츠까스,"1,5,6,10"
명덕고등학교,7010158,2024-10-08,화,조식,671.0,깍두기,9
명덕고등학교,7010158,2024-10-08,화,조식,671.0,시리얼(스페셜K외),"1,2,4,5,6,10,14,16,18"
명덕고등학교,7010158,2024-10-08,화,조식,671.0,우유&주스,"2,5,6,11,13"
명덕고등학교,7010158,2024-10-08,화,조식,671.0,방울토마토,12
명덕고등학교,7010158,2024-10-08,화,조식,671.0,그래놀라샐러드(조식),"2,5,6,12,13,16"
명덕고등학교,7010158,2024-10-08,화,중식,1418.0,잡곡밥,5
명덕고등학교,7010158,2024-10-08,화,중식,1418.0,된장찌개,"2,5,6,15,16,18"
명덕고등학교,7010158,2024-10-08,화,중식,1418.0,골뱅이야채무침,"5,6,13"
명덕고등학교,7010158,2024-10-08,화,중식,1418.0,도시락김,
명덕고등학교,7010158,2024-10-08,화,중식,1418.0,훈제삼겹구이,"1,2,5,6,10,16"
명덕고등학교,7010158,2024-10-08,화,중식,1418.0,깍두기,9
명덕고등학교,7010158,2024-10-08,화,석식,741.0,밥버거,"1,2,5,6,10,13,15,16"
명덕고등학교,7010158,2024-10-08,화,석식,741.0,단무지,
명덕고등학교,7010158,2024-10-08,화,석식,741.0,떡볶이(석식),"1,2,5,6,10,12,13,16,18"
명덕고등학교,7010158,2024-10-08,화,석식,741.0,감자튀김*시즈닝,"2,5,6,15,16,18"
명덕고등학교,7010158,2024-10-08,화,석식,741.0,쥬시쿨,2
명덕고등학교,7010158,2024-10-08,화,석식,741.0,그린샐러드,"5,6,12"
명덕고등학교,7010158,2024-10-09,수,조식,671.0,쌀밥,
명덕고등학교,7010158,2024-10-09,수,조식,671.0,야채죽,"1,5,6"
명덕고등학교,7010158,2024-10-09,수,조식,671.0,쇠고기무국,"5,6,16"
명덕고등학교,7010158,2024-10-09,수,조식,671.0,떡갈비조림,"2,5,6,10,13,16"
명덕고등학교,7010158,2024-10-09,수,조식,671.0,양배추사과샐러드,13
명덕고등학교,7010158,2024-10-09,수,조식,671.0,갈치구이(국내산바질향 갈치토막),"2,5,6,12,13,18"
명덕고등학교,7010158,2024-10-09,수,조식,671.0,깍두기,9
명덕고등학교,7010158,2024-10-09,수,조식,671.0,시리얼(스페셜K외),"1,2,4,5,6,10,14,16,18"
명덕고등학교,7010158,2024-10-09,수,조식,671.0,우유&주스,"2,5,6,11,13"
명덕고등학교,7010158,2024-10-09,수,조식,671.0,배,
명덕고등학교,7010158,2024-10-09,수,중식,728.0,잡곡밥,5
명덕고등학교,7010158,2024-10-09,수,중식,728.0,일식장국,"5,6"
명덕고등학교,7010158,2024-10-09,수,중식,728.0,도토리묵야채무침,"5,6"
명덕고등학교,7010158,2024-10-09,수,중식,728.0,닭볶음탕,"2,5,6,12,13,15,16,18"
명덕고등학교,7010158,2024-10-09,수,중식,728.0,깍두기,9
명덕고등학교,7010158,2024-10-09,수,중식,728.0,깻잎지,"5,6"
명덕고등학교,7010158,2024-10-09,수,석식,376.0,잡곡밥,5
명덕고등학교,7010158,2024-10-09,수,석식,376.0,고추장찌개,"5,6,10"
명덕고등학교,7010158,2024-10-09,수,석식,376.0,메추리알장조림,"1,5,6,13"
명덕고등학교,7010158,2024-10-09,수,석식,376.0,풋고추쌈장무침,"5,6"
명덕고등학교,7010158,2024-10-09,수,석식,376.0,버섯불고기,"5,6,13,16,18"
명덕고등학교,7010158,2024-10-09,수,석식,376.0,깍두기,9
명덕고등학교,7010158,2024-10-10,목,조식,671.0,쌀밥,
명덕고등학교,7010158,2024-10-10,목,조식,671.0,게살죽,"1,5,6,8,12,15"
명덕고등학교,7010158,2024-10-10,목,조식,671.0,아욱된장국,"5,6"
명덕고등학교,7010158,2024-10-10,목,조식,671.0,멸치고추장조림(가이리),"5,6,13"
명덕고등학교,7010158,2024-10-10,목,조식,671.0,훈제오리감자볶음,"2,5,6,10,13,16"
명덕고등학교,7010158,2024-10-10,목,조식,671.0,깍두기,9
명덕고등학교,7010158,2024-10-10,목,조식,671.0,시리얼(스페셜K외),"1,2,4,5,6,10,14,16,18"
명덕고등학교,7010158,2024-10-10,목,조식,671.0,우유&주스,"2,5,6,11,13"
명덕고등학교,7010158,2024-10-10,목,조식,671.0,사과,
명덕고등학교,7010158,2024-10-10,목,조식,671.0,키위샐러드,"2,5,6,12"
명덕고등학교,7010158,2024-10-10,목,중식,1043.0,후리가케밥,"1,5,6"
명덕고등학교,7010158,2024-10-10,목,중식,1043.0,돈코츠라멘,"1,2,5,6,10,13,15,16"
명덕고등학교,7010158,2024-10-10,목,중식,1043.0,오징어꿔바로우,"5,6,17"
명덕고등학교,7010158,2024-10-10,목,중식,1043.0,깍두기,9
명덕고등학교,7010158,2024-10-10,목,중식,1043.0,바나나,
명덕고등학교,7010158,2024-10-10,목,중식,1043.0,단호박견과샐러드,"1,2,5,6,16"
명덕고등학교,7010158,2024-10-10,목,석식,739.0,잡곡밥,5
명덕고등학교,7010158,2024-10-10,목,석식,739.0,떡국,"1,5,6,16"
명덕고등학교,7010158,2024-10-10,목,석식,739.0,통두부튀김*매콤소스,"5,6,10,13"
명덕고등학교,7010158,2024-10-10,목,석식,739.0,치킨까스*콘듀소스,"1,2,5,6,12,13,15"
명덕고등학교,7010158,2024-10-10,목,석식,739.0,깍두기,9
명덕고등학교,7010158,2024-10-10,목,석식,739.0,지중해식샐러드,"2,6,12,13"
명덕고등학교,7010158,2024-10-11,금,조식,671.0,쌀밥,
명덕고등학교,7010158,2024-10-11,금,조식,671.0,야채죽,"1,5,6"
명덕고등학교,7010158,2024-10-11,금,조식,671.0,감자옹심이국,6
명덕고등학교,7010158,2024-10-11,금,조식,671.0,스페니쉬오믈렛*케찹,"2,5,6,10,12,15,16,1"
명덕고등학교,7010158,2024-10-11,금,조식,671.0,순살찜닭,"2,5,6,13,15,16"
명덕고등학교,7010158,2024-10-11,금,조식,671.0,깍두기,9
명덕고등학교,7010158,2024-10-11,금,조식,671.0,시리얼(스페셜K외),"1,2,4,5,6,10,14,16,18"
명덕고등학교,7010158,2024-10-11,금,조식,671.0,우유&주스,"2,5,6,11,13"
명덕고등학교,7010158,2024-10-11,금,조식,671.0,파인애플,
명덕고등학교,7010158,2024-10-11,금,조식,671.0,콥샐러드,"1,2,5,12,13"
명덕고등학교,7010158,2024-10-11,금,중식,262.0,참치주먹밥,"1,5,6"
명덕고등학교,7010158,2024-10-11,금,중식,262.0,우동국,"1,2,5,6,7,9,13,16,18"
명덕고등학교,7010158,2024-10-11,금,중식,262.0,핫도그,"1,2,5,6,10,15"
명덕고등학교,7010158,2024-10-11,금,중식,262.0,단무지,
명덕고등학교,7010158,2024-10-11,금,중식,262.0,떡볶이,"1,2,5,6,10,12,13,15,16"
명덕고등학교,7010158,2024-10-11,금,중식,262.0,쥬시쿨,2
명덕고등학교,7010158,2024-10-11,금,중식,262.0,나쵸야채샐러드,"1,2,5,12,16"
명덕고등학교,7010158,2024-10-14,월,조식,671.0,쌀밥,
명덕고등학교,7010158,2024-10-14,월,조식,671.0,쑥갓어묵국,"5,6"
명덕고등학교,7010158,2024-10-14,월,조식,671.0,연근조림,"5,6,13"
명덕고등학교,7010158,2024-10-14,월,조식,671.0,치킨스테이크(갈릭소스),15
명덕고등학교,7010158,2024-10-14,월,조식,671.0,깍두기,9
명덕고등학교,7010158,2024-10-14,월,조식,671.0,시리얼(스페셜K외),"1,2,4,5,6,10,14,16,18"
명덕고등학교,7010158,2024-10-14,월,조식,671.0,우유&주스,"2,5,6,11,13"
명덕고등학교,7010158,2024-10-14,월,조식,671.0,사과,
명덕고등학교,7010158,2024-10-14,월,조식,671.0,토마토카프리제,"2,12,13"
명덕고등학교,7010158,2024-10-14,월,중식,3271.0,잡곡밥,5
명덕고등학교,7010158,2024-10-14,월,중식,3271.0,쇠고기미역국,"5,6,16"
명덕고등학교,7010158,2024-10-14,월,중식,3271.0,돈갈비찜,"5,6,10,13,18"
명덕고등학교,7010158,2024-10-14,월,중식,3271.0,오징어미나리초무침,"5,6,13,17"
명덕고등학교,7010158,2024-10-14,월,중식,3271.0,오미산적,"1,2,5,6,8,10,15,16"
명덕고등학교,7010158,2024-10-14,월,중식,3271.0,깍두기,9
명덕고등학교,7010158,2024-10-14,월,중식,3271.0,다쿠아즈,"1,2,4,6"
명덕고등학교,7010158,2024-10-14,월,석식,849.0,돼지고기가지덮밥,"5,6,8,9,10,12,13,16,17,18"
명덕고등학교,7010158,2024-10-14,월,석식,849.0,일식장국,"5,6"
명덕고등학교,7010158,2024-10-14,월,석식,849.0,오이지무침,13
명덕고등학교,7010158,2024-10-14,월,석식,849.0,허니치킨,"2,4,5,6,12,13,15,16,18"
명덕고등학교,7010158,2024-10-14,월,석식,849.0,깍두기,9
명덕고등학교,7010158,2024-10-15,화,조식,671.0,쌀밥,
명덕고등학교,7010158,2024-10-15,화,조식,671.0,누룽지,
명덕고등학교,7010158,2024-10-15,화,조식,671.0,된장찌개,"5,6"
명덕고등학교,7010158,2024-10-15,화,조식,671.0,배추찜,"5,6,9,13"
명덕고등학교,7010158,2024-10-15,화,조식,671.0,버섯불고기,"5,6,13,16,18"
명덕고등학교,7010158,2024-10-15,화,조식,671.0,새우동그랑땡,"1,5,6,8,9,12,16,18"
명덕고등학교,7010158,2024-10-15,화,조식,671.0,깍두기,9
명덕고등학교,7010158,2024-10-15,화,조식,671.0,시리얼(스페셜K외),"1,2,4,5,6,10,14,16,18"
명덕고등학교,7010158,2024-10-15,화,조식,671.0,우유&주스,"2,5,6,11,13"
명덕고등학교,7010158,2024-10-15,화,조식,671.0,배,
명덕고등학교,7010158,2024-10-15,화,중식,3267.0,잡곡밥,5
명덕고등학교,7010158,2024-10-15,화,중식,3267.0,파주닭칼국수,"5,6,10,13,15,16"
명덕고등학교,7010158,2024-10-15,화,중식,3267.0,갈치무조림,"5,6,13"
명덕고등학교,7010158,2024-10-15,화,중식,3267.0,스팸감자구이,"2,5,6,10,16"
명덕고등학교,7010158,2024-10-15,화,중식,3267.0,깍두기,9
명덕고등학교,7010158,2024-10-15,화,석식,674.0,잡곡밥,5
명덕고등학교,7010158,2024-10-15,화,석식,674.0,맑은콩나물국,"5,6"
명덕고등학교,7010158,2024-10-15,화,석식,674.0,크림소스뇨끼,"1,2,5,6,10,15,16,18"
명덕고등학교,7010158,2024-10-15,화,석식,674.0,제육볶음,"5,6,10,13,18"
명덕고등학교,7010158,2024-10-15,화,석식,674.0,깍두기,9
명덕고등학교,7010158,2024-10-15,화,석식,674.0,양념깻잎지,"5,6"
명덕고등학교,7010158,2024-10-15,화,석식,674.0,파인애플,
명덕고등학교,7010158,2024-10-16,수,조식,651.0,쌀밥,
명덕고등학교,7010158,2024-10-16,수,조식,651.0,육개장,"1,5,16"
명덕고등학교,7010158,2024-10-16,수,조식,651.0,계란장조림,"1,5,6,13"
명덕고등학교,7010158,2024-10-16,수,조식,651.0,깍두기,9
명덕고등학교,7010158,2024-10-16,수,조식,651.0,시리얼(스페셜K외),"1,2,4,5,6,10,14,16,18"
명덕고등학교,7010158,2024-10-16,수,조식,651.0,우유&주스,"2,5,6,11,13"
명덕고등학교,7010158,2024-10-16,수,조식,651.0,사과호두샐러드,"2,14"
명덕고등학교,7010158,2024-10-16,수,조식,651.0,바나나,
명덕고등학교,7010158,2024-10-16,수,조식,651.0,훈제오리*야채무침(참깨소스),"1,2,5,6,16"
명덕고등학교,7010158,2024-10-16,수,중식,2719.0,쌀밥,
명덕고등학교,7010158,2024-10-16,수,중식,2719.0,연두부탕,"5,6,13,18"
명덕고등학교,7010158,2024-10-16,수,중식,2719.0,카레소스,"2,5,6,10,12,18"
명덕고등학교,7010158,2024-10-16,수,중식,2719.0,고구마치즈롤까스,"1,2,5,6,10,12,16,17,18"
명덕고등학교,7010158,2024-10-16,수,중식,2719.0,깍두기,9
명덕고등학교,7010158,2024-10-16,수,중식,2719.0,망고샐러드,"1,2,5,6,12"
명덕고등학교,7010158,2024-10-16,수,중식,2719.0,골드키위,
명덕고등학교,7010158,2024-10-16,수,석식,398.0,잡곡밥,5
명덕고등학교,7010158,2024-10-16,수,석식,398.0,돈육김치찌개,"5,9,10"
명덕고등학교,7010158,2024-10-16,수,석식,398.0,라따뚜이,"2,5,6,10,12,13,15,16,18"
명덕고등학교,7010158,2024-10-16,수,석식,398.0,쪽파김무침,"5,6,13"
명덕고등학교,7010158,2024-10-16,수,석식,398.0,대파닭구이,"5,6,9,13,15,16,17,18"
명덕고등학교,7010158,2024-10-16,수,석식,398.0,깍두기,9
명덕고등학교,7010158,2024-10-16,수,석식,398.0,신고배,
명덕고등학교,7010158,2024-10-17,목,조식,389.0,쌀밥,
명덕고등학교,7010158,2024-10-17,목,조식,389.0,오징어무국,"5,6,17"
명덕고등학교,7010158,2024-10-17,목,조식,389.0,두부조림,"5,6,13"
명덕고등학교,7010158,2024-10-17,목,조식,389.0,멸치견과류볶음,"5,13,14"
명덕고등학교,7010158,2024-10-17,목,조식,389.0,깍두기,9
명덕고등학교,7010158,2024-10-17,목,조식,389.0,시리얼(스페셜K외),"1,2,4,5,6,10,14,16,18"
명덕고등학교,7010158,2024-10-17,목,조식,389.0,우유&주스,"2,5,6,11,13"
명덕고등학교,7010158,2024-10-17,목,조식,389.0,모듬야채*무쌈,"1,5,6,8,13,16,18"
명덕고등학교,7010158,2024-10-17,목,조식,389.0,방울토마토,12
명덕고등학교,7010158,2024-10-17,목,중식,2719.0,잡곡밥,5
명덕고등학교,7010158,2024-10-17,목,중식,2719.0,버섯매운탕,"5,6"
명덕고등학교,7010158,2024-10-17,목,중식,2719.0,청포묵김가루무침,
명덕고등학교,7010158,2024-10-17,목,중식,2719.0,콘볼,"2,5,6,16"
명덕고등학교,7010158,2024-10-17,목,중식,2719.0,양념돼지갈비구이,"1,2,5,6,10,13,15,16,18"
명덕고등학교,7010158,2024-10-17,목,중식,2719.0,깍두기,9
명덕고등학교,7010158,2024-10-17,목,석식,179.0,쌀밥,5
명덕고등학교,7010158,2024-10-17,목,석식,179.0,자장면,"2,5,6,10,13,15,16"
명덕고등학교,7010158,2024-10-17,목,석식,179.0,계란국,"1,5,6"
명덕고등학교,7010158,2024-10-17,목,석식,179.0,만두참나물샐러드,"1,2,5,6,8,9,10,12,13,15,16,18"
명덕고등학교,7010158,2024-10-17,목,석식,179.0,짜사이채무침,
명덕고등학교,7010158,2024-10-17,목,석식,179.0,꿔바로우,"5,6,10"
명덕고등학교,7010158,2024-10-18,금,중식,836.0,쌀밥,
명덕고등학교,7010158,2024-10-18,금,중식,836.0,비빔칼국수,"2,5,6,13,16"
명덕고등학교,7010158,2024-10-18,금,중식,836.0,맑은콩나물국,"5,6"
명덕고등학교,7010158,2024-10-18,금,중식,836.0,고구마베이컨오븐구이,"1,5,10"
명덕고등학교,7010158,2024-10-18,금,중식,836.0,너비아니,"1,2,5,6,10,12,13,16"
명덕고등학교,7010158,2024-10-18,금,중식,836.0,깍두기,9
명덕고등학교,7010158,2024-10-18,금,석식,99.0,잡곡밥,5
명덕고등학교,7010158,2024-10-18,금,석식,99.0,쇠고기우거지탕,"5,6,13,16"
명덕고등학교,7010158,2024-10-18,금,석식,99.0,고갈비양념구이,"5,6,7,13"
명덕고등학교,7010158,2024-10-18,금,석식,99.0,삼색나물(숙주),
명덕고등학교,7010158,2024-10-18,금,석식,99.0,소세지야채볶음,"5,6,10,12,13"
명덕고등학교,7010158,2024-10-18,금,석식,99.0,배추김치,9
명덕고등학교,7010158,2024-10-21,월,조식,668.0,쌀밥,
명덕고등학교,7010158,2024-10-21,월,조식,668.0,빵(조식),"1,2,5,6,9,10,12,13,14,15,16,18"
명덕고등학교,7010158,2024-10-21,월,조식,668.0,김치국,"2,5,6,7,9,13,16,18"
명덕고등학교,7010158,2024-10-21,월,조식,668.0,콩자반,"5,6,13"
명덕고등학교,7010158,2024-10-21,월,조식,668.0,숯불고기*숙주,10
명덕고등학교,7010158,2024-10-21,월,조식,668.0,깍두기,9
명덕고등학교,7010158,2024-10-21,월,조식,668.0,시리얼(스페셜K외),"1,2,4,5,6,10,14,16,18"
명덕고등학교,7010158,2024-10-21,월,조식,668.0,우유&주스,"2,5,6,11,13"
명덕고등학교,7010158,2024-10-21,월,조식,668.0,사과,
명덕고등학교,7010158,2024-10-21,월,조식,668.0,크루통샐러드,"1,2,5,6,10,12,13"
명덕고등학교,7010158,2024-10-21,월,중식,3251.0,잡곡밥,5
명덕고등학교,7010158,2024-10-21,월,중식,3251.0,시금치된장국,"5,6"
명덕고등학교,7010158,2024-10-21,월,중식,3251.0,매콤물갈비,"5,6,10,13"
명덕고등학교,7010158,2024-10-21,월,중식,3251.0,비름나물무침,
명덕고등학교,7010158,2024-10-21,월,중식,3251.0,두부강정,"5,6,12,13"
명덕고등학교,7010158,2024-10-21,월,중식,3251.0,깍두기,9
명덕고등학교,7010158,2024-10-21,월,석식,1035.0,잡곡밥,5
명덕고등학교,7010158,2024-10-21,월,석식,1035.0,설렁탕,"13,16"
명덕고등학교,7010158,2024-10-21,월,석식,1035.0,고등어조림,"5,6,7,13"
명덕고등학교,7010158,2024-10-21,월,석식,1035.0,얼갈이나물,"5,6"
명덕고등학교,7010158,2024-10-21,월,석식,1035.0,소시지그릴구이,"1,2,5,6,10,13,15,16"
명덕고등학교,7010158,2024-10-21,월,석식,1035.0,깍두기,9
명덕고등학교,7010158,2024-10-21,월,석식,1035.0,한입아이스홍시,
명덕고등학교,7010158,2024-10-22,화,조식,668.0,쌀밥,
명덕고등학교,7010158,2024-10-22,화,조식,668.0,전복죽(조식),"1,5,6,18"
명덕고등학교,7010158,2024-10-22,화,조식,668.0,아욱된장국,"5,6"
명덕고등학교,7010158,2024-10-22,화,조식,668.0,쇠고기사태장조림(조식),"1,16"
명덕고등학교,7010158,2024-10-22,화,조식,668.0,명태초무침,"5,6"
명덕고등학교,7010158,2024-10-22,화,조식,668.0,맛김치,9
명덕고등학교,7010158,2024-10-22,화,조식,668.0,시리얼(스페셜K외),"1,2,4,5,6,10,14,16,18"
명덕고등학교,7010158,2024-10-22,화,조식,668.0,우유&주스,"2,5,6,11,13"
명덕고등학교,7010158,2024-10-22,화,조식,668.0,메론,
명덕고등학교,7010158,2024-10-22,화,조식,668.0,맛살콘샐러드(꽃맛살샐러드),"1,5,6,8,9,12,13,16,18"
명덕고등학교,7010158,2024-10-22,화,중식,3247.0,잡곡밥,5
명덕고등학교,7010158,2024-10-22,화,중식,3247.0,떡국(사골),"1,5,6,13,16"
명덕고등학교,7010158,2024-10-22,화,중식,3247.0,계란찜,1
명덕고등학교,7010158,2024-10-22,화,중식,3247.0,고추장삼겹살,"5,6,10,13,18"
명덕고등학교,7010158,2024-10-22,화,중식,3247.0,멸치견과류볶음,"5,13,14"
명덕고등학교,7010158,2024-10-22,화,중식,3247.0,배추김치,9
명덕고등학교,7010158,2024-10-22,화,중식,3247.0,사과,
명덕고등학교,7010158,2024-10-22,화,석식,1030.0,규동,"1,5,6,7,13,16,18"
명덕고등학교,7010158,2024-10-22,화,석식,1030.0,미역국,"5,6"
명덕고등학교,7010158,2024-10-22,화,석식,1030.0,새우까스,"1,2,5,6,9,13,16"
명덕고등학교,7010158,2024-10-22,화,석식,1030.0,깍두기,9
명덕고등학교,7010158,2024-10-22,화,석식,1030.0,어니언콘샐러드,"2,5,6,12,13"
명덕고등학교,7010158,2024-10-23,수,조식,668.0,콩나물밥*양념장,"5,6,13,16"
명덕고등학교,7010158,2024-10-23,수,조식,668.0,쇠고기무국,"5,6,16"
명덕고등학교,7010158,2024-10-23,수,조식,668.0,치킨너겟,"1,2,5,6,12,13,15,16,18"
명덕고등학교,7010158,2024-10-23,수,조식,668.0,박대구이,6
명덕고등학교,7010158,2024-10-23,수,조식,668.0,맛김치,9
명덕고등학교,7010158,2024-10-23,수,조식,668.0,시리얼(스페셜K외),"1,2,4,5,6,10,14,16,18"
명덕고등학교,7010158,2024-10-23,수,조식,668.0,우유&주스,"2,5,6,11,13"
명덕고등학교,7010158,2024-10-23,수,조식,668.0,파인애플,
명덕고등학교,7010158,2024-10-23,수,조식,668.0,단호박카프리제,"2,13,14"
명덕고등학교,7010158,2024-10-23,수,중식,3247.0,볼로네제파스타,"2,5,6,12,13,15,16,18"
명덕고등학교,7010158,2024-10-23,수,중식,3247.0,조각피자,"2,5,6,10,12,13,15,16,18"
명덕고등학교,7010158,2024-10-23,수,중식,3247.0,오이피클,
명덕고등학교,7010158,2024-10-23,수,중식,3247.0,초코우유200,2
명덕고등학교,7010158,2024-10-23,수,중식,3247.0,포도샐러드,"1,2,5,12,14,16"
명덕고등학교,7010158,2024-10-23,수,석식,500.0,잡곡밥,5
명덕고등학교,7010158,2024-10-23,수,석식,500.0,쑥갓어묵국,"5,6"
명덕고등학교,7010158,2024-10-23,수,석식,500.0,불닭,"5,6,12,13,15"
명덕고등학교,7010158,2024-10-23,수,석식,500.0,두부구이*참치콘마요,"1,5"
명덕고등학교,7010158,2024-10-23,수,석식,500.0,배추김치,9
명덕고등학교,7010158,2024-10-23,수,석식,500.0,사과호두샐러드,"2,14"
명덕고등학교,7010158,2024-10-24,목,조식,668.0,쌀밥,
명덕고등학교,7010158,2024-10-24,목,조식,668.0,북어국,"1,5,6"
명덕고등학교,7010158,2024-10-24,목,조식,668.0,오이무침,"5,6,9,13"
명덕고등학교,7010158,2024-10-24,목,조식,668.0,해쉬브라운*케찹,"5,6,12"
명덕고등학교,7010158,2024-10-24,목,조식,668.0,포크큐브스테이크,"1,2,5,6,10,12,15,16"
명덕고등학교,7010158,2024-10-24,목,조식,668.0,맛김치,9
명덕고등학교,7010158,2024-10-24,목,조식,668.0,시리얼(스페셜K외),"1,2,4,5,6,10,14,16,18"
명덕고등학교,7010158,2024-10-24,목,조식,668.0,우유&주스,"2,5,6,11,13"
명덕고등학교,7010158,2024-10-24,목,조식,668.0,골드키위,
명덕고등학교,7010158,2024-10-24,목,중식,3247.0,잡곡밥,5
명덕고등학교,7010158,2024-10-24,목,중식,3247.0,파새우탕,"2,5,6,9,10,13,15,16,17,18"
명덕고등학교,7010158,2024-10-24,목,중식,3247.0,소고기숙주찜,"5,6,13,16"
명덕고등학교,7010158,2024-10-24,목,중식,3247.0,매콤어묵잡채,"5,6,13"
명덕고등학교,7010158,2024-10-24,목,중식,3247.0,도시락김,
명덕고등학교,7010158,2024-10-24,목,중식,3247.0,배추김치,9
명덕고등학교,7010158,2024-10-24,목,석식,962.0,잡곡밥,5
명덕고등학교,7010158,2024-10-24,목,석식,962.0,돈육감자탕,"5,6,10"
명덕고등학교,7010158,2024-10-24,목,석식,962.0,청포묵흑임자무침,"1,5,6,16"
명덕고등학교,7010158,2024-10-24,목,석식,962.0,언양식바싹불고기(수제),"5,6,10,13,16"
명덕고등학교,7010158,2024-10-24,목,석식,962.0,깍두기,9
명덕고등학교,7010158,2024-10-24,목,석식,962.0,매실간장마늘쫑,"5,6"
명덕고등학교,7010158,2024-10-24,목,석식,962.0,신고배,
명덕고등학교,7010158,2024-10-25,금,조식,668.0,쌀밥,
명덕고등학교,7010158,2024-10-25,금,조식,668.0,일식장국,"5,6"
명덕고등학교,7010158,2024-10-25,금,조식,668.0,포두부오리엔탈샐러드,"1,5,6,12"
명덕고등학교,7010158,2024-10-25,금,조식,668.0,도토리묵야채무침,
명덕고등학교,7010158,2024-10-25,금,조식,668.0,허니간장불고기,10
명덕고등학교,7010158,2024-10-25,금,조식,668.0,구운계란,1
명덕고등학교,7010158,2024-10-25,금,조식,668.0,맛김치,9
명덕고등학교,7010158,2024-10-25,금,조식,668.0,시리얼(스페셜K외),"1,2,4,5,6,10,14,16,18"
명덕고등학교,7010158,2024-10-25,금,조식,668.0,우유&주스,"2,5,6,11,13"
명덕고등학교,7010158,2024-10-25,금,조식,668.0,방울토마토,12
명덕고등학교,7010158,2024-10-25,금,중식,3247.0,잡곡밥,5
명덕고등학교,7010158,2024-10-25,금,중식,3247.0,오징어무국,"5,6,17"
명덕고등학교,7010158,2024-10-25,금,중식,3247.0,봉추찜닭,"2,5,6,13,15,16"
명덕고등학교,7010158,2024-10-25,금,중식,3247.0,베이컨고구마치즈전,"1,2,5,6,10"
명덕고등학교,7010158,2024-10-25,금,중식,3247.0,배추김치,9
명덕고등학교,7010158,2024-10-25,금,중식,3247.0,시저샐러드,"1,2,5,6,10,12"
명덕고등학교,7010158,2024-10-25,금,석식,383.0,쌀밥,
명덕고등학교,7010158,2024-10-25,금,석식,383.0,핫타이누들샐러드,"1,5,6,12,13"
명덕고등학교,7010158,2024-10-25,금,석식,383.0,근대된장국,"5,6"
명덕고등학교,7010158,2024-10-25,금,석식,383.0,김치부대볶음,"1,2,5,6,9,10,12,15,16"
명덕고등학교,7010158,2024-10-25,금,석식,383.0,볼카츠*소스,"1,2,5,6,10,12,13,15,16,17,18"
명덕고등학교,7010158,2024-10-25,금,석식,383.0,깍두기,9
명덕고등학교,7010158,2024-10-26,토,조식,53.0,쌀밥,
명덕고등학교,7010158,2024-10-26,토,조식,53.0,우동국,"1,2,5,6,7,9,13,16,18"
명덕고등학교,7010158,2024-10-26,토,조식,53.0,하이라이스소스,"1,2,5,6,12,16"
명덕고등학교,7010158,2024-10-26,토,조식,53.0,돌돌고기떡말이,"2,5,6,10,16"
명덕고등학교,7010158,2024-10-26,토,조식,53.0,스크램블에그,"1,2,12"
명덕고등학교,7010158,2024-10-26,토,조식,53.0,맛김치,9
명덕고등학교,7010158,2024-10-26,토,조식,53.0,시리얼(스페셜K외),"1,2,4,5,6,10,14,16,18"
명덕고등학교,7010158,2024-10-26,토,조식,53.0,우유&주스,"2,5,6,11,13"
명덕고등학교,7010158,2024-10-26,토,조식,53.0,사과,
명덕고등학교,7010158,2024-10-26,토,조식,53.0,간장무채장아찌,"5,6,8,9,18"
명덕고등학교,7010158,2024-10-28,월,조식,668.0,쌀밥,
명덕고등학교,7010158,2024-10-28,월,조식,668.0,빵(조식),"1,2,4,5,6,9,10,12,13,14,15,16,18"
명덕고등학교,7010158,2024-10-28,월,조식,668.0,얼갈이된장국,"5,6"
명덕고등학교,7010158,2024-10-28,월,조식,668.0,계란찜,1
명덕고등학교,7010158,2024-10-28,월,조식,668.0,미역줄기볶음,5
명덕고등학교,7010158,2024-10-28,월,조식,668.0,버섯불고기,"5,6,13,16,18"
명덕고등학교,7010158,2024-10-28,월,조식,668.0,맛김치,9
명덕고등학교,7010158,2024-10-28,월,조식,668.0,시리얼(스페셜K외),"1,2,4,5,6,10,14,16,18"
명덕고등학교,7010158,2024-10-28,월,조식,668.0,우유&주스,"2,5,6,11,13"
명덕고등학교,7010158,2024-10-28,월,조식,668.0,사과,
명덕고등학교,7010158,2024-10-28,월,중식,3251.0,잡곡밥,5
명덕고등학교,7010158,2024-10-28,월,중식,3251.0,육개장,"1,5,16"
명덕고등학교,7010158,2024-10-28,월,중식,3251.0,오이&파채*해선장소스,"5,6,8,9,13,17,18"
명덕고등학교,7010158,2024-10-28,월,중식,3251.0,연근강정(간장),"5,6,12,13"
명덕고등학교,7010158,2024-10-28,월,중식,3251.0,훈제닭구이,"2,5,6,15"
명덕고등학교,7010158,2024-10-28,월,중식,3251.0,배추김치,9
명덕고등학교,7010158,2024-10-28,월,중식,3251.0,하이요구르트,2
명덕고등학교,7010158,2024-10-28,월,석식,1035.0,쌀밥,
명덕고등학교,7010158,2024-10-28,월,석식,1035.0,계란짬뽕,"1,2,5,6,9,10,13,15,16,17,18"
명덕고등학교,7010158,2024-10-28,월,석식,1035.0,토마토닭가슴살냉채,"5,6,12,13,15"
명덕고등학교,7010158,2024-10-28,월,석식,1035.0,탕수육,"5,6,10,12,13,18"
명덕고등학교,7010158,2024-10-28,월,석식,1035.0,깍두기,9
명덕고등학교,7010158,2024-10-28,월,석식,1035.0,바나나,
명덕고등학교,7010158,2024-10-29,화,조식,668.0,쌀밥,
명덕고등학교,7010158,2024-10-29,화,조식,668.0,물만두국,"1,5,6,10,16"
명덕고등학교,7010158,2024-10-29,화,조식,668.0,갈비살구이볼,"5,6,10,13,16"
명덕고등학교,7010158,2024-10-29,화,조식,668.0,굴비구이,"5,6"
명덕고등학교,7010158,2024-10-29,화,조식,668.0,맛김치,9
명덕고등학교,7010158,2024-10-29,화,조식,668.0,시리얼(스페셜K외),"1,2,4,5,6,10,14,16,18"
명덕고등학교,7010158,2024-10-29,화,조식,668.0,우유&주스,"2,5,6,11,13"
명덕고등학교,7010158,2024-10-29,화,조식,668.0,골드키위,
명덕고등학교,7010158,2024-10-29,화,조식,668.0,그래놀라샐러드(조식),"2,5,6,12,13,16"
명덕고등학교,7010158,2024-10-29,화,중식,3247.0,잡곡밥,5
명덕고등학교,7010158,2024-10-29,화,중식,3247.0,된장찌개,"5,6"
명덕고등학교,7010158,2024-10-29,화,중식,3247.0,쌈무생채,"5,6"
명덕고등학교,7010158,2024-10-29,화,중식,3247.0,오이탕탕이,13
명덕고등학교,7010158,2024-10-29,화,중식,3247.0,묵은지들기름무침,"9,13"
명덕고등학교,7010158,2024-10-29,화,중식,3247.0,돼지불백,"5,6,10,13,18"
명덕고등학교,7010158,2024-10-29,화,중식,3247.0,두부커틀렛,"5,6,13"
명덕고등학교,7010158,2024-10-29,화,중식,3247.0,메론,
명덕고등학교,7010158,2024-10-29,화,석식,1021.0,잡곡밥,5
명덕고등학교,7010158,2024-10-29,화,석식,1021.0,쇠고기무국,16
명덕고등학교,7010158,2024-10-29,화,석식,1021.0,흑초마늘오리주물럭,"5,6,12,16,18"
명덕고등학교,7010158,2024-10-29,화,석식,1021.0,타코야끼,"1,5,6,10,13"
명덕고등학교,7010158,2024-10-29,화,석식,1021.0,배추김치,9
명덕고등학교,7010158,2024-10-29,화,석식,1021.0,단호박견과샐러드,"1,2,5,6,16"
명덕고등학교,7010158,2024-10-30,수,조식,668.0,쌀밥,
명덕고등학교,7010158,2024-10-30,수,조식,668.0,건새우무국,"5,6,9"
명덕고등학교,7010158,2024-10-30,수,조식,668.0,연두부*양념장,"5,6,13"
명덕고등학교,7010158,2024-10-30,수,조식,668.0,열탄불고기,"5,6,10,13"
명덕고등학교,7010158,2024-10-30,수,조식,668.0,맛김치,9
명덕고등학교,7010158,2024-10-30,수,조식,668.0,시리얼(스페셜K외),"1,2,4,5,6,10,14,16,18"
명덕고등학교,7010158,2024-10-30,수,조식,668.0,우유&주스,"2,5,6,11,13"
명덕고등학교,7010158,2024-10-30,수,조식,668.0,방울토마토,12
명덕고등학교,7010158,2024-10-30,수,조식,668.0,셀러리포도샐러드,"1,2,5,12,14,16"
명덕고등학교,7010158,2024-10-30,수,중식,3065.0,김치돈까스덮밥,"1,2,5,6,8,9,10,12,13"
명덕고등학교,7010158,2024-10-30,수,중식,3065.0,우동국,"1,2,5,6,7,9,13,16,18"
명덕고등학교,7010158,2024-10-30,수,중식,3065.0,닭다리오븐구이,"1,5,6,13,15"
명덕고등학교,7010158,2024-10-30,수,중식,3065.0,깍두기,9
명덕고등학교,7010158,2024-10-30,수,중식,3065.0,딸기우유,2
명덕고등학교,7010158,2024-10-30,수,중식,3065.0,키위샐러드,"6,12"
명덕고등학교,7010158,2024-10-30,수,석식,500.0,잡곡밥,5
명덕고등학교,7010158,2024-10-30,수,석식,500.0,고기국수,"1,2,5,6,10"
명덕고등학교,7010158,2024-10-30,수,석식,500.0,낙지볶음,"2,5,6,10,12,13,16,18"
명덕고등학교,7010158,2024-10-30,수,석식,500.0,콘버터구이,"1,2,5,6,8,13"
명덕고등학교,7010158,2024-10-30,수,석식,500.0,깍두기,9
명덕고등학교,7010158,2024-10-30,수,석식,500.0,단감,
명덕고등학교,7010158,2024-10-31,목,조식,668.0,쌀밥,
명덕고등학교,7010158,2024-10-31,목,조식,668.0,야채죽,"1,5,6"
명덕고등학교,7010158,2024-10-31,목,조식,668.0,계란국,"1,5,6"
명덕고등학교,7010158,2024-10-31,목,조식,668.0,닭살카레볶음,"2,5,6,12,15,18"
명덕고등학교,7010158,2024-10-31,목,조식,668.0,명태까스,"1,5,6"
명덕고등학교,7010158,2024-10-31,목,조식,668.0,맛김치,9
명덕고등학교,7010158,2024-10-31,목,조식,668.0,시리얼(스페셜K외),"1,2,4,5,6,10,14,16,18"
명덕고등학교,7010158,2024-10-31,목,조식,668.0,우유&주스,"2,5,6,11,13"
명덕고등학교,7010158,2024-10-31,목,조식,668.0,다시마브로콜리초회9,"5,6,13"
명덕고등학교,7010158,2024-10-31,목,조식,668.0,바나나,
명덕고등학교,7010158,2024-10-31,목,중식,3065.0,후리가케밥,"1,5,6"
명덕고등학교,7010158,2024-10-31,목,중식,3065.0,쌀국수,"2,5,6,12,15,16"
명덕고등학교,7010158,2024-10-31,목,중식,3065.0,크리스피돈강정,"2,5,6,10,13,16"
명덕고등학교,7010158,2024-10-31,목,중식,3065.0,깍두기,9
명덕고등학교,7010158,2024-10-31,목,중식,3065.0,파인애플,
명덕고등학교,7010158,2024-10-31,목,중식,3065.0,나쵸치즈샐러드,"2,5,12"
명덕고등학교,7010158,2024-10-31,목,석식,1027.0,잡곡밥,5
명덕고등학교,7010158,2024-10-31,목,석식,1027.0,오징어파개장,"5,6,17"
명덕고등학교,7010158,2024-10-31,목,석식,1027.0,방풍나물무침01,"5,6"
명덕고등학교,7010158,2024-10-31,목,석식,1027.0,묵은지닭볶음탕,"5,6,9,13,15,16,17,18"
명덕고등학교,7010158,2024-10-31,목,석식,1027.0,양송이크림소스볶음,"1,2,5,10,13"
명덕고등학교,7010158,2024-10-31,목,석식,1027.0,깍두기,9
명덕고등학교,7010158,2024-11-01,금,조식,663.0,쌀밥,
명덕고등학교,7010158,2024-11-01,금,조식,663.0,빵(조식),"1,2,5,6,9,10,12,13,14,15,16,18"
명덕고등학교,7010158,2024-11-01,금,조식,663.0,쇠고기무국,"5,6,16"
명덕고등학교,7010158,2024-11-01,금,조식,663.0,꽈리고추오징어볶음,"5,6,17"
명덕고등학교,7010158,2024-11-01,금,조식,663.0,후라이드윙,"1,4,5,6,13,15,16"
명덕고등학교,7010158,2024-11-01,금,조식,663.0,맛김치,9
명덕고등학교,7010158,2024-11-01,금,조식,663.0,시리얼(스페셜K외),"1,2,4,5,6,10,14,16,18"
명덕고등학교,7010158,2024-11-01,금,조식,663.0,우유&주스,"2,5,6,11,13"
명덕고등학교,7010158,2024-11-01,금,조식,663.0,토마토샐러드(믹스넛),"6,12,14"
명덕고등학교,7010158,2024-11-01,금,조식,663.0,메론,
명덕고등학교,7010158,2024-11-01,금,중식,3067.0,잡곡밥,5
명덕고등학교,7010158,2024-11-01,금,중식,3067.0,아욱된장국,"2,5,6,15,16,18"
명덕고등학교,7010158,2024-11-01,금,중식,3067.0,제육볶음,"5,6,10,13"
명덕고등학교,7010158,2024-11-01,금,중식,3067.0,피자떡꼬치,"1,2,5,6,10,12,15,16,18"
명덕고등학교,7010158,2024-11-01,금,중식,3067.0,배추김치,9
명덕고등학교,7010158,2024-11-01,금,중식,3067.0,코코넛칩망고샐러드,"1,2,5,6,12"
명덕고등학교,7010158,2024-11-01,금,석식,315.0,잡곡밥,5
명덕고등학교,7010158,2024-11-01,금,석식,315.0,고추장찌개,"5,6,10"
명덕고등학교,7010158,2024-11-01,금,석식,315.0,얼갈이나물,"5,6"
명덕고등학교,7010158,2024-11-01,금,석식,315.0,버섯불고기,"5,6,13,16,18"
명덕고등학교,7010158,2024-11-01,금,석식,315.0,고구마베이컨채전,"1,5,6,10"
명덕고등학교,7010158,2024-11-01,금,석식,315.0,깍두기,9
명덕고등학교,7010158,2024-11-02,토,조식,53.0,쌀밥,
명덕고등학교,7010158,2024-11-02,토,조식,53.0,김치국,"2,5,6,7,9,13,16,18"
명덕고등학교,7010158,2024-11-02,토,조식,53.0,매콤어묵볶음,"5,6,9,13,16,17,18"
명덕고등학교,7010158,2024-11-02,토,조식,53.0,열탄오리불고기,5
명덕고등학교,7010158,2024-11-02,토,조식,53.0,깍두기,9
명덕고등학교,7010158,2024-11-02,토,조식,53.0,시리얼(스페셜K외),"1,2,4,5,6,10,14,16,18"
명덕고등학교,7010158,2024-11-02,토,조식,53.0,우유&주스,"2,5,6,11,13"
명덕고등학교,7010158,2024-11-02,토,조식,53.0,파래김자반,5
명덕고등학교,7010158,2024-11-02,토,조식,53.0,배,
명덕고등학교,7010158,2024-11-04,월,조식,629.0,쌀밥,
명덕고등학교,7010158,2024-11-04,월,조식,629.0,야채죽,"1,5,6"
명덕고등학교,7010158,2024-11-04,월,조식,629.0,빵(조식),"1,2,5,6,9,10,12,13,14,15,16,18"
명덕고등학교,7010158,2024-11-04,월,조식,629.0,연두부탕,"5,6"
명덕고등학교,7010158,2024-11-04,월,조식,629.0,허니간장불고기,10
명덕고등학교,7010158,2024-11-04,월,조식,629.0,스팸감자구이,"2,5,6,10,16"
명덕고등학교,7010158,2024-11-04,월,조식,629.0,맛김치,9
명덕고등학교,7010158,2024-11-04,월,조식,629.0,시리얼(스페셜K외),"1,2,4,5,6,10,14,16,18"
명덕고등학교,7010158,2024-11-04,월,조식,629.0,우유&주스,"2,5,6,11,13"
명덕고등학교,7010158,2024-11-04,월,조식,629.0,사과,
명덕고등학교,7010158,2024-11-04,월,조식,629.0,토마토카프리제,"2,12,13"
명덕고등학교,7010158,2024-11-04,월,중식,2571.0,잡곡밥,5
명덕고등학교,7010158,2024-11-04,월,중식,2571.0,마라탕*옥수수면,"5,6,9,13,15,16"
명덕고등학교,7010158,2024-11-04,월,중식,2571.0,꿔바로우,"2,5,6,10,12,16,18"
명덕고등학교,7010158,2024-11-04,월,중식,2571.0,깍두기,9
명덕고등학교,7010158,2024-11-04,월,중식,2571.0,바나나,
명덕고등학교,7010158,2024-11-04,월,중식,2571.0,맛살콘샐러드(꽃맛살샐러드),"1,5,6,8,9,12,13,16,18"
명덕고등학교,7010158,2024-11-04,월,석식,911.0,잡곡밥,5
명덕고등학교,7010158,2024-11-04,월,석식,911.0,참치김치찌개,"5,9,13"
명덕고등학교,7010158,2024-11-04,월,석식,911.0,가지그라탕,"2,5,6,12,13,15,16,18"
명덕고등학교,7010158,2024-11-04,월,석식,911.0,멸치견과볶음(유자),"5,13,14"
명덕고등학교,7010158,2024-11-04,월,석식,911.0,치킨까스*소스,"2,5,6,12,15"
명덕고등학교,7010158,2024-11-04,월,석식,911.0,깍두기,9
명덕고등학교,7010158,2024-11-04,월,석식,911.0,하루요거트,2
명덕고등학교,7010158,2024-11-05,화,조식,607.0,쌀밥,
명덕고등학교,7010158,2024-11-05,화,조식,607.0,야채죽,"1,5,6"
명덕고등학교,7010158,2024-11-05,화,조식,607.0,빵(조식),"1,2,5,6,9,10,12,13,14,15,16,18"
명덕고등학교,7010158,2024-11-05,화,조식,607.0,물만두국,"1,5,6,10,16"
명덕고등학교,7010158,2024-11-05,화,조식,607.0,데리야끼치킨볼,"5,6,13,15"
명덕고등학교,7010158,2024-11-05,화,조식,607.0,가자미구이,"2,5,6,12,18"
명덕고등학교,7010158,2024-11-05,화,조식,607.0,맛김치,9
명덕고등학교,7010158,2024-11-05,화,조식,607.0,시리얼(스페셜K외),"1,2,4,5,6,10,14,16,18"
명덕고등학교,7010158,2024-11-05,화,조식,607.0,우유&주스,"2,5,6,11,13"
명덕고등학교,7010158,2024-11-05,화,조식,607.0,사과호두샐러드,"14,2"
명덕고등학교,7010158,2024-11-05,화,조식,607.0,방울토마토,12
명덕고등학교,7010158,2024-11-05,화,중식,2567.0,잡곡밥,5
명덕고등학교,7010158,2024-11-05,화,중식,2567.0,북어국,"1,5,6"
명덕고등학교,7010158,2024-11-05,화,중식,2567.0,골뱅이야채무침,"5,6,13"
명덕고등학교,7010158,2024-11-05,화,중식,2567.0,순대볶음,"2,5,6,8,10,13,16"
명덕고등학교,7010158,2024-11-05,화,중식,2567.0,오꼬노미야끼,"1,5,6,9,10,13,17"
명덕고등학교,7010158,2024-11-05,화,중식,2567.0,배추김치,9
명덕고등학교,7010158,2024-11-05,화,중식,2567.0,허니버터아몬드,"2,5"
명덕고등학교,7010158,2024-11-05,화,석식,901.0,잡곡밥,5
명덕고등학교,7010158,2024-11-05,화,석식,901.0,잔치국수,"1,5,6,9"
명덕고등학교,7010158,2024-11-05,화,석식,901.0,쪽갈비찜,"2,5,6,10,13,16"
명덕고등학교,7010158,2024-11-05,화,석식,901.0,청포묵흑임자무침,"1,5,6,16"
명덕고등학교,7010158,2024-11-05,화,석식,901.0,배추김치,9
명덕고등학교,7010158,2024-11-05,화,석식,901.0,골드키위,
명덕고등학교,7010158,2024-11-06,수,조식,607.0,쌀밥,
명덕고등학교,7010158,2024-11-06,수,조식,607.0,야채죽,"1,5,6"
명덕고등학교,7010158,2024-11-06,수,조식,607.0,근대된장국,"5,6"
명덕고등학교,7010158,2024-11-06,수,조식,607.0,순살찜닭,"2,5,6,13,15,16"
명덕고등학교,7010158,2024-11-06,수,조식,607.0,전복버터구이,"2,18"
명덕고등학교,7010158,2024-11-06,수,조식,607.0,맛김치,9
명덕고등학교,7010158,2024-11-06,수,조식,607.0,시리얼(스페셜K외),"1,2,4,5,6,10,14,16,18"
명덕고등학교,7010158,2024-11-06,수,조식,607.0,우유&주스,"2,5,6,11,13"
명덕고등학교,7010158,2024-11-06,수,조식,607.0,포도샐러드,"1,2,5,6,12,14,16"
명덕고등학교,7010158,2024-11-06,수,조식,607.0,파인애플,
명덕고등학교,7010158,2024-11-06,수,중식,2567.0,볼로네제파스타,"2,5,6,12,13,15,16,18"
명덕고등학교,7010158,2024-11-06,수,중식,2567.0,바베큐폭립,"2,5,6,10,12,16,18"
명덕고등학교,7010158,2024-11-06,수,중식,2567.0,오이피클,
명덕고등학교,7010158,2024-11-06,수,중식,2567.0,딸기우유(매일),2
명덕고등학교,7010158,2024-11-06,수,중식,2567.0,시저샐러드,"1,2,5,6,10,12"
명덕고등학교,7010158,2024-11-06,수,석식,369.0,잡곡밥,5
명덕고등학교,7010158,2024-11-06,수,석식,369.0,설렁탕,"13,16"
명덕고등학교,7010158,2024-11-06,수,석식,369.0,콩나물무침,5
명덕고등학교,7010158,2024-11-06,수,석식,369.0,주꾸미소시지두루치기,"2,5,6,10,13,16,18"
명덕고등학교,7010158,2024-11-06,수,석식,369.0,보리새우미나리전,"5,6,9"
명덕고등학교,7010158,2024-11-06,수,석식,369.0,깍두기,9
명덕고등학교,7010158,2024-11-07,목,조식,663.0,쌀밥,
명덕고등학교,7010158,2024-11-07,목,조식,663.0,영양닭죽,"1,5,6,10,15,16"
명덕고등학교,7010158,2024-11-07,목,조식,663.0,빵(조식),"1,2,5,6,9,10,12,13,14,15,16,18"
명덕고등학교,7010158,2024-11-07,목,조식,663.0,쑥갓어묵국,"5,6"
명덕고등학교,7010158,2024-11-07,목,조식,663.0,계란찜,1
명덕고등학교,7010158,2024-11-07,목,조식,663.0,버섯불고기,"5,6,13,16,18"
명덕고등학교,7010158,2024-11-07,목,조식,663.0,깻잎지,"5,6"
명덕고등학교,7010158,2024-11-07,목,조식,663.0,맛김치,9
명덕고등학교,7010158,2024-11-07,목,조식,663.0,시리얼(스페셜K외),"1,2,4,5,6,10,14,16,18"
명덕고등학교,7010158,2024-11-07,목,조식,663.0,우유&주스,"2,5,6,11,13"
명덕고등학교,7010158,2024-11-07,목,조식,663.0,메론,
명덕고등학교,7010158,2024-11-07,목,중식,3259.0,잡곡밥,5
명덕고등학교,7010158,2024-11-07,목,중식,3259.0,순두부찌개,"1,5,6,10,16,18"
명덕고등학교,7010158,2024-11-07,목,중식,3259.0,당근양배추라페샐러드,"1,5,6,13"
명덕고등학교,7010158,2024-11-07,목,중식,3259.0,버터갈릭랍스터,"1,2,5,6,8"
명덕고등학교,7010158,2024-11-07,목,중식,3259.0,배추김치,9
명덕고등학교,7010158,2024-11-07,목,중식,3259.0,매쉬드포테이토,"1,2,5,13"
명덕고등학교,7010158,2024-11-07,목,석식,1019.0,구운주먹밥,"1,2,5,6,10"
명덕고등학교,7010158,2024-11-07,목,석식,1019.0,우동국,"1,2,5,6,7,9,13,16,18"
명덕고등학교,7010158,2024-11-07,목,석식,1019.0,단무지,
명덕고등학교,7010158,2024-11-07,목,석식,1019.0,떡볶이(석식),"1,2,5,6,10,12,13,16,18"
명덕고등학교,7010158,2024-11-07,목,석식,1019.0,무침만두,"1,2,5,6,10,12,15"
명덕고등학교,7010158,2024-11-07,목,석식,1019.0,쥬시쿨,2
명덕고등학교,7010158,2024-11-07,목,석식,1019.0,나쵸야채샐러드,"1,2,5,16"
명덕고등학교,7010158,2024-11-08,금,조식,663.0,쌀밥,
명덕고등학교,7010158,2024-11-08,금,조식,663.0,야채죽,"1,5,6"
명덕고등학교,7010158,2024-11-08,금,조식,663.0,된장찌개,"5,6"
명덕고등학교,7010158,2024-11-08,금,조식,663.0,멸치견과류볶음,"5,13,14"
명덕고등학교,7010158,2024-11-08,금,조식,663.0,돈마호크,10
명덕고등학교,7010158,2024-11-08,금,조식,663.0,구운계란,1
명덕고등학교,7010158,2024-11-08,금,조식,663.0,맛김치,9
명덕고등학교,7010158,2024-11-08,금,조식,663.0,시리얼(스페셜K외),"1,2,4,5,6,10,14,16,18"
명덕고등학교,7010158,2024-11-08,금,조식,663.0,우유&주스,"2,5,6,11,13"
명덕고등학교,7010158,2024-11-08,금,조식,663.0,배,
명덕고등학교,7010158,2024-11-08,금,조식,663.0,그래놀라샐러드(조식),"2,5,6,12"
명덕고등학교,7010158,2024-11-08,금,중식,3077.0,잡곡밥,5
명덕고등학교,7010158,2024-11-08,금,중식,3077.0,맑은콩나물국,"5,6"
명덕고등학교,7010158,2024-11-08,금,중식,3077.0,무말랭이무침,
명덕고등학교,7010158,2024-11-08,금,중식,3077.0,매콤어묵잡채,"5,6,13"
명덕고등학교,7010158,2024-11-08,금,중식,3077.0,훈제삼겹구이,"6,10"
명덕고등학교,7010158,2024-11-08,금,중식,3077.0,배추김치,9
명덕고등학교,7010158,2024-11-08,금,중식,3077.0,생크림카스테라,"1,2,5,6"
명덕고등학교,7010158,2024-11-08,금,중식,3077.0,상추쌈*쌈장,"5,6"
명덕고등학교,7010158,2024-11-08,금,석식,293.0,잡곡밥,5
명덕고등학교,7010158,2024-11-08,금,석식,293.0,맑은육개장,16
명덕고등학교,7010158,2024-11-08,금,석식,293.0,삼치김치조림,"5,6,9"
명덕고등학교,7010158,2024-11-08,금,석식,293.0,떡갈비파채무침,"2,5,6,10,16"
명덕고등학교,7010158,2024-11-08,금,석식,293.0,깍두기,9
명덕고등학교,7010158,2024-11-08,금,석식,293.0,파래김자반,5
명덕고등학교,7010158,2024-11-09,토,조식,53.0,쌀밥,
명덕고등학교,7010158,2024-11-09,토,조식,53.0,계란국,"1,5,6"
명덕고등학교,7010158,2024-11-09,토,조식,53.0,도토리묵야채무침,
명덕고등학교,7010158,2024-11-09,토,조식,53.0,제육볶음,"5,6,10,13,18"
명덕고등학교,7010158,2024-11-09,토,조식,53.0,맛김치,9
명덕고등학교,7010158,2024-11-09,토,조식,53.0,시리얼(스페셜K외),"1,2,4,5,6,10,14,16,18"
명덕고등학교,7010158,2024-11-09,토,조식,53.0,우유&주스,"2,5,6,11,13"
명덕고등학교,7010158,2024-11-09,토,조식,53.0,사과,
명덕고등학교,7010158,2024-11-09,토,조식,53.0,간장무채장아찌,"5,6,8,9,18"
명덕고등학교,7010158,2024-11-11,월,조식,663.0,쌀밥,
명덕고등학교,7010158,2024-11-11,월,조식,663.0,갈빗살양념구이,"5,6,13,16,18"
명덕고등학교,7010158,2024-11-11,월,조식,663.0,야채죽,"1,5,6"
명덕고등학교,7010158,2024-11-11,월,조식,663.0,북어국,"1,5,6"
명덕고등학교,7010158,2024-11-11,월,조식,663.0,연근조림,"5,6,13"
명덕고등학교,7010158,2024-11-11,월,조식,663.0,소떡소떡,2
명덕고등학교,7010158,2024-11-11,월,조식,663.0,맛김치,9
명덕고등학교,7010158,2024-11-11,월,조식,663.0,시리얼(스페셜K외),"1,2,4,5,6,10,14,16,18"
명덕고등학교,7010158,2024-11-11,월,조식,663.0,우유&주스,"2,5,6,11,13"
명덕고등학교,7010158,2024-11-11,월,조식,663.0,사과,
명덕고등학교,7010158,2024-11-11,월,조식,663.0,콥샐러드,"1,2,5,12,13"
명덕고등학교,7010158,2024-11-11,월,중식,2992.0,잡곡밥,5
명덕고등학교,7010158,2024-11-11,월,중식,2992.0,단호박누룽지장각백숙,"5,6,10,15,16"
명덕고등학교,7010158,2024-11-11,월,중식,2992.0,청포묵김가루무침,
명덕고등학교,7010158,2024-11-11,월,중식,2992.0,바싹불고기*파채무침,"2,5,6,10,12,13,16"
명덕고등학교,7010158,2024-11-11,월,중식,2992.0,깍두기,9
명덕고등학교,7010158,2024-11-11,월,중식,2992.0,메론,
명덕고등학교,7010158,2024-11-11,월,석식,934.0,오므라이스*데미소스,"1,2,5,6,10,12,13,15,16"
명덕고등학교,7010158,2024-11-11,월,석식,934.0,가쓰오장국,"1,2,5,6,7,9,13,16,18"
명덕고등학교,7010158,2024-11-11,월,석식,934.0,뿌링클치킨,"1,2,5,6,15,16,18"
명덕고등학교,7010158,2024-11-11,월,석식,934.0,깍두기,9
명덕고등학교,7010158,2024-11-11,월,석식,934.0,감자샐러드(네모),"1,5,13"
명덕고등학교,7010158,2024-11-12,화,조식,657.0,쌀밥,
명덕고등학교,7010158,2024-11-12,화,조식,657.0,야채죽,"1,5,6"
명덕고등학교,7010158,2024-11-12,화,조식,657.0,빵(조식),"1,2,4,5,6,9,10,12,13,14,15,16,18"
명덕고등학교,7010158,2024-11-12,화,조식,657.0,매운콩나물국,"5,6"
명덕고등학교,7010158,2024-11-12,화,조식,657.0,카레소스,"2,5,6,10,12,18"
명덕고등학교,7010158,2024-11-12,화,조식,657.0,돌돌고기떡말이,"2,5,6,10,16"
명덕고등학교,7010158,2024-11-12,화,조식,657.0,미역줄기볶음,5
명덕고등학교,7010158,2024-11-12,화,조식,657.0,구운어묵볶음,"5,6,9,13,16,17,18"
명덕고등학교,7010158,2024-11-12,화,조식,657.0,맛김치,9
명덕고등학교,7010158,2024-11-12,화,조식,657.0,시리얼(스페셜K외),"1,2,4,5,6,10,14,16,18"
명덕고등학교,7010158,2024-11-12,화,조식,657.0,우유&주스,"2,5,6,11,13"
명덕고등학교,7010158,2024-11-12,화,조식,657.0,귤,
명덕고등학교,7010158,2024-11-12,화,중식,2992.0,잡곡밥,5
명덕고등학교,7010158,2024-11-12,화,중식,2992.0,쇠고기우거지탕,"5,6,13,16"
명덕고등학교,7010158,2024-11-12,화,중식,2992.0,몬스터치즈스틱,"1,2,5,6,12"
명덕고등학교,7010158,2024-11-12,화,중식,2992.0,훈제닭구이*야채무침,"1,5,6,13,15"
명덕고등학교,7010158,2024-11-12,화,중식,2992.0,배추김치,9
명덕고등학교,7010158,2024-11-12,화,중식,2992.0,고구마요거트샐러드,"1,2,5,16"
명덕고등학교,7010158,2024-11-12,화,석식,912.0,잡곡밥,5
명덕고등학교,7010158,2024-11-12,화,석식,912.0,떡국,"1,5,6,16"
명덕고등학교,7010158,2024-11-12,화,석식,912.0,한식잡채,"5,6,10,13"
명덕고등학교,7010158,2024-11-12,화,석식,912.0,치커리배샐러드,"12,13"
명덕고등학교,7010158,2024-11-12,화,석식,912.0,버섯불고기,"5,6,13,16,18"
명덕고등학교,7010158,2024-11-12,화,석식,912.0,배추김치,9
명덕고등학교,7010158,2024-11-12,화,석식,912.0,바나나,
명덕고등학교,7010158,2024-11-13,수,조식,657.0,쌀밥,
명덕고등학교,7010158,2024-11-13,수,조식,657.0,야채죽,"1,5,6"
명덕고등학교,7010158,2024-11-13,수,조식,657.0,얼갈이된장국,"5,6"
명덕고등학교,7010158,2024-11-13,수,조식,657.0,미니돈까스,"5,6,10,12,16,17,18"
명덕고등학교,7010158,2024-11-13,수,조식,657.0,피자토핑 연어함박,"5,12"
명덕고등학교,7010158,2024-11-13,수,조식,657.0,맛김치,9
명덕고등학교,7010158,2024-11-13,수,조식,657.0,시리얼(스페셜K외),"1,2,4,5,6,10,14,16,18"
명덕고등학교,7010158,2024-11-13,수,조식,657.0,우유&주스,"2,5,6,11,13"
명덕고등학교,7010158,2024-11-13,수,조식,657.0,골드키위,
명덕고등학교,7010158,2024-11-13,수,조식,657.0,그래놀라샐러드(조식),"1,2,5,6,12,13,16"
명덕고등학교,7010158,2024-11-13,수,중식,170.0,잡곡밥,5
명덕고등학교,7010158,2024-11-13,수,중식,170.0,청국장찌개(조식),"5,9,16"
명덕고등학교,7010158,2024-11-13,수,중식,170.0,갈치고구마순조림,
명덕고등학교,7010158,2024-11-13,수,중식,170.0,계란말이,"1,5"
명덕고등학교,7010158,2024-11-13,수,중식,170.0,깍두기,9
명덕고등학교,7010158,2024-11-13,수,중식,170.0,성경김,
명덕고등학교,7010158,2024-11-13,수,중식,170.0,야채스틱,
명덕고등학교,7010158,2024-11-13,수,중식,170.0,골드키위,
명덕고등학교,7010158,2024-11-14,목,중식,230.0,잡곡밥,5
명덕고등학교,7010158,2024-11-14,목,중식,230.0,육개장,"1,5,16"
명덕고등학교,7010158,2024-11-14,목,중식,230.0,수육-교,"5,6,9,10"
명덕고등학교,7010158,2024-11-14,목,중식,230.0,무말랭이무침,
명덕고등학교,7010158,2024-11-14,목,중식,230.0,탕평채,"1,5,6,13"
명덕고등학교,7010158,2024-11-14,목,중식,230.0,배추김치,9
명덕고등학교,7010158,2024-11-14,목,중식,230.0,상추쌈,
명덕고등학교,7010158,2024-11-14,목,중식,230.0,과일꼬지,
명덕고등학교,7010158,2024-11-15,금,조식,407.0,쌀밥,
명덕고등학교,7010158,2024-11-15,금,조식,407.0,나주곰탕,"5,6,16"
명덕고등학교,7010158,2024-11-15,금,조식,407.0,오이무침,"5,6,9,13"
명덕고등학교,7010158,2024-11-15,금,조식,407.0,훈제오리감자볶음,"2,5,6,10,13,16"
명덕고등학교,7010158,2024-11-15,금,조식,407.0,두부구이*양념장,"1,5,6,13"
명덕고등학교,7010158,2024-11-15,금,조식,407.0,구운계란,1
명덕고등학교,7010158,2024-11-15,금,조식,407.0,맛김치,9
명덕고등학교,7010158,2024-11-15,금,조식,407.0,시리얼(스페셜K외),"1,2,4,5,6,10,14,16,18"
명덕고등학교,7010158,2024-11-15,금,조식,407.0,우유&주스,"2,5,6,11,13"
명덕고등학교,7010158,2024-11-15,금,조식,407.0,배,
명덕고등학교,7010158,2024-11-15,금,중식,541.0,잡곡밥,5
명덕고등학교,7010158,2024-11-15,금,중식,541.0,부대찌개,"1,2,5,6,9,10,12,15,16"
명덕고등학교,7010158,2024-11-15,금,중식,541.0,소고기참나물무침,"5,6,13,16,18"
명덕고등학교,7010158,2024-11-15,금,중식,541.0,수제생선까스,"1,2,5,6,14"
명덕고등학교,7010158,2024-11-15,금,중식,541.0,깍두기,9
명덕고등학교,7010158,2024-11-15,금,중식,541.0,티니핑요구르트,2
명덕고등학교,7010158,2024-11-16,토,조식,31.0,쌀밥,
명덕고등학교,7010158,2024-11-16,토,조식,31.0,우동국,"1,2,5,6,7,9,13,16,18"
명덕고등학교,7010158,2024-11-16,토,조식,31.0,하이라이스소스,"1,2,5,6,12,16"
명덕고등학교,7010158,2024-11-16,토,조식,31.0,스크램블에그,"1,2,12"
명덕고등학교,7010158,2024-11-16,토,조식,31.0,멘츠까스,"1,5,6,10"
명덕고등학교,7010158,2024-11-16,토,조식,31.0,맛김치,9
명덕고등학교,7010158,2024-11-16,토,조식,31.0,시리얼(스페셜K외),"1,2,4,5,6,10,14,16,18"
명덕고등학교,7010158,2024-11-16,토,조식,31.0,우유&주스,"2,5,6,11,13"
명덕고등학교,7010158,2024-11-16,토,조식,31.0,매실간장마늘쫑,"5,6"
명덕고등학교,7010158,2024-11-16,토,조식,31.0,바나나,
명덕고등학교,7010158,2024-11-18,월,조식,524.0,쌀밥,
명덕고등학교,7010158,2024-11-18,월,조식,524.0,빵(조식),"1,2,4,5,6,9,10,12,13,14,15,16,18"
명덕고등학교,7010158,2024-11-18,월,조식,524.0,참치김치찌개,"5,9,13"
명덕고등학교,7010158,2024-11-18,월,조식,524.0,치즈포테이토오믈렛,"1,2,5,6,10,12,15,16"
명덕고등학교,7010158,2024-11-18,월,조식,524.0,인삼양념닭구이,"5,6,13,15"
명덕고등학교,7010158,2024-11-18,월,조식,524.0,깍두기,9
명덕고등학교,7010158,2024-11-18,월,조식,524.0,시리얼(스페셜K외),"1,2,4,5,6,10,14,16,18"
명덕고등학교,7010158,2024-11-18,월,조식,524.0,우유&주스,"2,5,6,11,13"
명덕고등학교,7010158,2024-11-18,월,조식,524.0,사과,
명덕고등학교,7010158,2024-11-18,월,조식,524.0,키위샐러드,"2,5,6,12"
명덕고등학교,7010158,2024-11-18,월,중식,2461.0,잡곡밥,5
명덕고등학교,7010158,2024-11-18,월,중식,2461.0,된장찌개,"5,6"
명덕고등학교,7010158,2024-11-18,월,중식,2461.0,쌈무생채,"5,6"
명덕고등학교,7010158,2024-11-18,월,중식,2461.0,양념돼지갈비구이,"1,2,5,6,10,15,16,18"
명덕고등학교,7010158,2024-11-18,월,중식,2461.0,타코야끼,"1,5,6,10,13"
명덕고등학교,7010158,2024-11-18,월,중식,2461.0,배추김치,9
명덕고등학교,7010158,2024-11-18,월,중식,2461.0,매실간장마늘쫑,"5,6"
명덕고등학교,7010158,2024-11-18,월,석식,794.0,잡곡밥,5
명덕고등학교,7010158,2024-11-18,월,석식,794.0,쇠고기무국,"5,6,16"
명덕고등학교,7010158,2024-11-18,월,석식,794.0,쪽파김무침,
명덕고등학교,7010158,2024-11-18,월,석식,794.0,닭볶음탕,"5,6,13,15"
명덕고등학교,7010158,2024-11-18,월,석식,794.0,양송이크림소스볶음,"1,2,5,10,13"
명덕고등학교,7010158,2024-11-18,월,석식,794.0,배추김치,9
명덕고등학교,7010158,2024-11-18,월,석식,794.0,파인애플,
명덕고등학교,7010158,2024-11-19,화,조식,524.0,쌀밥,
명덕고등학교,7010158,2024-11-19,화,조식,524.0,떡국,"1,5,6,16"
명덕고등학교,7010158,2024-11-19,화,조식,524.0,해쉬브라운*케찹,"5,6,12"
명덕고등학교,7010158,2024-11-19,화,조식,524.0,포크큐브스테이크,"1,2,5,6,10,12,15,16"
명덕고등학교,7010158,2024-11-19,화,조식,524.0,맛김치,9
명덕고등학교,7010158,2024-11-19,화,조식,524.0,시리얼(스페셜K외),"1,2,4,5,6,10,14,16,18"
명덕고등학교,7010158,2024-11-19,화,조식,524.0,우유&주스,"2,5,6,11,13"
명덕고등학교,7010158,2024-11-19,화,조식,524.0,방울토마토,12
명덕고등학교,7010158,2024-11-19,화,조식,524.0,그래놀라샐러드(조식),"2,5,6,12"
명덕고등학교,7010158,2024-11-19,화,중식,2461.0,잡곡밥,5
명덕고등학교,7010158,2024-11-19,화,중식,2461.0,육개장,"1,5,16"
명덕고등학교,7010158,2024-11-19,화,중식,2461.0,두부조림,"5,6,13,16"
명덕고등학교,7010158,2024-11-19,화,중식,2461.0,닭봉강정,"5,6,12,13,15"
명덕고등학교,7010158,2024-11-19,화,중식,2461.0,깍두기,9
명덕고등학교,7010158,2024-11-19,화,중식,2461.0,귤,
명덕고등학교,7010158,2024-11-19,화,중식,2461.0,단호박견과샐러드,"1,2,5,6,16"
명덕고등학교,7010158,2024-11-19,화,석식,772.0,잡곡밥,5
명덕고등학교,7010158,2024-11-19,화,석식,772.0,맑은콩나물국,"5,6"
명덕고등학교,7010158,2024-11-19,화,석식,772.0,풋고추쌈장무침,"5,6"
명덕고등학교,7010158,2024-11-19,화,석식,772.0,사각어묵볶음,"1,5,6,13"
명덕고등학교,7010158,2024-11-19,화,석식,772.0,고추장불고기치즈오븐,"2,5,6,10,16"
명덕고등학교,7010158,2024-11-19,화,석식,772.0,배추김치,9
명덕고등학교,7010158,2024-11-20,수,조식,524.0,쌀밥,
명덕고등학교,7010158,2024-11-20,수,조식,524.0,빵(조식),"1,2,4,5,6,9,10,12,13,14,15,16,18"
명덕고등학교,7010158,2024-11-20,수,조식,524.0,아욱된장국,"5,6"
명덕고등학교,7010158,2024-11-20,수,조식,524.0,계란장조림,"1,5,6,13"
명덕고등학교,7010158,2024-11-20,수,조식,524.0,물파래무무침,13
명덕고등학교,7010158,2024-11-20,수,조식,524.0,소고기버섯들깨볶음,"5,6,13,16,18"
명덕고등학교,7010158,2024-11-20,수,조식,524.0,맛김치,9
명덕고등학교,7010158,2024-11-20,수,조식,524.0,시리얼(스페셜K외),"1,2,4,5,6,10,14,16,18"
명덕고등학교,7010158,2024-11-20,수,조식,524.0,우유&주스,"2,5,6,11,13"
명덕고등학교,7010158,2024-11-20,수,조식,524.0,배,
명덕고등학교,7010158,2024-11-20,수,중식,2461.0,게살볶음밥,"1,5,6,8,9,12,13,16,17,18"
명덕고등학교,7010158,2024-11-20,수,중식,2461.0,김치국,"5,6,9"
명덕고등학교,7010158,2024-11-20,수,중식,2461.0,토마토닭가슴살냉채,"5,6,12,13,15"
명덕고등학교,7010158,2024-11-20,수,중식,2461.0,단무지,
명덕고등학교,7010158,2024-11-20,수,중식,2461.0,탕수육,"2,5,6,10,11,12,13,16"
명덕고등학교,7010158,2024-11-20,수,중식,2461.0,짜장소스,"2,5,6,9,10,13,15,16,17,18"
명덕고등학교,7010158,2024-11-20,수,중식,2461.0,바나나,
명덕고등학교,7010158,2024-11-20,수,석식,278.0,후리가케밥,"1,5,6"
명덕고등학교,7010158,2024-11-20,수,석식,278.0,어묵우동,"1,2,5,6,7,13,16,18"
명덕고등학교,7010158,2024-11-20,수,석식,278.0,돈까스*소스,"5,6,10,12,17,18"
명덕고등학교,7010158,2024-11-20,수,석식,278.0,깍두기,9
명덕고등학교,7010158,2024-11-20,수,석식,278.0,마카로니콘샐러드,"1,5,6,8,12"
명덕고등학교,7010158,2024-11-21,목,조식,524.0,쌀밥,
명덕고등학교,7010158,2024-11-21,목,조식,524.0,야채죽,"1,5,6"
명덕고등학교,7010158,2024-11-21,목,조식,524.0,감자옹심이국,6
명덕고등학교,7010158,2024-11-21,목,조식,524.0,시금치나물,
명덕고등학교,7010158,2024-11-21,목,조식,524.0,골뱅이야채무침,"5,6,13"
명덕고등학교,7010158,2024-11-21,목,조식,524.0,열탄불고기,"5,6,10"
명덕고등학교,7010158,2024-11-21,목,조식,524.0,구운계란,1
명덕고등학교,7010158,2024-11-21,목,조식,524.0,맛김치,9
명덕고등학교,7010158,2024-11-21,목,조식,524.0,시리얼(스페셜K외),"1,2,4,5,6,10,14,16,18"
명덕고등학교,7010158,2024-11-21,목,조식,524.0,우유&주스,"2,5,6,11,13"
명덕고등학교,7010158,2024-11-21,목,조식,524.0,메론,
명덕고등학교,7010158,2024-11-21,목,중식,2461.0,잡곡밥,5
명덕고등학교,7010158,2024-11-21,목,중식,2461.0,파새우탕,"2,5,6,9,10,13,15,16,17,18"
명덕고등학교,7010158,2024-11-21,목,중식,2461.0,계란찜,1
명덕고등학교,7010158,2024-11-21,목,중식,2461.0,나주식오리불고기,5
명덕고등학교,7010158,2024-11-21,목,중식,2461.0,배추김치,9
명덕고등학교,7010158,2024-11-21,목,중식,2461.0,오렌지샐러드,"1,2,5,6,12"
명덕고등학교,7010158,2024-11-21,목,석식,782.0,잡곡밥,5
명덕고등학교,7010158,2024-11-21,목,석식,782.0,돈육감자찌개,"5,6,10"
명덕고등학교,7010158,2024-11-21,목,석식,782.0,갈치무조림,"5,6,13"
명덕고등학교,7010158,2024-11-21,목,석식,782.0,소세지떡볶음,"5,6,10,12,13"
명덕고등학교,7010158,2024-11-21,목,석식,782.0,배추김치,9
명덕고등학교,7010158,2024-11-21,목,석식,782.0,양념깻잎지,"5,6"
명덕고등학교,7010158,2024-11-21,목,석식,782.0,단감,
명덕고등학교,7010158,2024-11-22,금,조식,524.0,쌀밥,
명덕고등학교,7010158,2024-11-22,금,조식,524.0,북어국,"1,5,6"
명덕고등학교,7010158,2024-11-22,금,조식,524.0,닭살카레볶음,"2,5,6,12,15,18"
명덕고등학교,7010158,2024-11-22,금,조식,524.0,스팸구이*케찹,"2,5,6,10,12,16"
명덕고등학교,7010158,2024-11-22,금,조식,524.0,맛김치,9
명덕고등학교,7010158,2024-11-22,금,조식,524.0,시리얼(스페셜K외),"1,2,4,5,6,10,14,16,18"
명덕고등학교,7010158,2024-11-22,금,조식,524.0,야채스틱*쌈장,"5,6"
명덕고등학교,7010158,2024-11-22,금,조식,524.0,우유&주스,"2,5,6,11,13"
명덕고등학교,7010158,2024-11-22,금,조식,524.0,골드키위,
명덕고등학교,7010158,2024-11-22,금,중식,2461.0,전복솥밥,"2,5,6,18"
명덕고등학교,7010158,2024-11-22,금,중식,2461.0,일식장국,"5,6"
명덕고등학교,7010158,2024-11-22,금,중식,2461.0,청포묵흑임자무침,"1,5,6,16"
명덕고등학교,7010158,2024-11-22,금,중식,2461.0,도시락김,
명덕고등학교,7010158,2024-11-22,금,중식,2461.0,탄두리치킨,"2,5,6,12,13,15"
명덕고등학교,7010158,2024-11-22,금,중식,2461.0,배추김치,9
명덕고등학교,7010158,2024-11-22,금,중식,2461.0,사과,
명덕고등학교,7010158,2024-11-22,금,석식,280.0,잡곡밥,5
명덕고등학교,7010158,2024-11-22,금,석식,280.0,버섯들깨탕,"5,6"
명덕고등학교,7010158,2024-11-22,금,석식,280.0,매운돼지갈비찜,"2,5,6,10,12,13,16,18"
명덕고등학교,7010158,2024-11-22,금,석식,280.0,배추나물,
명덕고등학교,7010158,2024-11-22,금,석식,280.0,고구마베이컨오븐구이,"1,5,10"
명덕고등학교,7010158,2024-11-22,금,석식,280.0,깍두기,9
명덕고등학교,7010158,2024-11-23,토,조식,51.0,쌀밥,
명덕고등학교,7010158,2024-11-23,토,조식,51.0,쇠고기무국,"5,6,16"
명덕고등학교,7010158,2024-11-23,토,조식,51.0,떡갈비조림,"2,5,6,10,13,16"
명덕고등학교,7010158,2024-11-23,토,조식,51.0,매실된장고등어살구이,7
명덕고등학교,7010158,2024-11-23,토,조식,51.0,맛김치,9
명덕고등학교,7010158,2024-11-23,토,조식,51.0,시리얼(스페셜K외),"1,2,4,5,6,10,14,16,18"
명덕고등학교,7010158,2024-11-23,토,조식,51.0,우유&주스,"2,5,6,11,13"
명덕고등학교,7010158,2024-11-23,토,조식,51.0,그린샐러드*오리엔탈드레싱,"5,6,12"
명덕고등학교,7010158,2024-11-23,토,조식,51.0,사과,
명덕고등학교,7010158,2024-11-25,월,조식,524.0,쌀밥,
명덕고등학교,7010158,2024-11-25,월,조식,524.0,빵(조식),"1,2,4,5,6,9,10,12,13,14,15,16,18"
명덕고등학교,7010158,2024-11-25,월,조식,524.0,얼갈이된장국,"5,6"
명덕고등학교,7010158,2024-11-25,월,조식,524.0,진미채볶음,"5,6,13,17"
명덕고등학교,7010158,2024-11-25,월,조식,524.0,와규큐브찹스테이크,16
명덕고등학교,7010158,2024-11-25,월,조식,524.0,맛김치,9
명덕고등학교,7010158,2024-11-25,월,조식,524.0,시리얼(스페셜K외),"1,2,4,5,6,10,14,16,18"
명덕고등학교,7010158,2024-11-25,월,조식,524.0,우유&주스,"2,5,6,11,13"
명덕고등학교,7010158,2024-11-25,월,조식,524.0,사과,
명덕고등학교,7010158,2024-11-25,월,조식,524.0,셀러리포도샐러드,"1,2,5,12,14,16"
명덕고등학교,7010158,2024-11-25,월,중식,2478.0,잡곡밥,
명덕고등학교,7010158,2024-11-25,월,중식,2478.0,갈비탕,"1,16"
명덕고등학교,7010158,2024-11-25,월,중식,2478.0,메추리알장조림,"1,5,6,13"
명덕고등학교,7010158,2024-11-25,월,중식,2478.0,세발나물무침,
명덕고등학교,7010158,2024-11-25,월,중식,2478.0,고갈비양념구이,"5,6,7,13"
명덕고등학교,7010158,2024-11-25,월,중식,2478.0,깍두기,9
명덕고등학교,7010158,2024-11-25,월,석식,801.0,소고기미나리볶음밥,"5,6,13,16"
명덕고등학교,7010158,2024-11-25,월,석식,801.0,우동국,"1,2,5,6,7,9,13,16,18"
명덕고등학교,7010158,2024-11-25,월,석식,801.0,무생채,"5,9,13"
명덕고등학교,7010158,2024-11-25,월,석식,801.0,통살치킨꼬치,"1,2,3,5,6,12,13,15,16"
명덕고등학교,7010158,2024-11-25,월,석식,801.0,맥앤치즈,"1,2,5,6,10,12"
명덕고등학교,7010158,2024-11-25,월,석식,801.0,배추김치,9
명덕고등학교,7010158,2024-11-25,월,석식,801.0,메론,
명덕고등학교,7010158,2024-11-26,화,조식,524.0,쌀밥,
명덕고등학교,7010158,2024-11-26,화,조식,524.0,누룽지,
명덕고등학교,7010158,2024-11-26,화,조식,524.0,빵(조식),"2,4,5,6,9,10,12,13,14,15,16,18,1"
명덕고등학교,7010158,2024-11-26,화,조식,524.0,매운콩나물국,"5,6"
명덕고등학교,7010158,2024-11-26,화,조식,524.0,계란찜,1
명덕고등학교,7010158,2024-11-26,화,조식,524.0,오이지무침,13
명덕고등학교,7010158,2024-11-26,화,조식,524.0,숯불고기*숙주,10
명덕고등학교,7010158,2024-11-26,화,조식,524.0,맛김치,9
명덕고등학교,7010158,2024-11-26,화,조식,524.0,시리얼(스페셜K외),"1,2,4,5,6,10,14,16,18"
명덕고등학교,7010158,2024-11-26,화,조식,524.0,우유&주스,"2,5,6,11,13"
명덕고등학교,7010158,2024-11-26,화,조식,524.0,오렌지,
명덕고등학교,7010158,2024-11-26,화,중식,2468.0,잡곡밥,5
명덕고등학교,7010158,2024-11-26,화,중식,2468.0,매생이두부국,"5,9"
명덕고등학교,7010158,2024-11-26,화,중식,2468.0,감자피자그라탕,"1,2,5,6,10,12,15,16,18"
명덕고등학교,7010158,2024-11-26,화,중식,2468.0,멸치고추장조림(가이리),"5,6,13"
명덕고등학교,7010158,2024-11-26,화,중식,2468.0,버섯불고기,"5,6,13,16,18"
명덕고등학교,7010158,2024-11-26,화,중식,2468.0,배추김치,9
명덕고등학교,7010158,2024-11-26,화,중식,2468.0,신고배,
명덕고등학교,7010158,2024-11-26,화,석식,779.0,잡곡밥,5
명덕고등학교,7010158,2024-11-26,화,석식,779.0,일식장국,"5,6"
명덕고등학교,7010158,2024-11-26,화,석식,779.0,함박스테이크,"1,2,5,6,10,13,16"
명덕고등학교,7010158,2024-11-26,화,석식,779.0,콘립버터구이,"2,5,6,13,16,18"
명덕고등학교,7010158,2024-11-26,화,석식,779.0,깍두기,9
명덕고등학교,7010158,2024-11-26,화,석식,779.0,맛살콘샐러드(꽃맛살샐러드),"1,5,6,8,9,12,13,16,18"
명덕고등학교,7010158,2024-11-27,수,조식,524.0,뿌리채소영양밥*부추양념장,"5,6,13"
명덕고등학교,7010158,2024-11-27,수,조식,524.0,쇠고기무국,"5,6,16"
명덕고등학교,7010158,2024-11-27,수,조식,524.0,갈치구이(국내산바질향 갈치토막),"5,6"
명덕고등학교,7010158,2024-11-27,수,조식,524.0,수랏간고기말이,"1,6,10,15,16"
명덕고등학교,7010158,2024-11-27,수,조식,524.0,맛김치,9
명덕고등학교,7010158,2024-11-27,수,조식,524.0,시리얼(스페셜K외),"1,2,4,5,6,10,14,16,18"
명덕고등학교,7010158,2024-11-27,수,조식,524.0,우유&주스,"2,5,6,11,13"
명덕고등학교,7010158,2024-11-27,수,조식,524.0,골드키위,
명덕고등학교,7010158,2024-11-27,수,조식,524.0,그래놀라샐러드(조식),"2,5,6,12,13,16"
명덕고등학교,7010158,2024-11-27,수,중식,2468.0,장조림버터비빔밥,"1,2,5,6,10,13,16"
명덕고등학교,7010158,2024-11-27,수,중식,2468.0,꼬치어묵국,"1,2,5,6,7,9,13,16,18"
명덕고등학교,7010158,2024-11-27,수,중식,2468.0,허니치킨,"4,5,6,15"
명덕고등학교,7010158,2024-11-27,수,중식,2468.0,깍두기,9
명덕고등학교,7010158,2024-11-27,수,중식,2468.0,미니윌,2
명덕고등학교,7010158,2024-11-27,수,중식,2468.0,시저샐러드,"1,2,5,6,10,12"
명덕고등학교,7010158,2024-11-27,수,석식,285.0,추가밥,
명덕고등학교,7010158,2024-11-27,수,석식,285.0,해물짬뽕,"2,5,6,9,10,13,15,16,17,18"
명덕고등학교,7010158,2024-11-27,수,석식,285.0,계란국,"1,5,6"
명덕고등학교,7010158,2024-11-27,수,석식,285.0,고추잡채*꽃빵,"5,6,9,10,13,16,17,18"
명덕고등학교,7010158,2024-11-27,수,석식,285.0,팝만두튀김*양상추샐러드,"1,5,6,10,16,18"
명덕고등학교,7010158,2024-11-27,수,석식,285.0,배추김치,9
명덕고등학교,7010158,2024-11-28,목,조식,524.0,쌀밥,
명덕고등학교,7010158,2024-11-28,목,조식,524.0,연두부탕,"5,6,13,18"
명덕고등학교,7010158,2024-11-28,목,조식,524.0,치킨스테이크(갈릭소스),15
명덕고등학교,7010158,2024-11-28,목,조식,524.0,토마토카프리제그라탕,"2,5,6,12,13"
명덕고등학교,7010158,2024-11-28,목,조식,524.0,구운계란,1
명덕고등학교,7010158,2024-11-28,목,조식,524.0,맛김치,9
명덕고등학교,7010158,2024-11-28,목,조식,524.0,시리얼(스페셜K외),"1,2,4,5,6,10,14,16,18"
명덕고등학교,7010158,2024-11-28,목,조식,524.0,우유&주스,"2,5,6,11,13"
명덕고등학교,7010158,2024-11-28,목,조식,524.0,다시마브로콜리초회9,"5,6,13"
명덕고등학교,7010158,2024-11-28,목,조식,524.0,배,
명덕고등학교,7010158,2024-11-28,목,중식,2468.0,잡곡밥,5
명덕고등학교,7010158,2024-11-28,목,중식,2468.0,크림스프,"1,2,5,6,13,15,16"
명덕고등학교,7010158,2024-11-28,목,중식,2468.0,병아리콩샐러드,"6,12"
명덕고등학교,7010158,2024-11-28,목,중식,2468.0,쫄면야채무침,"5,6,13"
명덕고등학교,7010158,2024-11-28,목,중식,2468.0,치즈돈까스*돈까스소스,"1,2,5,6,10,12,13,16,18"
명덕고등학교,7010158,2024-11-28,목,중식,2468.0,깍두기,9
명덕고등학교,7010158,2024-11-28,목,중식,2468.0,아이스망고,
명덕고등학교,7010158,2024-11-28,목,석식,789.0,잡곡밥,5
명덕고등학교,7010158,2024-11-28,목,석식,789.0,쇠고기미역국,"5,6,16"
명덕고등학교,7010158,2024-11-28,목,석식,789.0,로제찜닭,"2,5,6,12,15,16,18"
명덕고등학교,7010158,2024-11-28,목,석식,789.0,콩나물무침,5
명덕고등학교,7010158,2024-11-28,목,석식,789.0,해물파전,"1,5,6,9,13,17"
명덕고등학교,7010158,2024-11-28,목,석식,789.0,깍두기,9
명덕고등학교,7010158,2024-11-28,목,석식,789.0,바나나,
명덕고등학교,7010158,2024-11-29,금,조식,524.0,쌀밥,
명덕고등학교,7010158,2024-11-29,금,조식,524.0,오징어무국,"5,6,17"
명덕고등학교,7010158,2024-11-29,금,조식,524.0,울외장아찌,
명덕고등학교,7010158,2024-11-29,금,조식,524.0,동그랑땡전,"5,6,10,12,16"
명덕고등학교,7010158,2024-11-29,금,조식,524.0,맛김치,9
명덕고등학교,7010158,2024-11-29,금,조식,524.0,시리얼(스페셜K외),"1,2,4,5,6,10,14,16,18"
명덕고등학교,7010158,2024-11-29,금,조식,524.0,우유&주스,"2,5,6,11,13"
명덕고등학교,7010158,2024-11-29,금,조식,524.0,파인애플,
명덕고등학교,7010158,2024-11-29,금,조식,524.0,훈제오리*야채무침(참깨소스),"1,2,5,6,16"
명덕고등학교,7010158,2024-11-29,금,중식,2478.0,잡곡밥,5
명덕고등학교,7010158,2024-11-29,금,중식,2478.0,계란수제비,"1,2,5,6,16"
명덕고등학교,7010158,2024-11-29,금,중식,2478.0,시래기등갈비찜,"5,6,10,13"
명덕고등학교,7010158,2024-11-29,금,중식,2478.0,오이무침,"5,6,9,13"
명덕고등학교,7010158,2024-11-29,금,중식,2478.0,두부커틀렛,"5,6,12,17,18"
명덕고등학교,7010158,2024-11-29,금,중식,2478.0,배추김치,9
명덕고등학교,7010158,2024-11-29,금,중식,2478.0,사과,
명덕고등학교,7010158,2024-11-29,금,석식,280.0,잡곡밥,5
명덕고등학교,7010158,2024-11-29,금,석식,280.0,닭곰탕,"1,5,6,10,15,16"
명덕고등학교,7010158,2024-11-29,금,석식,280.0,깻잎겉절이,"5,6,9,13"
명덕고등학교,7010158,2024-11-29,금,석식,280.0,제육볶음,"5,6,10,13,16,18"
명덕고등학교,7010158,2024-11-29,금,석식,280.0,새우볼튀김*어니언소스,"1,2,5,6,9"
명덕고등학교,7010158,2024-11-29,금,석식,280.0,배추김치,9
명덕고등학교,7010158,2024-11-30,토,조식,51.0,쌀밥,
명덕고등학교,7010158,2024-11-30,토,조식,51.0,참치김치찌개,"5,9,13"
명덕고등학교,7010158,2024-11-30,토,조식,51.0,계란장조림,"1,5,6,13"
명덕고등학교,7010158,2024-11-30,토,조식,51.0,고기완자전(조식),"1,5,6,10,16"
명덕고등학교,7010158,2024-11-30,토,조식,51.0,도시락김,
명덕고등학교,7010158,2024-11-30,토,조식,51.0,깍두기,9
명덕고등학교,7010158,2024-11-30,토,조식,51.0,시리얼(스페셜K외),"1,2,4,5,6,10,14,16,18"
명덕고등학교,7010158,2024-11-30,토,조식,51.0,우유&주스,"2,5,6,11,13"
명덕고등학교,7010158,2024-11-30,토,조식,51.0,배,
명덕고등학교,7010158,2024-12-02,월,조식,509.0,쌀밥,
명덕고등학교,7010158,2024-12-02,월,조식,509.0,빵(조식),"1,2,4,5,6,9,10,12,13,14,15,16,18"
명덕고등학교,7010158,2024-12-02,월,조식,509.0,배추된장국,"5,6"
명덕고등학교,7010158,2024-12-02,월,조식,509.0,허니간장불고기,10
명덕고등학교,7010158,2024-12-02,월,조식,509.0,멸치견과볶음(유자),"5,13,14"
명덕고등학교,7010158,2024-12-02,월,조식,509.0,깍두기,9
명덕고등학교,7010158,2024-12-02,월,조식,509.0,시리얼(스페셜K외),"1,2,4,5,6,10,14,16,18"
명덕고등학교,7010158,2024-12-02,월,조식,509.0,우유&주스,"2,5,6,11,13"
명덕고등학교,7010158,2024-12-02,월,조식,509.0,사과,
명덕고등학교,7010158,2024-12-02,월,조식,509.0,그래놀라샐러드(조식),"2,5,6,12"
명덕고등학교,7010158,2024-12-02,월,중식,2452.0,잡곡밥,5
명덕고등학교,7010158,2024-12-02,월,중식,2452.0,차돌깻잎국수,"5,6,13,15,16"
명덕고등학교,7010158,2024-12-02,월,중식,2452.0,닭볶음탕,"2,5,6,12,13,15,16,18"
명덕고등학교,7010158,2024-12-02,월,중식,2452.0,미트치즈포테이토,"1,2,5,6,10,12,13,15,16"
명덕고등학교,7010158,2024-12-02,월,중식,2452.0,깍두기,9
명덕고등학교,7010158,2024-12-02,월,중식,2452.0,귤,
명덕고등학교,7010158,2024-12-02,월,석식,692.0,잡곡밥,5
명덕고등학교,7010158,2024-12-02,월,석식,692.0,부대찌개,"1,2,5,6,9,10,12,15,16"
명덕고등학교,7010158,2024-12-02,월,석식,692.0,볼어묵조림(파프리카),"1,2,5,6,13"
명덕고등학교,7010158,2024-12-02,월,석식,692.0,당근라페샐러드,13
명덕고등학교,7010158,2024-12-02,월,석식,692.0,고구마치즈롤까스,"1,2,5,6,10,12,13,17,18"
명덕고등학교,7010158,2024-12-02,월,석식,692.0,깍두기,9
명덕고등학교,7010158,2024-12-02,월,석식,692.0,유산균음료,2
명덕고등학교,7010158,2024-12-03,화,조식,509.0,소고기표고밥*양념장,16
명덕고등학교,7010158,2024-12-03,화,조식,509.0,빵(조식),"1,2,4,5,6,9,10,12,13,14,15,16,18"
명덕고등학교,7010158,2024-12-03,화,조식,509.0,계란국,"1,5,6"
명덕고등학교,7010158,2024-12-03,화,조식,509.0,우엉잡채,"5,6,13"
명덕고등학교,7010158,2024-12-03,화,조식,509.0,멘츠까스,"1,5,6,10"
명덕고등학교,7010158,2024-12-03,화,조식,509.0,맛김치,9
명덕고등학교,7010158,2024-12-03,화,조식,509.0,시리얼(스페셜K외),"1,2,4,5,6,10,14,16,18"
명덕고등학교,7010158,2024-12-03,화,조식,509.0,우유&주스,"2,5,6,11,13"
명덕고등학교,7010158,2024-12-03,화,조식,509.0,오렌지,
명덕고등학교,7010158,2024-12-03,화,조식,509.0,시저샐러드,"1,2,5,6,10,12,13"
명덕고등학교,7010158,2024-12-03,화,중식,2452.0,잡곡밥,5
명덕고등학교,7010158,2024-12-03,화,중식,2452.0,콩나물국(밥),"1,5,9,17"
명덕고등학교,7010158,2024-12-03,화,중식,2452.0,매운돈갈비찜,"2,5,6,10,12,13,16,18"
명덕고등학교,7010158,2024-12-03,화,중식,2452.0,봄동겉절이,"5,6,9,13"
명덕고등학교,7010158,2024-12-03,화,중식,2452.0,새우치즈구이,"2,9"
명덕고등학교,7010158,2024-12-03,화,중식,2452.0,깍두기,9
명덕고등학교,7010158,2024-12-03,화,석식,682.0,잡곡밥,5
명덕고등학교,7010158,2024-12-03,화,석식,682.0,아욱된장국,"5,6"
명덕고등학교,7010158,2024-12-03,화,석식,682.0,실곤약야채무침,"5,6,13"
명덕고등학교,7010158,2024-12-03,화,석식,682.0,오리불고기,"5,6,9,12,16,18"
명덕고등학교,7010158,2024-12-03,화,석식,682.0,오꼬노미야끼,"1,5,6,9,10,13,17"
명덕고등학교,7010158,2024-12-03,화,석식,682.0,배추김치,9
명덕고등학교,7010158,2024-12-03,화,석식,682.0,바나나,
명덕고등학교,7010158,2024-12-04,수,조식,509.0,쌀밥,
명덕고등학교,7010158,2024-12-04,수,조식,509.0,야채죽,"1,5,6"
명덕고등학교,7010158,2024-12-04,수,조식,509.0,감자옹심이국,6
명덕고등학교,7010158,2024-12-04,수,조식,509.0,청포묵흑임자무침,"1,5,6,16"
명덕고등학교,7010158,2024-12-04,수,조식,509.0,얼갈이된장무침,"5,6"
명덕고등학교,7010158,2024-12-04,수,조식,509.0,치킨스테이크(갈릭소스),15
명덕고등학교,7010158,2024-12-04,수,조식,509.0,깍두기,9
명덕고등학교,7010158,2024-12-04,수,조식,509.0,시리얼(스페셜K외),"1,2,4,5,6,10,14,16,18"
명덕고등학교,7010158,2024-12-04,수,조식,509.0,우유&주스,"2,5,6,11,13"
명덕고등학교,7010158,2024-12-04,수,조식,509.0,딸기,
명덕고등학교,7010158,2024-12-04,수,중식,2452.0,꼬막비빔밥,"5,6,13,18"
명덕고등학교,7010158,2024-12-04,수,중식,2452.0,가쓰오장국,"1,2,5,6,7,9,13,16,18"
명덕고등학교,7010158,2024-12-04,수,중식,2452.0,양갈비구이,12
명덕고등학교,7010158,2024-12-04,수,중식,2452.0,배추김치,9
명덕고등학교,7010158,2024-12-04,수,중식,2452.0,무조미김,
명덕고등학교,7010158,2024-12-04,수,중식,2452.0,오렌지샐러드,"1,2,5,6,12"
명덕고등학교,7010158,2024-12-04,수,석식,209.0,잡곡밥,5
명덕고등학교,7010158,2024-12-04,수,석식,209.0,건새우무국,"5,6,9"
명덕고등학교,7010158,2024-12-04,수,석식,209.0,계란찜,1
명덕고등학교,7010158,2024-12-04,수,석식,209.0,콩나물파채무침,"5,6,13"
명덕고등학교,7010158,2024-12-04,수,석식,209.0,삼겹살구이,"5,6,10,13"
명덕고등학교,7010158,2024-12-04,수,석식,209.0,볶음김치,"5,9"
명덕고등학교,7010158,2024-12-05,목,조식,509.0,쌀밥,
명덕고등학교,7010158,2024-12-05,목,조식,509.0,야채죽,"1,5,6"
명덕고등학교,7010158,2024-12-05,목,조식,509.0,쑥갓어묵국,"5,6"
명덕고등학교,7010158,2024-12-05,목,조식,509.0,진미채볶음,"5,6,13,17"
명덕고등학교,7010158,2024-12-05,목,조식,509.0,와규큐브찹스테이크,16
명덕고등학교,7010158,2024-12-05,목,조식,509.0,구운계란,1
명덕고등학교,7010158,2024-12-05,목,조식,509.0,맛김치,9
명덕고등학교,7010158,2024-12-05,목,조식,509.0,시리얼(스페셜K외),"1,2,4,5,6,10,14,16,18"
명덕고등학교,7010158,2024-12-05,목,조식,509.0,우유&주스,"2,5,6,11,13"
명덕고등학교,7010158,2024-12-05,목,조식,509.0,토마토샐러드(믹스넛),"6,12,14"
명덕고등학교,7010158,2024-12-05,목,조식,509.0,바나나,
명덕고등학교,7010158,2024-12-05,목,중식,2452.0,잡곡밥,5
명덕고등학교,7010158,2024-12-05,목,중식,2452.0,갈비탕,"1,5,6,16"
명덕고등학교,7010158,2024-12-05,목,중식,2452.0,갈치고구마순조림,"5,6,13"
명덕고등학교,7010158,2024-12-05,목,중식,2452.0,깍두기,9
명덕고등학교,7010158,2024-12-05,목,중식,2452.0,사과,
명덕고등학교,7010158,2024-12-05,목,중식,2452.0,소시지샐러드,"1,2,5,6,10,15,16"
명덕고등학교,7010158,2024-12-05,목,석식,694.0,쌀밥,5
명덕고등학교,7010158,2024-12-05,목,석식,694.0,미니우동,"1,2,5,6,7,9,13,16,18"
명덕고등학교,7010158,2024-12-05,목,석식,694.0,하이라이스소스,"1,2,5,6,12,16"
명덕고등학교,7010158,2024-12-05,목,석식,694.0,함박스테이크*크림소스,"1,2,5,6,10,13,16"
명덕고등학교,7010158,2024-12-05,목,석식,694.0,깍두기,9
명덕고등학교,7010158,2024-12-05,목,석식,694.0,일식샐러드*흑임자드레싱,"1,5,6,12"
명덕고등학교,7010158,2024-12-06,금,조식,509.0,쌀밥,
명덕고등학교,7010158,2024-12-06,금,조식,509.0,갈빗살양념구이,"5,6,13,16,18"
명덕고등학교,7010158,2024-12-06,금,조식,509.0,야채죽,"1,5,6"
명덕고등학교,7010158,2024-12-06,금,조식,509.0,빵(조식),"1,2,4,5,6,9,10,12,13,14,15,16,18"
명덕고등학교,7010158,2024-12-06,금,조식,509.0,북어국,"1,5,6"
명덕고등학교,7010158,2024-12-06,금,조식,509.0,계란장조림,"1,5,6,13"
명덕고등학교,7010158,2024-12-06,금,조식,509.0,맛김치,9
명덕고등학교,7010158,2024-12-06,금,조식,509.0,시리얼(스페셜K외),"1,2,4,5,6,10,14,16,18"
명덕고등학교,7010158,2024-12-06,금,조식,509.0,우유&주스,"2,5,6,11,13"
명덕고등학교,7010158,2024-12-06,금,조식,509.0,사과호두샐러드,"2,14"
명덕고등학교,7010158,2024-12-06,금,조식,509.0,귤,
명덕고등학교,7010158,2024-12-06,금,중식,2452.0,잡곡밥,5
명덕고등학교,7010158,2024-12-06,금,중식,2452.0,시금치된장국,"5,6"
명덕고등학교,7010158,2024-12-06,금,중식,2452.0,쌈무생채,"5,6"
명덕고등학교,7010158,2024-12-06,금,중식,2452.0,물파래전,"5,6,17"
명덕고등학교,7010158,2024-12-06,금,중식,2452.0,닭갈비구이,"2,5,6,13,15,16,18"
명덕고등학교,7010158,2024-12-06,금,중식,2452.0,배추김치,9
명덕고등학교,7010158,2024-12-06,금,석식,191.0,잡곡밥,5
명덕고등학교,7010158,2024-12-06,금,석식,191.0,순두부백탕07,"1,5"
명덕고등학교,7010158,2024-12-06,금,석식,191.0,오삼불고기3,"2,5,6,10,12,13,16,17,18"
명덕고등학교,7010158,2024-12-06,금,석식,191.0,스팸감자구이,"2,5,6,10,16"
명덕고등학교,7010158,2024-12-06,금,석식,191.0,배추김치,9
명덕고등학교,7010158,2024-12-06,금,석식,191.0,깻잎지,"5,6"
명덕고등학교,7010158,2024-12-07,토,조식,42.0,쌀밥,
명덕고등학교,7010158,2024-12-07,토,조식,42.0,매운콩나물국,"5,6"
명덕고등학교,7010158,2024-12-07,토,조식,42.0,열탄불고기,"5,6,10"
명덕고등학교,7010158,2024-12-07,토,조식,42.0,볼어묵볶음,"1,5,6,9,13,16,17,18"
명덕고등학교,7010158,2024-12-07,토,조식,42.0,구운계란,1
명덕고등학교,7010158,2024-12-07,토,조식,42.0,맛김치,9
명덕고등학교,7010158,2024-12-07,토,조식,42.0,시리얼(스페셜K외),"1,2,4,5,6,10,14,16,18"
명덕고등학교,7010158,2024-12-07,토,조식,42.0,우유&주스,"2,5,6,11,13"
명덕고등학교,7010158,2024-12-07,토,조식,42.0,배,
명덕고등학교,7010158,2024-12-07,토,조식,42.0,간장무채장아찌,"5,6,8,9,18"
명덕고등학교,7010158,2024-12-09,월,조식,509.0,쌀밥,
명덕고등학교,7010158,2024-12-09,월,조식,509.0,야채죽,"1,5,6"
명덕고등학교,7010158,2024-12-09,월,조식,509.0,빵(조식),"1,2,4,5,6,9,10,12,13,14,15,16,18"
명덕고등학교,7010158,2024-12-09,월,조식,509.0,물만두국,"1,5,6,10,16"
명덕고등학교,7010158,2024-12-09,월,조식,509.0,콩자반,"5,6,13"
명덕고등학교,7010158,2024-12-09,월,조식,509.0,맛김치,9
명덕고등학교,7010158,2024-12-09,월,조식,509.0,시리얼(스페셜K외),"1,2,4,5,6,10,14,16,18"
명덕고등학교,7010158,2024-12-09,월,조식,509.0,우유&주스,"2,5,6,11,13"
명덕고등학교,7010158,2024-12-09,월,조식,509.0,사과,
명덕고등학교,7010158,2024-12-09,월,조식,509.0,토마토카프리제,"2,12,13"
명덕고등학교,7010158,2024-12-09,월,조식,509.0,훈제오리*야채무침(참깨소스),"1,2,5,6,16"
명덕고등학교,7010158,2024-12-09,월,중식,1159.0,잡곡밥,5
명덕고등학교,7010158,2024-12-09,월,중식,1159.0,꽃게탕,"5,6,8"
명덕고등학교,7010158,2024-12-09,월,중식,1159.0,버섯불고기,"5,6,13,16,18"
명덕고등학교,7010158,2024-12-09,월,중식,1159.0,아란치니*토마토소스,"1,2,5,6,10,12,15,16,18"
명덕고등학교,7010158,2024-12-09,월,중식,1159.0,배추김치,9
명덕고등학교,7010158,2024-12-09,월,중식,1159.0,단호박견과샐러드,"1,2,5,6,16"
명덕고등학교,7010158,2024-12-09,월,석식,501.0,쌀밥,
명덕고등학교,7010158,2024-12-09,월,석식,501.0,일식장국,"5,6"
명덕고등학교,7010158,2024-12-09,월,석식,501.0,카레소스,"2,5,6,10,12,18"
명덕고등학교,7010158,2024-12-09,월,석식,501.0,붐바치킨,"1,2,5,6,12,15,16"
명덕고등학교,7010158,2024-12-09,월,석식,501.0,배추김치,9
명덕고등학교,7010158,2024-12-09,월,석식,501.0,시저샐러드,"1,2,5,6,10,12"
명덕고등학교,7010158,2024-12-10,화,조식,502.0,쌀밥,
명덕고등학교,7010158,2024-12-10,화,조식,502.0,야채죽,"1,5,6"
명덕고등학교,7010158,2024-12-10,화,조식,502.0,빵(조식),"1,2,4,5,6,8,9,10,12,13,14,15,16,18"
명덕고등학교,7010158,2024-12-10,화,조식,502.0,쇠고기무국,"5,6,16"
명덕고등학교,7010158,2024-12-10,화,조식,502.0,스페니쉬오믈렛*케찹,"1,2,5,6,10,12,15,16"
명덕고등학교,7010158,2024-12-10,화,조식,502.0,치커리배샐러드,12
명덕고등학교,7010158,2024-12-10,화,조식,502.0,닭고기마늘구이,"5,6,13,15"
명덕고등학교,7010158,2024-12-10,화,조식,502.0,맛김치,9
명덕고등학교,7010158,2024-12-10,화,조식,502.0,시리얼(스페셜K외),"1,2,4,5,6,10,14,16,18"
명덕고등학교,7010158,2024-12-10,화,조식,502.0,우유&주스,"2,5,6,11,13"
명덕고등학교,7010158,2024-12-10,화,조식,502.0,귤,
명덕고등학교,7010158,2024-12-10,화,중식,1159.0,잡곡밥,5
명덕고등학교,7010158,2024-12-10,화,중식,1159.0,돈육김치찌개,"5,9,10"
명덕고등학교,7010158,2024-12-10,화,중식,1159.0,버섯잡채,"5,6,10,13"
명덕고등학교,7010158,2024-12-10,화,중식,1159.0,생선까스*그린채소,"1,2,5,6"
명덕고등학교,7010158,2024-12-10,화,중식,1159.0,도시락김,
명덕고등학교,7010158,2024-12-10,화,중식,1159.0,깍두기,9
명덕고등학교,7010158,2024-12-10,화,중식,1159.0,딸기,
명덕고등학교,7010158,2024-12-10,화,석식,501.0,구운주먹밥,"1,2,5,6,10,16,18"
명덕고등학교,7010158,2024-12-10,화,석식,501.0,꼬치어묵국,"1,2,5,6,7,9,13,16,18"
명덕고등학교,7010158,2024-12-10,화,석식,501.0,단무지,
명덕고등학교,7010158,2024-12-10,화,석식,501.0,국물떡볶이,"1,2,5,6,10,12,13,16,18"
명덕고등학교,7010158,2024-12-10,화,석식,501.0,치즈볼,"1,2,5,6"
명덕고등학교,7010158,2024-12-10,화,석식,501.0,쥬시쿨,2
명덕고등학교,7010158,2024-12-10,화,석식,501.0,나쵸야채샐러드,"1,2,5,16"
명덕고등학교,7010158,2024-12-11,수,조식,502.0,쌀밥,
명덕고등학교,7010158,2024-12-11,수,조식,502.0,야채죽,"1,5,6"
명덕고등학교,7010158,2024-12-11,수,조식,502.0,빵(조식),"1,2,4,5,6,8,9,10,12,13,14,15,16,18"
명덕고등학교,7010158,2024-12-11,수,조식,502.0,육개장,"1,5,16"
명덕고등학교,7010158,2024-12-11,수,조식,502.0,두부조림,"5,6,13"
명덕고등학교,7010158,2024-12-11,수,조식,502.0,굴비구이,"5,6"
명덕고등학교,7010158,2024-12-11,수,조식,502.0,맛김치,9
명덕고등학교,7010158,2024-12-11,수,조식,502.0,시리얼(스페셜K외),"1,2,4,5,6,10,14,16,18"
명덕고등학교,7010158,2024-12-11,수,조식,502.0,우유&주스,"2,5,6,11,13"
명덕고등학교,7010158,2024-12-11,수,조식,502.0,텐더샐러드-조식,"1,5,6,12,15"
명덕고등학교,7010158,2024-12-11,수,조식,502.0,방울토마토,12
명덕고등학교,7010158,2024-12-11,수,중식,602.0,곤드레나물밥*양념장,"5,6,13"
명덕고등학교,7010158,2024-12-11,수,중식,602.0,매운콩나물국,"5,6"
명덕고등학교,7010158,2024-12-11,수,중식,602.0,묵은지들기름무침,9
명덕고등학교,7010158,2024-12-11,수,중식,602.0,무말랭이무침,
명덕고등학교,7010158,2024-12-11,수,중식,602.0,훈제삼겹구이,"1,5,6,10,13"
명덕고등학교,7010158,2024-12-11,수,중식,602.0,신고배,
명덕고등학교,7010158,2024-12-11,수,석식,208.0,잡곡밥,5
명덕고등학교,7010158,2024-12-11,수,석식,208.0,단호박스프,"1,2,5,6,13,16"
명덕고등학교,7010158,2024-12-11,수,석식,208.0,어니언콘샐러드,"2,5,6,12,13"
명덕고등학교,7010158,2024-12-11,수,석식,208.0,수제돈까스,"1,2,5,6,10,12,17,18"
명덕고등학교,7010158,2024-12-11,수,석식,208.0,알감자버터구이,"2,13"
명덕고등학교,7010158,2024-12-11,수,석식,208.0,배추김치,9
명덕고등학교,7010158,2024-12-11,수,석식,208.0,귤,
명덕고등학교,7010158,2024-12-12,목,조식,502.0,쌀밥,
명덕고등학교,7010158,2024-12-12,목,조식,502.0,야채죽,"1,5,6"
명덕고등학교,7010158,2024-12-12,목,조식,502.0,떡국,"1,5,6,16"
명덕고등학교,7010158,2024-12-12,목,조식,502.0,꽈리고추오징어볶음,"5,6,17"
명덕고등학교,7010158,2024-12-12,목,조식,502.0,후라이드윙,"1,4,5,6,13,15,16"
명덕고등학교,7010158,2024-12-12,목,조식,502.0,구운계란,1
명덕고등학교,7010158,2024-12-12,목,조식,502.0,맛김치,9
명덕고등학교,7010158,2024-12-12,목,조식,502.0,시리얼(스페셜K외),"1,2,4,5,6,10,14,16,18"
명덕고등학교,7010158,2024-12-12,목,조식,502.0,우유&주스,"2,5,6,11,13"
명덕고등학교,7010158,2024-12-12,목,조식,502.0,오렌지,
명덕고등학교,7010158,2024-12-12,목,조식,502.0,그래놀라샐러드(조식),"2,5,6,12"
명덕고등학교,7010158,2024-12-12,목,중식,602.0,잡곡밥,5
명덕고등학교,7010158,2024-12-12,목,중식,602.0,아욱된장국,"5,6"
명덕고등학교,7010158,2024-12-12,목,중식,602.0,소갈비찜,"5,6,13,16,18"
명덕고등학교,7010158,2024-12-12,목,중식,602.0,봄동겉절이,"5,6,9,13"
명덕고등학교,7010158,2024-12-12,목,중식,602.0,새우만두,"5,6,9"
명덕고등학교,7010158,2024-12-12,목,중식,602.0,깍두기,9
명덕고등학교,7010158,2024-12-12,목,석식,501.0,쌀밥,
명덕고등학교,7010158,2024-12-12,목,석식,501.0,누룽지장각백숙,"5,6,10,15,16"
명덕고등학교,7010158,2024-12-12,목,석식,501.0,오이지무침,13
명덕고등학교,7010158,2024-12-12,목,석식,501.0,파채무침,"5,6,13"
명덕고등학교,7010158,2024-12-12,목,석식,501.0,고구마빠스,5
명덕고등학교,7010158,2024-12-12,목,석식,501.0,고기지짐,"1,2,5,6,10,15,16"
명덕고등학교,7010158,2024-12-12,목,석식,501.0,깍두기,9
명덕고등학교,7010158,2024-12-13,금,조식,502.0,쌀밥,
명덕고등학교,7010158,2024-12-13,금,조식,502.0,소고기표고죽,"1,5,6,13,16"
명덕고등학교,7010158,2024-12-13,금,조식,502.0,연두부탕,"5,6"
명덕고등학교,7010158,2024-12-13,금,조식,502.0,쇠고기사태장조림(조식),"1,13,16"
명덕고등학교,7010158,2024-12-13,금,조식,502.0,울외장아찌,
명덕고등학교,7010158,2024-12-13,금,조식,502.0,전복버터구이,"2,18"
명덕고등학교,7010158,2024-12-13,금,조식,502.0,맛김치,9
명덕고등학교,7010158,2024-12-13,금,조식,502.0,시리얼(스페셜K외),"1,2,4,5,6,10,14,16,18"
명덕고등학교,7010158,2024-12-13,금,조식,502.0,우유&주스,"2,5,6,11,13"
명덕고등학교,7010158,2024-12-13,금,조식,502.0,크림슨포도,
명덕고등학교,7010158,2024-12-13,금,중식,80.0,잡곡밥,5
명덕고등학교,7010158,2024-12-13,금,중식,80.0,누룽지장각백숙,"5,6,10,15,16"
명덕고등학교,7010158,2024-12-13,금,중식,80.0,삼치조림,"5,6,13"
명덕고등학교,7010158,2024-12-13,금,중식,80.0,녹두빈대떡,"2,5,6,9,10,12,16"
명덕고등학교,7010158,2024-12-13,금,중식,80.0,깍두기,9
명덕고등학교,7010158,2024-12-16,월,조식,98.0,누룽지,
명덕고등학교,7010158,2024-12-16,월,조식,98.0,잉글리쉬머핀샌드위치,"1,2,5,6,10,12,15,16"
명덕고등학교,7010158,2024-12-16,월,조식,98.0,크림스프,"2,5,6,13,16"
명덕고등학교,7010158,2024-12-16,월,조식,98.0,해쉬브라운*케찹,"5,6,12"
명덕고등학교,7010158,2024-12-16,월,조식,98.0,맛김치,9
명덕고등학교,7010158,2024-12-16,월,조식,98.0,시리얼(스페셜K외),"1,2,4,5,6,10,14,16,18"
명덕고등학교,7010158,2024-12-16,월,조식,98.0,우유&주스,"2,5,6,11,13"
명덕고등학교,7010158,2024-12-16,월,조식,98.0,그린샐러드*오리엔탈드레싱,"5,6,12"
명덕고등학교,7010158,2024-12-16,월,조식,98.0,사과,
명덕고등학교,7010158,2024-12-16,월,중식,1997.0,잡곡밥,5
명덕고등학교,7010158,2024-12-16,월,중식,1997.0,시래기순살감자탕,"5,6,10,18"
명덕고등학교,7010158,2024-12-16,월,중식,1997.0,토마토유자샐러드,"2,5,12"
명덕고등학교,7010158,2024-12-16,월,중식,1997.0,쪽파김무침,"5,6,13"
명덕고등학교,7010158,2024-12-16,월,중식,1997.0,오리로스*파채무침,"5,6,13"
명덕고등학교,7010158,2024-12-16,월,중식,1997.0,깍두기,9
명덕고등학교,7010158,2024-12-16,월,중식,1997.0,딸기,
명덕고등학교,7010158,2024-12-16,월,석식,320.0,잡곡밥,5
명덕고등학교,7010158,2024-12-16,월,석식,320.0,육개장,"1,5,16"
명덕고등학교,7010158,2024-12-16,월,석식,320.0,부추무침,13
명덕고등학교,7010158,2024-12-16,월,석식,320.0,멸치볶음,"5,6,13"
명덕고등학교,7010158,2024-12-16,월,석식,320.0,맥적구이,"1,2,5,6,10,15,16,18"
명덕고등학교,7010158,2024-12-16,월,석식,320.0,배추김치,9
명덕고등학교,7010158,2024-12-16,월,석식,320.0,애플망고,
명덕고등학교,7010158,2024-12-16,월,석식,320.0,맛살콘샐러드(꽃맛살샐러드),"1,5,6,8,9,12,13,16,18"
명덕고등학교,7010158,2024-12-17,화,조식,502.0,쌀밥,
명덕고등학교,7010158,2024-12-17,화,조식,502.0,황태미역국,"5,6"
명덕고등학교,7010158,2024-12-17,화,조식,502.0,시금치나물,
명덕고등학교,7010158,2024-12-17,화,조식,502.0,참치김치볶음*두부,"5,9"
명덕고등학교,7010158,2024-12-17,화,조식,502.0,직꾸닭,"1,2,5,6,10,12,13,15,16"
명덕고등학교,7010158,2024-12-17,화,조식,502.0,구운계란,1
명덕고등학교,7010158,2024-12-17,화,조식,502.0,깍두기,9
명덕고등학교,7010158,2024-12-17,화,조식,502.0,시리얼(스페셜K외),"1,2,4,5,6,10,14,16,18"
명덕고등학교,7010158,2024-12-17,화,조식,502.0,우유&주스,"2,5,6,11,13"
명덕고등학교,7010158,2024-12-17,화,조식,502.0,파인애플,
명덕고등학교,7010158,2024-12-17,화,중식,2465.0,계란볶음밥,"1,5,6"
명덕고등학교,7010158,2024-12-17,화,중식,2465.0,짬뽕국,"2,5,6,9,10,13,15,16,17,18"
명덕고등학교,7010158,2024-12-17,화,중식,2465.0,포두부무침,"5,6,9,13,16,17,18"
명덕고등학교,7010158,2024-12-17,화,중식,2465.0,단무지,
명덕고등학교,7010158,2024-12-17,화,중식,2465.0,탕수육,"2,5,6,10,11,12,13,16,18"
명덕고등학교,7010158,2024-12-17,화,중식,2465.0,짜장소스,"2,5,6,9,10,13,15,16,17,18"
명덕고등학교,7010158,2024-12-17,화,중식,2465.0,귤,
명덕고등학교,7010158,2024-12-17,화,석식,713.0,잡곡밥,5
명덕고등학교,7010158,2024-12-17,화,석식,713.0,잔치국수,"1,5,6,9,10"
명덕고등학교,7010158,2024-12-17,화,석식,713.0,고추장불고기,"5,6,10,13,18"
명덕고등학교,7010158,2024-12-17,화,석식,713.0,고구마베이컨오븐구이,"1,5,10"
명덕고등학교,7010158,2024-12-17,화,석식,713.0,배추김치,9
명덕고등학교,7010158,2024-12-17,화,석식,713.0,황금향,
명덕고등학교,7010158,2024-12-18,수,조식,502.0,뿌리채소영양밥*부추양념장,"5,6,13"
명덕고등학교,7010158,2024-12-18,수,조식,502.0,빵(조식),"1,2,4,5,6,8,9,10,12,13,14,15,16,18"
명덕고등학교,7010158,2024-12-18,수,조식,502.0,쇠고기배추국,"5,6,16"
명덕고등학교,7010158,2024-12-18,수,조식,502.0,상추겉절이,"5,6,9,13"
명덕고등학교,7010158,2024-12-18,수,조식,502.0,매콤어묵볶음,"5,6,9,13,16,17,18"
명덕고등학교,7010158,2024-12-18,수,조식,502.0,인삼양념닭구이,"5,6,13,15"
명덕고등학교,7010158,2024-12-18,수,조식,502.0,깍두기,9
명덕고등학교,7010158,2024-12-18,수,조식,502.0,시리얼(스페셜K외),"1,2,4,5,6,10,14,16,18"
명덕고등학교,7010158,2024-12-18,수,조식,502.0,우유&주스,"2,5,6,11,13"
명덕고등학교,7010158,2024-12-18,수,조식,502.0,오렌지,
명덕고등학교,7010158,2024-12-18,수,중식,2465.0,투움바파스타,"1,2,5,6,9,10,13,15,16,17,18"
명덕고등학교,7010158,2024-12-18,수,중식,2465.0,바베큐폭립,"2,5,6,10,12,16,18"
명덕고등학교,7010158,2024-12-18,수,중식,2465.0,오이피클,
명덕고등학교,7010158,2024-12-18,수,중식,2465.0,딸기주스,
명덕고등학교,7010158,2024-12-18,수,중식,2465.0,시저샐러드,"1,2,5,6,10,12"
명덕고등학교,7010158,2024-12-18,수,석식,247.0,매운콩나물국,"5,6"
명덕고등학교,7010158,2024-12-18,수,석식,247.0,목살김치짜글이,"9,10"
명덕고등학교,7010158,2024-12-18,수,석식,247.0,소세지야채볶음,"2,5,6,10,12,13,15,16,18"
명덕고등학교,7010158,2024-12-18,수,석식,247.0,랍스터치즈구이,2
명덕고등학교,7010158,2024-12-18,수,석식,247.0,깍두기,9
명덕고등학교,7010158,2024-12-19,목,조식,502.0,쌀밥,
명덕고등학교,7010158,2024-12-19,목,조식,502.0,빵(조식),"1,2,4,5,6,8,9,10,12,13,14,15,16,18"
명덕고등학교,7010158,2024-12-19,목,조식,502.0,오징어무국,"5,6,17"
명덕고등학교,7010158,2024-12-19,목,조식,502.0,채소샐러드,"1,2,5,6,12,13"
명덕고등학교,7010158,2024-12-19,목,조식,502.0,들기름두부구이*양념장,"5,6,13"
명덕고등학교,7010158,2024-12-19,목,조식,502.0,숯불고기*숙주,10
명덕고등학교,7010158,2024-12-19,목,조식,502.0,맛김치,9
명덕고등학교,7010158,2024-12-19,목,조식,502.0,시리얼(스페셜K외),"1,2,4,5,6,10,14,16,18"
명덕고등학교,7010158,2024-12-19,목,조식,502.0,우유&주스,"2,5,6,11,13"
명덕고등학교,7010158,2024-12-19,목,조식,502.0,배,
명덕고등학교,7010158,2024-12-19,목,중식,2465.0,잡곡밥,5
명덕고등학교,7010158,2024-12-19,목,중식,2465.0,얼갈이된장국,"5,6"
명덕고등학교,7010158,2024-12-19,목,중식,2465.0,계란찜,1
명덕고등학교,7010158,2024-12-19,목,중식,2465.0,골뱅이야채무침,"5,6,13"
명덕고등학교,7010158,2024-12-19,목,중식,2465.0,낙곱새,"2,5,6,9,10,12,13,15,16,17,18"
명덕고등학교,7010158,2024-12-19,목,중식,2465.0,배추김치,9
명덕고등학교,7010158,2024-12-19,목,중식,2465.0,아이스크림,"1,2,5"
명덕고등학교,7010158,2024-12-19,목,석식,728.0,잡곡밥,5
명덕고등학교,7010158,2024-12-19,목,석식,728.0,양지쌀국수,"2,5,6,12,15,16"
명덕고등학교,7010158,2024-12-19,목,석식,728.0,청포묵김가루무침,
명덕고등학교,7010158,2024-12-19,목,석식,728.0,파닭,"2,5,6,12,13,15"
명덕고등학교,7010158,2024-12-19,목,석식,728.0,깍두기,9
명덕고등학교,7010158,2024-12-19,목,석식,728.0,녹차케이크,"1,2,5,6"
명덕고등학교,7010158,2024-12-20,금,조식,502.0,쌀밥,
명덕고등학교,7010158,2024-12-20,금,조식,502.0,빵(조식),"1,2,4,5,6,8,9,10,12,13,14,15,16,18"
명덕고등학교,7010158,2024-12-20,금,조식,502.0,계란국,"1,5,6"
명덕고등학교,7010158,2024-12-20,금,조식,502.0,연근조림,"5,6,13"
명덕고등학교,7010158,2024-12-20,금,조식,502.0,치킨너겟,"1,2,5,6,12,13,15,16,18"
명덕고등학교,7010158,2024-12-20,금,조식,502.0,매실된장고등어살구이,7
명덕고등학교,7010158,2024-12-20,금,조식,502.0,맛김치,9
명덕고등학교,7010158,2024-12-20,금,조식,502.0,시리얼(스페셜K외),"1,2,4,5,6,10,14,16,18"
명덕고등학교,7010158,2024-12-20,금,조식,502.0,우유&주스,"2,5,6,11,13"
명덕고등학교,7010158,2024-12-20,금,조식,502.0,팥죽,13
명덕고등학교,7010158,2024-12-20,금,조식,502.0,방울토마토,12
명덕고등학교,7010158,2024-12-20,금,중식,2465.0,잡곡밥,5
명덕고등학교,7010158,2024-12-20,금,중식,2465.0,양송이스프(크루통),"1,2,5,6,13,16"
명덕고등학교,7010158,2024-12-20,금,중식,2465.0,오이무침,"5,6,9,13"
명덕고등학교,7010158,2024-12-20,금,중식,2465.0,돈마호크,"2,5,6,10,12,16"
명덕고등학교,7010158,2024-12-20,금,중식,2465.0,배추김치,9
명덕고등학교,7010158,2024-12-20,금,중식,2465.0,황금향,
명덕고등학교,7010158,2024-12-20,금,중식,2465.0,마카로니콘샐러드,"1,5,6,8,13"
명덕고등학교,7010158,2024-12-20,금,석식,191.0,잡곡밥,5
명덕고등학교,7010158,2024-12-20,금,석식,191.0,고추장찌개,"5,6,9,10"
명덕고등학교,7010158,2024-12-20,금,석식,191.0,삼색겨자냉채,"1,5,6,8,12,13"
명덕고등학교,7010158,2024-12-20,금,석식,191.0,달걀만두,"1,5,12"
명덕고등학교,7010158,2024-12-20,금,석식,191.0,불족발,"5,10"
명덕고등학교,7010158,2024-12-20,금,석식,191.0,백김치,9
명덕고등학교,7010158,2024-12-21,토,조식,35.0,쌀밥,
명덕고등학교,7010158,2024-12-21,토,조식,35.0,가쓰오장국,"1,2,5,6,7,9,13,16,18"
명덕고등학교,7010158,2024-12-21,토,조식,35.0,스크램블에그,"1,2,12"
명덕고등학교,7010158,2024-12-21,토,조식,35.0,고기완자전(조식),"1,5,6,10,16"
명덕고등학교,7010158,2024-12-21,토,조식,35.0,구운계란,1
명덕고등학교,7010158,2024-12-21,토,조식,35.0,맛김치,9
명덕고등학교,7010158,2024-12-21,토,조식,35.0,커리소스,"2,5,6,12,13,15,16"
명덕고등학교,7010158,2024-12-21,토,조식,35.0,시리얼(스페셜K외),"1,2,4,5,6,10,14,16,18"
명덕고등학교,7010158,2024-12-21,토,조식,35.0,우유&주스,"2,5,6,11,13"
명덕고등학교,7010158,2024-12-21,토,조식,35.0,매실간장마늘쫑,"5,6"
명덕고등학교,7010158,2024-12-21,토,조식,35.0,바나나,
명덕고등학교,7010158,2024-12-23,월,조식,502.0,쌀밥,
명덕고등학교,7010158,2024-12-23,월,조식,502.0,야채죽,"1,5,6"
명덕고등학교,7010158,2024-12-23,월,조식,502.0,쑥갓어묵국,"5,6"
명덕고등학교,7010158,2024-12-23,월,조식,502.0,한우대패불고기,"5,6,16,18"
명덕고등학교,7010158,2024-12-23,월,조식,502.0,해쉬브라운*케찹,"5,6,12"
명덕고등학교,7010158,2024-12-23,월,조식,502.0,구운계란,1
명덕고등학교,7010158,2024-12-23,월,조식,502.0,맛김치,9
명덕고등학교,7010158,2024-12-23,월,조식,502.0,시리얼(스페셜K외),"1,2,4,5,6,10,14,16,18"
명덕고등학교,7010158,2024-12-23,월,조식,502.0,우유&주스,"2,5,6,11,13"
명덕고등학교,7010158,2024-12-23,월,조식,502.0,사과,
명덕고등학교,7010158,2024-12-23,월,조식,502.0,그래놀라샐러드(조식),"2,5,6,12"
명덕고등학교,7010158,2024-12-23,월,중식,2455.0,잡곡밥,5
명덕고등학교,7010158,2024-12-23,월,중식,2455.0,호두브라우니,"1,2,5,6,14"
명덕고등학교,7010158,2024-12-23,월,중식,2455.0,차돌된장찌개,"5,6,16"
명덕고등학교,7010158,2024-12-23,월,중식,2455.0,메추리알장조림,"1,5,6,13"
명덕고등학교,7010158,2024-12-23,월,중식,2455.0,마늘보쌈,"5,6,9,10"
명덕고등학교,7010158,2024-12-23,월,중식,2455.0,무말랭이무침,
명덕고등학교,7010158,2024-12-23,월,중식,2455.0,배추겉절이,9
명덕고등학교,7010158,2024-12-23,월,석식,686.0,잡곡밥,5
명덕고등학교,7010158,2024-12-23,월,석식,686.0,김치국,"5,6,9"
명덕고등학교,7010158,2024-12-23,월,석식,686.0,두부조림,"5,6,13,16"
명덕고등학교,7010158,2024-12-23,월,석식,686.0,치킨까스*콘듀소스,"1,2,5,6,13,15"
명덕고등학교,7010158,2024-12-23,월,석식,686.0,깍두기,9
명덕고등학교,7010158,2024-12-23,월,석식,686.0,밤티라미수,"1,2,5,6"
명덕고등학교,7010158,2024-12-23,월,석식,686.0,코코넛칩망고샐러드,"1,2,5,6,12"
명덕고등학교,7010158,2024-12-24,화,조식,502.0,쌀밥,
명덕고등학교,7010158,2024-12-24,화,조식,502.0,시금치된장국,"5,6"
명덕고등학교,7010158,2024-12-24,화,조식,502.0,닭살카레볶음,"2,5,6,12,15,18"
명덕고등학교,7010158,2024-12-24,화,조식,502.0,육전,"1,5,6,16"
명덕고등학교,7010158,2024-12-24,화,조식,502.0,깻잎지,"5,6"
명덕고등학교,7010158,2024-12-24,화,조식,502.0,맛김치,9
명덕고등학교,7010158,2024-12-24,화,조식,502.0,시리얼(스페셜K외),"1,2,4,5,6,10,14,16,18"
명덕고등학교,7010158,2024-12-24,화,조식,502.0,우유&주스,"2,5,6,11,13"
명덕고등학교,7010158,2024-12-24,화,조식,502.0,귤,
명덕고등학교,7010158,2024-12-24,화,중식,2455.0,잡곡밥,5
명덕고등학교,7010158,2024-12-24,화,중식,2455.0,케이크,"1,2,5,6"
명덕고등학교,7010158,2024-12-24,화,중식,2455.0,전복살미역국,"5,6,18"
명덕고등학교,7010158,2024-12-24,화,중식,2455.0,쪽갈비찜,"2,5,6,10,13,16"
명덕고등학교,7010158,2024-12-24,화,중식,2455.0,유채나물,"5,6"
명덕고등학교,7010158,2024-12-24,화,중식,2455.0,오믈렛(지단)*케찹,"1,2,5,10,12"
명덕고등학교,7010158,2024-12-24,화,중식,2455.0,배추김치,9
명덕고등학교,7010158,2024-12-24,화,중식,2455.0,오렌지주스,13
명덕고등학교,7010158,2024-12-26,목,조식,502.0,쌀밥,
명덕고등학교,7010158,2024-12-26,목,조식,502.0,나주곰탕,"5,6,16"
명덕고등학교,7010158,2024-12-26,목,조식,502.0,미니함박스테이크,"2,5,6,10,12,15,16,18"
명덕고등학교,7010158,2024-12-26,목,조식,502.0,더덕구이,"5,6,13"
명덕고등학교,7010158,2024-12-26,목,조식,502.0,맛김치,9
명덕고등학교,7010158,2024-12-26,목,조식,502.0,시리얼(스페셜K외),"1,2,4,5,6,10,14,16,18"
명덕고등학교,7010158,2024-12-26,목,조식,502.0,우유&주스,"2,5,6,11,13"
명덕고등학교,7010158,2024-12-26,목,조식,502.0,두부샐러드,"5,6"
명덕고등학교,7010158,2024-12-26,목,조식,502.0,견과믹스,"4,14,19"
명덕고등학교,7010158,2024-12-26,목,조식,502.0,딸기,
명덕고등학교,7010158,2024-12-26,목,중식,2455.0,꽁보리비빔밥,"5,6,9,13"
명덕고등학교,7010158,2024-12-26,목,중식,2455.0,명동칼국수,"2,5,6,10,13,15,16"
명덕고등학교,7010158,2024-12-26,목,중식,2455.0,스모크 닭다리구이,"5,15"
명덕고등학교,7010158,2024-12-26,목,중식,2455.0,배추김치,9
명덕고등학교,7010158,2024-12-26,목,중식,2455.0,크런치초콜릿,"2,5,6"
명덕고등학교,7010158,2024-12-26,목,중식,2455.0,파래김자반,5
명덕고등학교,7010158,2024-12-26,목,석식,728.0,쌀밥,
명덕고등학교,7010158,2024-12-26,목,석식,728.0,계란국,"1,5,6,8"
명덕고등학교,7010158,2024-12-26,목,석식,728.0,토마토닭가슴살냉채,"5,6,12,13,15"
명덕고등학교,7010158,2024-12-26,목,석식,728.0,단무지,
명덕고등학교,7010158,2024-12-26,목,석식,728.0,마파두부,"5,6,9,10,12,13,16,17,18"
명덕고등학교,7010158,2024-12-26,목,석식,728.0,꿔바로우,"2,5,6,10,12,13,16,18"
명덕고등학교,7010158,2024-12-26,목,석식,728.0,황금향,
명덕고등학교,7010158,2024-12-27,금,조식,502.0,쌀밥,
명덕고등학교,7010158,2024-12-27,금,조식,502.0,빵(조식),"1,2,4,5,6,8,9,10,12,13,14,15,16,18"
명덕고등학교,7010158,2024-12-27,금,조식,502.0,매운콩나물국,"5,6"
명덕고등학교,7010158,2024-12-27,금,조식,502.0,도토리묵*양념장,"5,6,13"
명덕고등학교,7010158,2024-12-27,금,조식,502.0,언양식불고기,"5,6,16"
명덕고등학교,7010158,2024-12-27,금,조식,502.0,맛김치,9
명덕고등학교,7010158,2024-12-27,금,조식,502.0,우유&주스,"2,5,6,11,13"
명덕고등학교,7010158,2024-12-27,금,조식,502.0,시리얼(스페셜K외),"1,2,4,5,6,10,14,16,18"
명덕고등학교,7010158,2024-12-27,금,조식,502.0,훈제연어샐러드,"1,2,5,6,13"
명덕고등학교,7010158,2024-12-27,금,조식,502.0,방울토마토,12
명덕고등학교,7010158,2024-12-27,금,중식,1920.0,잡곡밥,5
명덕고등학교,7010158,2024-12-27,금,중식,1920.0,배추된장국,"5,6"
명덕고등학교,7010158,2024-12-27,금,중식,1920.0,문어초무침,"5,6,13"
명덕고등학교,7010158,2024-12-27,금,중식,1920.0,우대갈비구이,"5,13,16"
명덕고등학교,7010158,2024-12-27,금,중식,1920.0,깍두기,9
명덕고등학교,7010158,2024-12-27,금,중식,1920.0,코르네 파이,"1,2,5,6"
명덕고등학교,7010158,2024-12-27,금,중식,1920.0,토마토카프리제,"2,12,13"
명덕고등학교,7010158,2024-12-27,금,석식,82.0,잡곡밥,5
명덕고등학교,7010158,2024-12-27,금,석식,82.0,낙지수제비탕,"2,5,6,16"
명덕고등학교,7010158,2024-12-27,금,석식,82.0,시금치프리타타,"1,2,5,10,12"
명덕고등학교,7010158,2024-12-27,금,석식,82.0,제육볶음,"5,6,10,13,16,18"
명덕고등학교,7010158,2024-12-27,금,석식,82.0,깍두기,9
명덕고등학교,7010158,2024-12-27,금,석식,82.0,마늘쫑짱아찌,"5,6"
명덕고등학교,7010158,2024-12-28,토,조식,37.0,쌀밥,
명덕고등학교,7010158,2024-12-28,토,조식,37.0,연두부탕,"5,6"
명덕고등학교,7010158,2024-12-28,토,조식,37.0,삼치구이,"5,6"
명덕고등학교,7010158,2024-12-28,토,조식,37.0,데리야끼치킨볼,"5,6,13,15"
명덕고등학교,7010158,2024-12-28,토,조식,37.0,맛김치,9
명덕고등학교,7010158,2024-12-28,토,조식,37.0,우유&주스,"2,5,6,11,13"
명덕고등학교,7010158,2024-12-28,토,조식,37.0,시리얼(스페셜K외),"1,2,4,5,6,10,14,16,18"
명덕고등학교,7010158,2024-12-28,토,조식,37.0,그린샐러드*오리엔탈드레싱,"5,6,12"
명덕고등학교,7010158,2024-12-28,토,조식,37.0,배,
명덕고등학교,7010158,2024-12-30,월,조식,502.0,쌀밥,
명덕고등학교,7010158,2024-12-30,월,조식,502.0,빵(조식),"1,2,4,5,6,8,9,10,12,13,14,15,16,18"
명덕고등학교,7010158,2024-12-30,월,조식,502.0,아욱된장국,"5,6,18"
명덕고등학교,7010158,2024-12-30,월,조식,502.0,멸치고추장조림(가이리),"5,6,13"
명덕고등학교,7010158,2024-12-30,월,조식,502.0,훈제오리감자볶음,"2,5,6,10,13,16"
명덕고등학교,7010158,2024-12-30,월,조식,502.0,깍두기,9
명덕고등학교,7010158,2024-12-30,월,조식,502.0,우유&주스,"2,5,6,11,13"
명덕고등학교,7010158,2024-12-30,월,조식,502.0,시리얼(스페셜K외),"1,2,4,5,6,10,14,16,18"
명덕고등학교,7010158,2024-12-30,월,조식,502.0,사과,
명덕고등학교,7010158,2024-12-30,월,조식,502.0,키위샐러드,"2,5,6,12"
명덕고등학교,7010158,2024-12-30,월,중식,2455.0,볼로네제파스타,"2,5,6,12,13,15,16,18"
명덕고등학교,7010158,2024-12-30,월,중식,2455.0,감바스*바게트,"2,6,9,12,13"
명덕고등학교,7010158,2024-12-30,월,중식,2455.0,오이피클,
명덕고등학교,7010158,2024-12-30,월,중식,2455.0,바나나우유,2
명덕고등학교,7010158,2024-12-30,월,중식,2455.0,텐더샐러드*허니머스터드,"1,2,5,6,15,16"
명덕고등학교,7010158,2024-12-30,월,석식,544.0,큐브스테이크덮밥,"5,6,12,13,16"
명덕고등학교,7010158,2024-12-30,월,석식,544.0,일식장국,"5,6"
명덕고등학교,7010158,2024-12-30,월,석식,544.0,깍두기,9
명덕고등학교,7010158,2024-12-30,월,석식,544.0,페퍼로니피자,"2,5,6"
명덕고등학교,7010158,2024-12-30,월,석식,544.0,딸기,
명덕고등학교,7010158,2024-12-30,월,석식,544.0,자몽파스타샐러드,"2,6,12,13"
명덕고등학교,7010158,2024-12-31,화,조식,502.0,쌀밥,
명덕고등학교,7010158,2024-12-31,화,조식,502.0,빵(조식),"1,2,4,5,6,8,9,10,12,13,14,15,16,18"
명덕고등학교,7010158,2024-12-31,화,조식,502.0,쇠고기우거지탕,"5,6,13,16"
명덕고등학교,7010158,2024-12-31,화,조식,502.0,오이무침,"5,6,9,13"
명덕고등학교,7010158,2024-12-31,화,조식,502.0,닭갈비구이,"2,5,6,13,15,16,18"
명덕고등학교,7010158,2024-12-31,화,조식,502.0,맛김치,9
명덕고등학교,7010158,2024-12-31,화,조식,502.0,우유&주스,"2,5,6,11,13"
명덕고등학교,7010158,2024-12-31,화,조식,502.0,시리얼(스페셜K외),"1,2,4,5,6,10,14,16,18"
명덕고등학교,7010158,2024-12-31,화,조식,502.0,황금향,
명덕고등학교,7010158,2024-12-31,화,조식,502.0,소고기야채무쌈말이,"1,5,6,8,9,13,16,18"
명덕고등학교,7010158,2024-12-31,화,중식,1967.0,잡곡밥,5
명덕고등학교,7010158,2024-12-31,화,중식,1967.0,참치김치찌개,"5,9,13"
명덕고등학교,7010158,2024-12-31,화,중식,1967.0,양송이크림소스볶음,"1,2,5,6,10,13,15"
명덕고등학교,7010158,2024-12-31,화,중식,1967.0,치즈돈까스*돈까스소스,"2,5,6,10,12,17,18"
명덕고등학교,7010158,2024-12-31,화,중식,1967.0,깍두기,9
명덕고등학교,7010158,2024-12-31,화,중식,1967.0,아이스크림,"1,2,5,6"
명덕고등학교,7010158,2024-12-31,화,중식,1967.0,오렌지샐러드,"1,2,5,6,12"
명덕고등학교,7010158,2025-01-02,목,조식,356.0,장조림비빔밥,"1,2,5,6,10,13,16"
명덕고등학교,7010158,2025-01-02,목,조식,356.0,빵(조식),"1,2,4,5,6,8,9,10,12,13,14,15,16,18"
명덕고등학교,7010158,2025-01-02,목,조식,356.0,건새우무국,"5,6,9"
명덕고등학교,7010158,2025-01-02,목,조식,356.0,매콤어묵볶음,"5,6,9,13,16,17,18"
명덕고등학교,7010158,2025-01-02,목,조식,356.0,멘츠까스,"1,5,6,10"
명덕고등학교,7010158,2025-01-02,목,조식,356.0,맛김치,9
명덕고등학교,7010158,2025-01-02,목,조식,356.0,우유&주스,"2,5,6,11,13"
명덕고등학교,7010158,2025-01-02,목,조식,356.0,시리얼(스페셜K외),"1,2,4,5,6,10,14,16,18"
명덕고등학교,7010158,2025-01-02,목,조식,356.0,그래놀라샐러드(조식),"2,5,6,12"
명덕고등학교,7010158,2025-01-02,목,조식,356.0,천혜향,
명덕고등학교,7010158,2025-01-02,목,중식,1473.0,잡곡밥,5
명덕고등학교,7010158,2025-01-02,목,중식,1473.0,케이크,"1,2,5,6"
명덕고등학교,7010158,2025-01-02,목,중식,1473.0,떡국,"1,2,5,6,16"
명덕고등학교,7010158,2025-01-02,목,중식,1473.0,가지그라탕,"2,5,6,12,13,15,16,18"
명덕고등학교,7010158,2025-01-02,목,중식,1473.0,콩나물무침,5
명덕고등학교,7010158,2025-01-02,목,중식,1473.0,낙지볶음,"2,5,6,12,13,16,18"
명덕고등학교,7010158,2025-01-02,목,중식,1473.0,배추김치,9
명덕고등학교,7010158,2025-01-02,목,석식,431.0,규동,"1,2,5,6,7,13,16,18"
명덕고등학교,7010158,2025-01-02,목,석식,431.0,전복미역국,"5,6,18"
명덕고등학교,7010158,2025-01-02,목,석식,431.0,닭가슴살후라이드*치폴레소스,"5,15"
명덕고등학교,7010158,2025-01-02,목,석식,431.0,깍두기,9
명덕고등학교,7010158,2025-01-02,목,석식,431.0,일식샐러드*흑임자드레싱,"1,5,6,12"
명덕고등학교,7010158,2025-01-02,목,석식,431.0,구슬아이스크림,"1,2,5"
명덕고등학교,7010158,2025-01-03,금,조식,356.0,쌀밥,
명덕고등학교,7010158,2025-01-03,금,조식,356.0,육개장,"1,5,16"
명덕고등학교,7010158,2025-01-03,금,조식,356.0,동그랑땡전,"5,6,10,12,16"
명덕고등학교,7010158,2025-01-03,금,조식,356.0,구운계란,1
명덕고등학교,7010158,2025-01-03,금,조식,356.0,굴비구이,"5,6"
명덕고등학교,7010158,2025-01-03,금,조식,356.0,맛김치,9
명덕고등학교,7010158,2025-01-03,금,조식,356.0,우유&주스,"2,5,6,11,12,13"
명덕고등학교,7010158,2025-01-03,금,조식,356.0,시리얼(스페셜K외),"1,2,4,5,6,10,14,16,18"
명덕고등학교,7010158,2025-01-03,금,조식,356.0,야채스틱*쌈장,"5,6"
명덕고등학교,7010158,2025-01-03,금,조식,356.0,딸기,
명덕고등학교,7010158,2025-01-03,금,중식,606.0,쌀밥,
명덕고등학교,7010158,2025-01-03,금,중식,606.0,차슈가라이라멘,"1,2,5,6,7,10,12,13,15,16"
명덕고등학교,7010158,2025-01-03,금,중식,606.0,함박스테이크*데미소스,"1,2,5,6,10,16"
명덕고등학교,7010158,2025-01-03,금,중식,606.0,새우치즈구이,"2,9"
명덕고등학교,7010158,2025-01-03,금,중식,606.0,깍두기,9
명덕고등학교,7010158,2025-01-03,금,중식,606.0,윌요구르트,2
명덕고등학교,7010158,2025-01-03,금,중식,606.0,시저샐러드,"1,2,5,6,10,12"
명덕고등학교,7010158,2025-01-03,금,석식,95.0,잡곡밥,5
명덕고등학교,7010158,2025-01-03,금,석식,95.0,배추된장국,"5,6"
명덕고등학교,7010158,2025-01-03,금,석식,95.0,미역줄기볶음,"1,5,6,8"
명덕고등학교,7010158,2025-01-03,금,석식,95.0,순대볶음,"2,5,6,8,10,13,16"
명덕고등학교,7010158,2025-01-03,금,석식,95.0,계란말이,"1,5,12"
명덕고등학교,7010158,2025-01-03,금,석식,95.0,깍두기,9
명덕고등학교,7010158,2025-01-06,월,조식,303.0,쌀밥,
명덕고등학교,7010158,2025-01-06,월,조식,303.0,빵(조식),"1,2,4,5,6,8,9,10,12,13,14,15,16,18"
명덕고등학교,7010158,2025-01-06,월,조식,303.0,북어국,"1,5,6"
명덕고등학교,7010158,2025-01-06,월,조식,303.0,도토리묵*양념장,"5,6,13"
명덕고등학교,7010158,2025-01-06,월,조식,303.0,봄동겉절이,"5,6,9,13"
명덕고등학교,7010158,2025-01-06,월,조식,303.0,열탄불고기,"5,6,10"
명덕고등학교,7010158,2025-01-06,월,조식,303.0,깍두기,9
명덕고등학교,7010158,2025-01-06,월,조식,303.0,우유&주스,"2,5,6,11,13"
명덕고등학교,7010158,2025-01-06,월,조식,303.0,시리얼(스페셜K외),"1,2,4,5,6,10,14,16,18"
명덕고등학교,7010158,2025-01-06,월,조식,303.0,사과,
명덕고등학교,7010158,2025-01-06,월,중식,659.0,잡곡밥,5
명덕고등학교,7010158,2025-01-06,월,중식,659.0,소고기국밥,"5,6,16"
명덕고등학교,7010158,2025-01-06,월,중식,659.0,전복장조림,"5,6,13,18"
명덕고등학교,7010158,2025-01-06,월,중식,659.0,시금치나물,
명덕고등학교,7010158,2025-01-06,월,중식,659.0,닭갈비구이,"2,5,6,12,13,15,16,18"
명덕고등학교,7010158,2025-01-06,월,중식,659.0,깍두기,9
명덕고등학교,7010158,2025-01-06,월,중식,659.0,반건시,
명덕고등학교,7010158,2025-01-06,월,석식,490.0,잡곡밥,5
명덕고등학교,7010158,2025-01-06,월,석식,490.0,버섯들깨탕,"5,6"
명덕고등학교,7010158,2025-01-06,월,석식,490.0,오이무침,"5,6,9,13"
명덕고등학교,7010158,2025-01-06,월,석식,490.0,고추장삼겹살,"5,6,10,13,16,18"
명덕고등학교,7010158,2025-01-06,월,석식,490.0,달걀만두,"1,5,12"
명덕고등학교,7010158,2025-01-06,월,석식,490.0,배추김치,9
명덕고등학교,7010158,2025-01-06,월,석식,490.0,딸기,
명덕고등학교,7010158,2025-01-07,화,조식,302.0,쌀밥,
명덕고등학교,7010158,2025-01-07,화,조식,302.0,빵(조식),"1,2,4,5,6,8,9,10,12,13,14,15,16,18"
명덕고등학교,7010158,2025-01-07,화,조식,302.0,연두부탕,"5,6"
명덕고등학교,7010158,2025-01-07,화,조식,302.0,멸치고추장조림(가이리),"5,6,13"
명덕고등학교,7010158,2025-01-07,화,조식,302.0,치킨스테이크(갈릭소스),15
명덕고등학교,7010158,2025-01-07,화,조식,302.0,맛김치,9
명덕고등학교,7010158,2025-01-07,화,조식,302.0,우유&주스,"2,5,6,11,13"
명덕고등학교,7010158,2025-01-07,화,조식,302.0,시리얼(스페셜K외),"1,2,4,5,6,10,14,16,18"
명덕고등학교,7010158,2025-01-07,화,조식,302.0,그래놀라샐러드(조식),"2,5,6,12"
명덕고등학교,7010158,2025-01-07,화,조식,302.0,천혜향,
명덕고등학교,7010158,2025-01-07,화,중식,651.0,잡곡밥,5
명덕고등학교,7010158,2025-01-07,화,중식,651.0,물쫄면,"1,5,6"
명덕고등학교,7010158,2025-01-07,화,중식,651.0,매운찜등갈비,"2,5,6,10,12,16"
명덕고등학교,7010158,2025-01-07,화,중식,651.0,고구마베이컨오븐구이,"1,5,10"
명덕고등학교,7010158,2025-01-07,화,중식,651.0,깍두기,9
명덕고등학교,7010158,2025-01-07,화,중식,651.0,저당생우유모나카,"1,2,5,6"
명덕고등학교,7010158,2025-01-07,화,석식,414.0,오므라이스*데미소스,"1,2,5,6,10,12,13,15,16"
명덕고등학교,7010158,2025-01-07,화,석식,414.0,유부장국,"5,6"
명덕고등학교,7010158,2025-01-07,화,석식,414.0,치즈볼,"1,2,5,6"
명덕고등학교,7010158,2025-01-07,화,석식,414.0,마늘크러스트닭강정,"2,5,6,12,13,15"
명덕고등학교,7010158,2025-01-07,화,석식,414.0,깍두기,9
명덕고등학교,7010158,2025-01-07,화,석식,414.0,오프룻,2
명덕고등학교,7010158,2025-01-07,화,석식,414.0,파스타샐러드,"6,12"
명덕고등학교,7010158,2025-01-08,수,조식,304.0,쌀밥,
명덕고등학교,7010158,2025-01-08,수,조식,304.0,오징어무국,"5,6,17"
명덕고등학교,7010158,2025-01-08,수,조식,304.0,콩자반,"5,6,13"
명덕고등학교,7010158,2025-01-08,수,조식,304.0,훈제오리*야채무침(참깨소스),"1,2,5,6,16"
명덕고등학교,7010158,2025-01-08,수,조식,304.0,해쉬브라운*케찹,"5,6,12"
명덕고등학교,7010158,2025-01-08,수,조식,304.0,맛김치,9
명덕고등학교,7010158,2025-01-08,수,조식,304.0,우유&주스,"2,5,6,11,12,13"
명덕고등학교,7010158,2025-01-08,수,조식,304.0,시리얼(스페셜K외),"1,2,4,5,6,10,14,16,18"
명덕고등학교,7010158,2025-01-08,수,조식,304.0,고구마말랭이,
명덕고등학교,7010158,2025-01-08,수,조식,304.0,배,
명덕고등학교,7010158,2025-01-08,수,중식,649.0,쌀밥,
명덕고등학교,7010158,2025-01-08,수,중식,649.0,쑥갓어묵국,"5,6"
명덕고등학교,7010158,2025-01-08,수,중식,649.0,돈까스*소스,"5,6,10,12,13,16"
명덕고등학교,7010158,2025-01-08,수,중식,649.0,깍두기,9
명덕고등학교,7010158,2025-01-08,수,중식,649.0,마크니커리*난,"1,2,5,6,12,15,16,18"
명덕고등학교,7010158,2025-01-08,수,중식,649.0,딸기,
명덕고등학교,7010158,2025-01-08,수,중식,649.0,오렌지샐러드,"1,2,5,6,12"
명덕고등학교,7010158,2025-01-08,수,석식,215.0,잡곡밥,5
명덕고등학교,7010158,2025-01-08,수,석식,215.0,부대찌개,"1,2,5,6,9,10,12,15,16"
명덕고등학교,7010158,2025-01-08,수,석식,215.0,메추리알장조림,"1,5,6,13"
명덕고등학교,7010158,2025-01-08,수,석식,215.0,메로구이*타래소스,
명덕고등학교,7010158,2025-01-08,수,석식,215.0,깍두기,9
명덕고등학교,7010158,2025-01-08,수,석식,215.0,파래김자반,5
명덕고등학교,7010158,2025-01-08,수,석식,215.0,귤,
명덕고등학교,7010158,2025-01-09,목,조식,308.0,소고기표고밥*양념장,16
명덕고등학교,7010158,2025-01-09,목,조식,308.0,빵(조식),"1,2,4,5,6,8,9,10,12,13,14,15,16,18"
명덕고등학교,7010158,2025-01-09,목,조식,308.0,계란국,"1,5,6"
명덕고등학교,7010158,2025-01-09,목,조식,308.0,진미채볶음,"5,6,13,17"
명덕고등학교,7010158,2025-01-09,목,조식,308.0,한우함박스테이크,"2,5,6,16"
명덕고등학교,7010158,2025-01-09,목,조식,308.0,맛김치,9
명덕고등학교,7010158,2025-01-09,목,조식,308.0,우유&주스,"2,5,6,11,13"
명덕고등학교,7010158,2025-01-09,목,조식,308.0,시리얼(스페셜K외),"1,2,4,5,6,10,14,16,18"
명덕고등학교,7010158,2025-01-09,목,조식,308.0,딸기,
명덕고등학교,7010158,2025-01-09,목,조식,308.0,믹스넛츠샐러드,"5,6,12,14"
명덕고등학교,7010158,2025-01-09,목,중식,655.0,잡곡밥,5
명덕고등학교,7010158,2025-01-09,목,중식,655.0,단팥빵,"1,2,5,6"
명덕고등학교,7010158,2025-01-09,목,중식,655.0,순두부찌개,"1,5,6,10,16,18"
명덕고등학교,7010158,2025-01-09,목,중식,655.0,파채불고기,"5,6,13,16"
명덕고등학교,7010158,2025-01-09,목,중식,655.0,새우튀김,"1,5,6,9"
명덕고등학교,7010158,2025-01-09,목,중식,655.0,배추김치,9
명덕고등학교,7010158,2025-01-09,목,중식,655.0,사과호두샐러드,"2,14"
명덕고등학교,7010158,2025-01-09,목,석식,415.0,잡곡밥,5
명덕고등학교,7010158,2025-01-09,목,석식,415.0,우육탕면,16
명덕고등학교,7010158,2025-01-09,목,석식,415.0,스모크닭다리,"5,15"
명덕고등학교,7010158,2025-01-09,목,석식,415.0,배추김치,9
명덕고등학교,7010158,2025-01-09,목,석식,415.0,천혜향,
명덕고등학교,7010158,2025-01-09,목,석식,415.0,새우롤짜조샐러드,"1,5,6,9,12,13"
명덕고등학교,7010158,2025-01-10,금,조식,309.0,쌀밥,
명덕고등학교,7010158,2025-01-10,금,조식,309.0,나주곰탕,"5,6,16"
명덕고등학교,7010158,2025-01-10,금,조식,309.0,매콤콩나물무침,5
명덕고등학교,7010158,2025-01-10,금,조식,309.0,미니돈까스,"5,6,10,12,16,17,18"
명덕고등학교,7010158,2025-01-10,금,조식,309.0,장어구이,"5,6,16,18"
명덕고등학교,7010158,2025-01-10,금,조식,309.0,맛김치,9
명덕고등학교,7010158,2025-01-10,금,조식,309.0,우유&주스,"2,5,6,11,13"
명덕고등학교,7010158,2025-01-10,금,조식,309.0,시리얼(스페셜K외),"1,2,4,5,6,10,14,16,18"
명덕고등학교,7010158,2025-01-10,금,조식,309.0,견과믹스,"4,14,19"
명덕고등학교,7010158,2025-01-10,금,조식,309.0,천혜향,
명덕고등학교,7010158,2025-01-10,금,중식,661.0,잡곡밥,5
명덕고등학교,7010158,2025-01-10,금,중식,661.0,짬뽕,"2,5,6,9,10,13,15,16,17,18"
명덕고등학교,7010158,2025-01-10,금,중식,661.0,양갈비구이,12
명덕고등학교,7010158,2025-01-10,금,중식,661.0,백김치,9
명덕고등학교,7010158,2025-01-10,금,중식,661.0,요거젤리,"2,11"
명덕고등학교,7010158,2025-01-10,금,중식,661.0,두부샐러드,"1,5,6"
명덕고등학교,7010158,2025-01-10,금,석식,139.0,잡곡밥,5
명덕고등학교,7010158,2025-01-10,금,석식,139.0,근대된장국,"5,6"
명덕고등학교,7010158,2025-01-10,금,석식,139.0,삼색나물(숙주),
명덕고등학교,7010158,2025-01-10,금,석식,139.0,쭈꾸미볶음,"2,5,6,10,12,13,16,18"
명덕고등학교,7010158,2025-01-10,금,석식,139.0,맥앤치즈,"1,2,5,6,10,12,15,16"
명덕고등학교,7010158,2025-01-10,금,석식,139.0,배추김치,9
명덕고등학교,7010158,2025-01-13,월,조식,310.0,쌀밥,
명덕고등학교,7010158,2025-01-13,월,조식,310.0,빵(조식),"1,2,4,5,6,8,9,10,12,13,14,15,16,18"
명덕고등학교,7010158,2025-01-13,월,조식,310.0,쇠고기무국,"5,6,16"
명덕고등학교,7010158,2025-01-13,월,조식,310.0,연근조림,"5,6,13"
명덕고등학교,7010158,2025-01-13,월,조식,310.0,닭갈비구이,"2,5,6,15,16"
명덕고등학교,7010158,2025-01-13,월,조식,310.0,맛김치,9
명덕고등학교,7010158,2025-01-13,월,조식,310.0,우유&주스,"2,5,6,11,13"
명덕고등학교,7010158,2025-01-13,월,조식,310.0,시리얼(스페셜K외),"1,2,4,5,6,10,14,16,18"
명덕고등학교,7010158,2025-01-13,월,조식,310.0,그래놀라샐러드(조식),"2,5,6,12"
명덕고등학교,7010158,2025-01-13,월,조식,310.0,사과,
명덕고등학교,7010158,2025-01-13,월,중식,666.0,잡곡밥,5
명덕고등학교,7010158,2025-01-13,월,중식,666.0,아욱된장국,"5,6"
명덕고등학교,7010158,2025-01-13,월,중식,666.0,계란찜,1
명덕고등학교,7010158,2025-01-13,월,중식,666.0,콩나물파채무침,"5,6,13"
명덕고등학교,7010158,2025-01-13,월,중식,666.0,훈제삼겹구이,"6,10"
명덕고등학교,7010158,2025-01-13,월,중식,666.0,볶음김치,9
명덕고등학교,7010158,2025-01-13,월,중식,666.0,아이스크림,"1,2"
명덕고등학교,7010158,2025-01-13,월,중식,666.0,상추쌈,
명덕고등학교,7010158,2025-01-13,월,석식,418.0,참치주먹밥,"1,5,6,13"
명덕고등학교,7010158,2025-01-13,월,석식,418.0,우동국,"1,2,5,6,7,9,13,16,18"
명덕고등학교,7010158,2025-01-13,월,석식,418.0,단무지,
명덕고등학교,7010158,2025-01-13,월,석식,418.0,떡볶이(석식),"1,2,5,6,12,13,16,18"
명덕고등학교,7010158,2025-01-13,월,석식,418.0,새우만두,"5,6,16"
명덕고등학교,7010158,2025-01-13,월,석식,418.0,바나나우유,2
명덕고등학교,7010158,2025-01-14,화,조식,311.0,쌀밥,
명덕고등학교,7010158,2025-01-14,화,조식,311.0,빵(조식),"1,2,4,5,6,8,9,10,12,13,14,15,16,18"
명덕고등학교,7010158,2025-01-14,화,조식,311.0,쇠고기미역국,"5,6,16"
명덕고등학교,7010158,2025-01-14,화,조식,311.0,두부조림,"5,6,13"
명덕고등학교,7010158,2025-01-14,화,조식,311.0,갈빗살양념구이,"5,6,13,16,18"
명덕고등학교,7010158,2025-01-14,화,조식,311.0,깻잎지,"5,6"
명덕고등학교,7010158,2025-01-14,화,조식,311.0,맛김치,9
명덕고등학교,7010158,2025-01-14,화,조식,311.0,우유&주스,"2,5,6,11,13"
명덕고등학교,7010158,2025-01-14,화,조식,311.0,시리얼(스페셜K외),"1,2,4,5,6,10,14,16,18"
명덕고등학교,7010158,2025-01-14,화,조식,311.0,천혜향,
명덕고등학교,7010158,2025-01-14,화,중식,660.0,잡곡밥,5
명덕고등학교,7010158,2025-01-14,화,중식,660.0,등뼈감자탕,"5,6,10"
명덕고등학교,7010158,2025-01-14,화,중식,660.0,청포묵김가루무침,
명덕고등학교,7010158,2025-01-14,화,중식,660.0,생선까스*그린채소,"1,5,6,16"
명덕고등학교,7010158,2025-01-14,화,중식,660.0,배추김치,9
명덕고등학교,7010158,2025-01-14,화,중식,660.0,딸기,
명덕고등학교,7010158,2025-01-14,화,석식,423.0,잡곡밥,5
명덕고등학교,7010158,2025-01-14,화,석식,423.0,꽃게탕,"5,6,8"
명덕고등학교,7010158,2025-01-14,화,석식,423.0,시금치나물,
명덕고등학교,7010158,2025-01-14,화,석식,423.0,콘버터구이,"1,2,5,6,8,13"
명덕고등학교,7010158,2025-01-14,화,석식,423.0,로제훈제오리,"1,2,5,6,15,16,18"
명덕고등학교,7010158,2025-01-14,화,석식,423.0,배추김치,9
명덕고등학교,7010158,2025-01-14,화,석식,423.0,아이스크림,"1,2,5"
명덕고등학교,7010158,2025-01-15,수,조식,402.0,콩나물밥*양념장,"5,6,13,16"
명덕고등학교,7010158,2025-01-15,수,조식,402.0,빵(조식),"1,2,4,5,6,8,9,10,12,13,14,15,16,18"
명덕고등학교,7010158,2025-01-15,수,조식,402.0,얼갈이된장국,"5,6"
명덕고등학교,7010158,2025-01-15,수,조식,402.0,갈치구이(국내산바질향 갈치토막),"5,6,13"
명덕고등학교,7010158,2025-01-15,수,조식,402.0,후라이드윙,"1,4,5,6,13,15,16"
명덕고등학교,7010158,2025-01-15,수,조식,402.0,깍두기,9
명덕고등학교,7010158,2025-01-15,수,조식,402.0,우유&주스,"2,5,6,11,12,13"
명덕고등학교,7010158,2025-01-15,수,조식,402.0,시리얼(스페셜K외),"1,2,4,5,6,10,14,16,18"
명덕고등학교,7010158,2025-01-15,수,조식,402.0,방울토마토,12
명덕고등학교,7010158,2025-01-15,수,조식,402.0,단호박카프리제,"2,13,14"
명덕고등학교,7010158,2025-01-15,수,중식,747.0,볼로네제파스타,"2,5,6,8,12,13,15,16,18"
명덕고등학교,7010158,2025-01-15,수,중식,747.0,바베큐폭립,"2,5,6,10,12,16,18"
명덕고등학교,7010158,2025-01-15,수,중식,747.0,딸기스무디,2
명덕고등학교,7010158,2025-01-15,수,중식,747.0,망고샐러드,"1,2,5,6,12"
명덕고등학교,7010158,2025-01-15,수,중식,747.0,오이피클,
명덕고등학교,7010158,2025-01-15,수,석식,243.0,잡곡밥,5
명덕고등학교,7010158,2025-01-15,수,석식,243.0,육개장,"1,5,16"
명덕고등학교,7010158,2025-01-15,수,석식,243.0,전복살초무침,"5,6,13,18"
명덕고등학교,7010158,2025-01-15,수,석식,243.0,멸치유자청조림,"13,14"
명덕고등학교,7010158,2025-01-15,수,석식,243.0,돼지갈비구이*쌈무,"1,2,5,6,10,15,16,18"
명덕고등학교,7010158,2025-01-15,수,석식,243.0,배추김치,9
명덕고등학교,7010158,2025-01-15,수,석식,243.0,애플망고,
명덕고등학교,7010158,2025-01-16,목,조식,400.0,쌀밥,
명덕고등학교,7010158,2025-01-16,목,조식,400.0,전복죽(조식),"1,5,6,18"
명덕고등학교,7010158,2025-01-16,목,조식,400.0,일식장국,"5,6"
명덕고등학교,7010158,2025-01-16,목,조식,400.0,쇠고기사태장조림(조식),"1,16"
명덕고등학교,7010158,2025-01-16,목,조식,400.0,오이지무침,13
명덕고등학교,7010158,2025-01-16,목,조식,400.0,소시지구이,"2,5,6,10,12,16"
명덕고등학교,7010158,2025-01-16,목,조식,400.0,맛김치,9
명덕고등학교,7010158,2025-01-16,목,조식,400.0,우유&주스,"2,5,6,11,13"
명덕고등학교,7010158,2025-01-16,목,조식,400.0,시리얼(스페셜K외),"1,2,4,5,6,10,14,16,18"
명덕고등학교,7010158,2025-01-16,목,조식,400.0,감동란,1
명덕고등학교,7010158,2025-01-16,목,조식,400.0,귤,
명덕고등학교,7010158,2025-01-16,목,중식,748.0,잡곡밥,5
명덕고등학교,7010158,2025-01-16,목,중식,748.0,새우완탕,"5,6,9,10,13,15,16,17,18"
명덕고등학교,7010158,2025-01-16,목,중식,748.0,봉추찜닭,"2,5,6,13,15,16"
명덕고등학교,7010158,2025-01-16,목,중식,748.0,오징어김치전,"1,5,6,9,17"
명덕고등학교,7010158,2025-01-16,목,중식,748.0,깍두기,9
명덕고등학교,7010158,2025-01-16,목,중식,748.0,크런치초콜릿,"2,5,6"
명덕고등학교,7010158,2025-01-16,목,석식,508.0,추가밥,
명덕고등학교,7010158,2025-01-16,목,석식,508.0,자장면,"2,5,6,10,13,15,16"
명덕고등학교,7010158,2025-01-16,목,석식,508.0,계란국,"1,5,6"
명덕고등학교,7010158,2025-01-16,목,석식,508.0,탕수육,"5,6,10,11,12,13,18"
명덕고등학교,7010158,2025-01-16,목,석식,508.0,깍두기,9
명덕고등학교,7010158,2025-01-16,목,석식,508.0,맛살콘샐러드(꽃맛살샐러드),"1,5,6,8,9,12,13,16,18"
명덕고등학교,7010158,2025-01-16,목,석식,508.0,천혜향,
명덕고등학교,7010158,2025-01-17,금,조식,400.0,쌀밥,
명덕고등학교,7010158,2025-01-17,금,조식,400.0,쑥갓어묵국,"5,6"
명덕고등학교,7010158,2025-01-17,금,조식,400.0,와규큐브찹스테이크,16
명덕고등학교,7010158,2025-01-17,금,조식,400.0,치즈생선까스,"1,2,5,6,12,13,16"
명덕고등학교,7010158,2025-01-17,금,조식,400.0,맛김치,9
명덕고등학교,7010158,2025-01-17,금,조식,400.0,우유&주스,"6,11,13,2,5"
명덕고등학교,7010158,2025-01-17,금,조식,400.0,시리얼(스페셜K외),"1,2,4,5,6,10,14,16,18"
명덕고등학교,7010158,2025-01-17,금,조식,400.0,토마토샐러드(믹스넛),"6,12,14"
명덕고등학교,7010158,2025-01-17,금,조식,400.0,맛밤,
명덕고등학교,7010158,2025-01-17,금,조식,400.0,딸기,
명덕고등학교,7010158,2025-01-17,금,중식,753.0,잡곡밥,5
명덕고등학교,7010158,2025-01-17,금,중식,753.0,양지설렁탕,"5,6,16"
명덕고등학교,7010158,2025-01-17,금,중식,753.0,코다리무조림,"5,6,13"
명덕고등학교,7010158,2025-01-17,금,중식,753.0,배추나물,13
명덕고등학교,7010158,2025-01-17,금,중식,753.0,고기완자전,"1,5,6,10,16"
명덕고등학교,7010158,2025-01-17,금,중식,753.0,깍두기,9
명덕고등학교,7010158,2025-01-17,금,중식,753.0,천혜향,12
명덕고등학교,7010158,2025-01-17,금,석식,138.0,잡곡밥,5
명덕고등학교,7010158,2025-01-17,금,석식,138.0,시금치된장국,"5,6"
명덕고등학교,7010158,2025-01-17,금,석식,138.0,풋고추쌈장무침,"5,6"
명덕고등학교,7010158,2025-01-17,금,석식,138.0,닭볶음탕,"5,6,13,15"
명덕고등학교,7010158,2025-01-17,금,석식,138.0,우엉잡채,"5,6,13"
명덕고등학교,7010158,2025-01-17,금,석식,138.0,배추김치,9
명덕고등학교,7010158,2025-01-20,월,조식,174.0,쌀밥,
명덕고등학교,7010158,2025-01-20,월,조식,174.0,빵(조식),"1,2,4,5,6,8,9,10,12,13,14,15,16,18"
명덕고등학교,7010158,2025-01-20,월,조식,174.0,참치김치찌개,"5,9,13"
명덕고등학교,7010158,2025-01-20,월,조식,174.0,계란장조림,"1,5,6,13"
명덕고등학교,7010158,2025-01-20,월,조식,174.0,허니간장불고기,10
명덕고등학교,7010158,2025-01-20,월,조식,174.0,깍두기,9
명덕고등학교,7010158,2025-01-20,월,조식,174.0,우유&주스,"2,5,6,11,12,13"
명덕고등학교,7010158,2025-01-20,월,조식,174.0,시리얼(스페셜K외),"1,2,4,5,6,10,14,16,18"
명덕고등학교,7010158,2025-01-20,월,조식,174.0,그래놀라샐러드(조식),"2,5,6,12"
명덕고등학교,7010158,2025-01-20,월,조식,174.0,사과,
명덕고등학교,7010158,2025-01-20,월,중식,528.0,쌀밥,
명덕고등학교,7010158,2025-01-20,월,중식,528.0,일식장국,"5,6"
명덕고등학교,7010158,2025-01-20,월,중식,528.0,카레소스,"1,2,5,6"
명덕고등학교,7010158,2025-01-20,월,중식,528.0,통닭반마리,"1,5,6,12,13,15"
명덕고등학교,7010158,2025-01-20,월,중식,528.0,깍두기,9
명덕고등학교,7010158,2025-01-20,월,중식,528.0,코르네파이,"1,2,5,6"
명덕고등학교,7010158,2025-01-20,월,중식,528.0,양배추샐러드,"1,5,6,12"
명덕고등학교,7010158,2025-01-20,월,석식,281.0,잡곡밥,5
명덕고등학교,7010158,2025-01-20,월,석식,281.0,쇠고기미역국,"5,6,16"
명덕고등학교,7010158,2025-01-20,월,석식,281.0,오이무침,"5,6,9,13"
명덕고등학교,7010158,2025-01-20,월,석식,281.0,보리새우미나리전,"5,6,9"
명덕고등학교,7010158,2025-01-20,월,석식,281.0,돈마호크,"12,16,2,5,6,10"
명덕고등학교,7010158,2025-01-20,월,석식,281.0,배추김치,9
명덕고등학교,7010158,2025-01-20,월,석식,281.0,귤,
명덕고등학교,7010158,2025-01-21,화,조식,174.0,쌀밥,
명덕고등학교,7010158,2025-01-21,화,조식,174.0,얼갈이된장국,"5,6"
명덕고등학교,7010158,2025-01-21,화,조식,174.0,순살찜닭,"2,5,6,13,15,16"
명덕고등학교,7010158,2025-01-21,화,조식,174.0,구운계란,1
명덕고등학교,7010158,2025-01-21,화,조식,174.0,전복갈릭버터구이,"1,2,5,6,16,18"
명덕고등학교,7010158,2025-01-21,화,조식,174.0,깍두기,9
명덕고등학교,7010158,2025-01-21,화,조식,174.0,우유&주스,"2,5,6,11,13"
명덕고등학교,7010158,2025-01-21,화,조식,174.0,시리얼(스페셜K외),"1,2,4,5,6,10,14,16,18"
명덕고등학교,7010158,2025-01-21,화,조식,174.0,사과호두샐러드,"2,14"
명덕고등학교,7010158,2025-01-21,화,조식,174.0,딸기,
명덕고등학교,7010158,2025-01-21,화,중식,501.0,꼬치어묵우동,"1,2,5,6,8,9,17"
명덕고등학교,7010158,2025-01-21,화,중식,501.0,밥버거,"9,10,13,15,16,1,2,5,6"
명덕고등학교,7010158,2025-01-21,화,중식,501.0,단무지무침,
명덕고등학교,7010158,2025-01-21,화,중식,501.0,떡볶이,"1,2,5,6,10,12,13,15,16"
명덕고등학교,7010158,2025-01-21,화,중식,501.0,오징어가라아게,"1,2,5,6,9,16,17"
명덕고등학교,7010158,2025-01-21,화,중식,501.0,쿨피스 에이드 자두,2
명덕고등학교,7010158,2025-01-21,화,석식,285.0,잡곡밥,5
명덕고등학교,7010158,2025-01-21,화,석식,285.0,맑은콩나물국,"5,6"
명덕고등학교,7010158,2025-01-21,화,석식,285.0,쫄면야채무침,"5,6,13"
명덕고등학교,7010158,2025-01-21,화,석식,285.0,치즈롤까스,"2,5,6,10,12,17,18"
명덕고등학교,7010158,2025-01-21,화,석식,285.0,깍두기,9
명덕고등학교,7010158,2025-01-21,화,석식,285.0,아이스크림,"1,2,5"
명덕고등학교,7010158,2025-01-21,화,석식,285.0,오렌지샐러드,"1,2,5,6,12"
명덕고등학교,7010158,2025-01-22,수,조식,174.0,누룽지,
명덕고등학교,7010158,2025-01-22,수,조식,174.0,잉글리쉬머핀샌드위치,"1,2,5,6,10,12,15,16"
명덕고등학교,7010158,2025-01-22,수,조식,174.0,크림스프,"2,5,6,13,16"
명덕고등학교,7010158,2025-01-22,수,조식,174.0,해쉬브라운*케찹,"5,6,12"
명덕고등학교,7010158,2025-01-22,수,조식,174.0,맛김치,9
명덕고등학교,7010158,2025-01-22,수,조식,174.0,우유&주스,"2,5,6,11,12,13"
명덕고등학교,7010158,2025-01-22,수,조식,174.0,시리얼(스페셜K외),"1,2,4,5,6,10,14,16,18"
명덕고등학교,7010158,2025-01-22,수,조식,174.0,그린샐러드*오리엔탈드레싱,"5,6,12"
명덕고등학교,7010158,2025-01-22,수,조식,174.0,애플망고,
명덕고등학교,7010158,2025-01-22,수,조식,174.0,푸딩,"1,2,5"
명덕고등학교,7010158,2025-01-22,수,중식,286.0,잡곡밥,5
명덕고등학교,7010158,2025-01-22,수,중식,286.0,계란수제비,"1,5,6"
명덕고등학교,7010158,2025-01-22,수,중식,286.0,스페니쉬오믈렛*케찹,"1,2,5,10,12"
명덕고등학교,7010158,2025-01-22,수,중식,286.0,깻잎겉절이,"5,6,9,13"
명덕고등학교,7010158,2025-01-22,수,중식,286.0,버섯불고기,"5,6,13,16,18"
명덕고등학교,7010158,2025-01-22,수,중식,286.0,배추김치,9
명덕고등학교,7010158,2025-01-23,목,중식,40.0,잡곡밥,5
명덕고등학교,7010158,2025-01-23,목,중식,40.0,청국장찌개(조식),"5,9,16"
명덕고등학교,7010158,2025-01-23,목,중식,40.0,도토리묵야채무침,
명덕고등학교,7010158,2025-01-23,목,중식,40.0,제육볶음,"5,6,10,13,18"
명덕고등학교,7010158,2025-01-23,목,중식,40.0,갈비만두(맘),"1,5,6,10,15,16,18"
명덕고등학교,7010158,2025-01-23,목,중식,40.0,파김치,9
명덕고등학교,7010158,2025-01-23,목,중식,40.0,매실간장마늘쫑,"5,6"
명덕고등학교,7010158,2025-01-23,목,중식,40.0,신고배,
명덕고등학교,7010158,2025-01-23,목,중식,40.0,배,
명덕고등학교,7010158,2025-01-24,금,중식,40.0,잡곡밥,5
명덕고등학교,7010158,2025-01-24,금,중식,40.0,참치김치찌개,"5,9,13"
명덕고등학교,7010158,2025-01-24,금,중식,40.0,연근튀김*케찹,"1,5,6,12"
명덕고등학교,7010158,2025-01-24,금,중식,40.0,언양식불고기,"2,16"
명덕고등학교,7010158,2025-01-24,금,중식,40.0,계란말이,"1,5"
명덕고등학교,7010158,2025-01-24,금,중식,40.0,깍두기,9
명덕고등학교,7010158,2025-01-24,금,중식,40.0,파래김자반,5
명덕고등학교,7010158,2025-01-24,금,중식,40.0,사과,
명덕고등학교,7010158,2025-01-31,금,중식,40.0,잡곡밥,5
명덕고등학교,7010158,2025-01-31,금,중식,40.0,바지락미역국,"5,6,18"
명덕고등학교,7010158,2025-01-31,금,중식,40.0,계란찜,1
명덕고등학교,7010158,2025-01-31,금,중식,40.0,콩나물파채무침,"5,6,13"
명덕고등학교,7010158,2025-01-31,금,중식,40.0,대패삼겹구이,10
명덕고등학교,7010158,2025-01-31,금,중식,40.0,볶음김치,"5,9"
명덕고등학교,7010158,2025-01-31,금,중식,40.0,상추쌈,
명덕고등학교,7010158,2025-02-03,월,조식,460.0,쌀밥,
명덕고등학교,7010158,2025-02-03,월,조식,460.0,쇠고기미역국,"5,6,16"
명덕고등학교,7010158,2025-02-03,월,조식,460.0,순살찜닭,"2,5,6,13,15,16"
명덕고등학교,7010158,2025-02-03,월,조식,460.0,비프라구파스타,"2,5,6,12,13,16"
명덕고등학교,7010158,2025-02-03,월,조식,460.0,맛김치,9
명덕고등학교,7010158,2025-02-03,월,조식,460.0,우유&주스,"2,5,6,11,12,13"
명덕고등학교,7010158,2025-02-03,월,조식,460.0,시리얼,"1,2,4,5,6,10,14,16,18"
명덕고등학교,7010158,2025-02-03,월,조식,460.0,사과호두샐러드,"2,14"
명덕고등학교,7010158,2025-02-03,월,조식,460.0,귤,
명덕고등학교,7010158,2025-02-03,월,중식,2452.0,잡곡밥,5
명덕고등학교,7010158,2025-02-03,월,중식,2452.0,파새우탕,"2,5,6,9,10,13,15,16,17,18"
명덕고등학교,7010158,2025-02-03,월,중식,2452.0,두부조림,"5,6,13,16"
명덕고등학교,7010158,2025-02-03,월,중식,2452.0,바베큐폭립,"5,6,10,12,16,18"
명덕고등학교,7010158,2025-02-03,월,중식,2452.0,배추김치,9
명덕고등학교,7010158,2025-02-03,월,중식,2452.0,그래놀라샐러드,"5,6,12"
명덕고등학교,7010158,2025-02-03,월,중식,2452.0,사과,
명덕고등학교,7010158,2025-02-03,월,석식,460.0,목살필라프,"5,6,9,10,13,16,17,18"
명덕고등학교,7010158,2025-02-03,월,석식,460.0,유부장국,"5,6"
명덕고등학교,7010158,2025-02-03,월,석식,460.0,실곤약야채무침,"5,6,13"
명덕고등학교,7010158,2025-02-03,월,석식,460.0,크런치연어스테이크,"1,2,5,6,12,13"
명덕고등학교,7010158,2025-02-03,월,석식,460.0,깍두기,9
명덕고등학교,7010158,2025-02-03,월,석식,460.0,배,
명덕고등학교,7010158,2025-02-04,화,조식,460.0,쌀밥,
명덕고등학교,7010158,2025-02-04,화,조식,460.0,쇠고기무국,"5,6,16"
명덕고등학교,7010158,2025-02-04,화,조식,460.0,미니돈까스,"5,6,10,12,16,17,18"
명덕고등학교,7010158,2025-02-04,화,조식,460.0,굴비구이,"5,6"
명덕고등학교,7010158,2025-02-04,화,조식,460.0,맛김치,9
명덕고등학교,7010158,2025-02-04,화,조식,460.0,우유&주스,"2,5,6,11,12,13"
명덕고등학교,7010158,2025-02-04,화,조식,460.0,시리얼,"1,2,4,5,6,10,14,16,18"
명덕고등학교,7010158,2025-02-04,화,조식,460.0,감동란,1
명덕고등학교,7010158,2025-02-04,화,조식,460.0,레드향,
명덕고등학교,7010158,2025-02-04,화,조식,460.0,토마토카프리제,"2,12,13"
명덕고등학교,7010158,2025-02-04,화,중식,2452.0,잡곡밥,5
명덕고등학교,7010158,2025-02-04,화,중식,2452.0,차돌된장찌개,"5,6,16"
명덕고등학교,7010158,2025-02-04,화,중식,2452.0,가지그라탕,"2,5,6,12,13,15,16,18"
명덕고등학교,7010158,2025-02-04,화,중식,2452.0,문어미나리초무침,"5,6,13"
명덕고등학교,7010158,2025-02-04,화,중식,2452.0,한우간장불고기,"5,6,13,16,18"
명덕고등학교,7010158,2025-02-04,화,중식,2452.0,배추김치,9
명덕고등학교,7010158,2025-02-04,화,중식,2452.0,딸기,
명덕고등학교,7010158,2025-02-04,화,석식,460.0,잡곡밥,5
명덕고등학교,7010158,2025-02-04,화,석식,460.0,육개장,"1,5,16"
명덕고등학교,7010158,2025-02-04,화,석식,460.0,쪽파김무침,"5,6,13"
명덕고등학교,7010158,2025-02-04,화,석식,460.0,닭다리살스테이크,"2,5,6,13,15,16"
명덕고등학교,7010158,2025-02-04,화,석식,460.0,배추김치,9
명덕고등학교,7010158,2025-02-04,화,석식,460.0,유산균음료,2
명덕고등학교,7010158,2025-02-04,화,석식,460.0,브라질너트알감자샐러드,"1,5,10,13"
명덕고등학교,7010158,2025-02-05,수,조식,460.0,쌀밥,
명덕고등학교,7010158,2025-02-05,수,조식,460.0,북어국,"1,5,6"
명덕고등학교,7010158,2025-02-05,수,조식,460.0,연두부*양념장,"5,6,13"
명덕고등학교,7010158,2025-02-05,수,조식,460.0,갈빗살양념구이,"5,6,13,16,18"
명덕고등학교,7010158,2025-02-05,수,조식,460.0,맛김치,9
명덕고등학교,7010158,2025-02-05,수,조식,460.0,우유&주스,"2,5,6,11,13"
명덕고등학교,7010158,2025-02-05,수,조식,460.0,시리얼,"1,2,4,5,6,10,14,16,18"
명덕고등학교,7010158,2025-02-05,수,조식,460.0,고구마말랭이,
명덕고등학교,7010158,2025-02-05,수,조식,460.0,딸기,
명덕고등학교,7010158,2025-02-05,수,조식,460.0,콥샐러드,"1,2,5,12,13"
명덕고등학교,7010158,2025-02-05,수,중식,2452.0,볼로네제파스타,"2,5,6,12,13,15,16,18"
명덕고등학교,7010158,2025-02-05,수,중식,2452.0,조각피자,"1,2,5,6,10,12,13,15,16,18"
명덕고등학교,7010158,2025-02-05,수,중식,2452.0,텐더샐러드,"1,5,6,15"
명덕고등학교,7010158,2025-02-05,수,중식,2452.0,100%순수사과주스,
명덕고등학교,7010158,2025-02-05,수,중식,2452.0,오이피클,
명덕고등학교,7010158,2025-02-05,수,석식,172.0,잡곡밥,5
명덕고등학교,7010158,2025-02-05,수,석식,172.0,참치김치찌개,"5,9,13"
명덕고등학교,7010158,2025-02-05,수,석식,172.0,계란찜,1
명덕고등학교,7010158,2025-02-05,수,석식,172.0,콩나물파채무침,"5,6,13"
명덕고등학교,7010158,2025-02-05,수,석식,172.0,삼겹살구이,"5,6,10,13"
명덕고등학교,7010158,2025-02-05,수,석식,172.0,쪽파김치,9
명덕고등학교,7010158,2025-02-05,수,석식,172.0,상추쌈*쌈장,"5,6"
명덕고등학교,7010158,2025-02-06,목,조식,460.0,쌀밥,
명덕고등학교,7010158,2025-02-06,목,조식,460.0,전복죽(조식),"1,5,6,18"
명덕고등학교,7010158,2025-02-06,목,조식,460.0,빵(조식),"1,2,4,5,6,8,9,10,12,13,14,15,16,18"
명덕고등학교,7010158,2025-02-06,목,조식,460.0,배추된장국,"5,6"
명덕고등학교,7010158,2025-02-06,목,조식,460.0,우엉잡채,"5,6,13"
명덕고등학교,7010158,2025-02-06,목,조식,460.0,훈제닭구이,"1,5,6,13,15"
명덕고등학교,7010158,2025-02-06,목,조식,460.0,깍두기,9
명덕고등학교,7010158,2025-02-06,목,조식,460.0,깻잎지,"5,6"
명덕고등학교,7010158,2025-02-06,목,조식,460.0,우유&주스,"2,5,6,11,13"
명덕고등학교,7010158,2025-02-06,목,조식,460.0,시리얼,"1,2,4,5,6,10,14,16,18"
명덕고등학교,7010158,2025-02-06,목,조식,460.0,사과,
명덕고등학교,7010158,2025-02-06,목,중식,2452.0,잡곡밥,5
명덕고등학교,7010158,2025-02-06,목,중식,2452.0,갈비탕,"1,5,6,16,18"
명덕고등학교,7010158,2025-02-06,목,중식,2452.0,풋고추쌈장무침,"5,6"
명덕고등학교,7010158,2025-02-06,목,중식,2452.0,주꾸미두루치기,"2,5,6,10,16,18"
명덕고등학교,7010158,2025-02-06,목,중식,2452.0,두부커틀렛,"5,6,13"
명덕고등학교,7010158,2025-02-06,목,중식,2452.0,깍두기,9
명덕고등학교,7010158,2025-02-06,목,중식,2452.0,레드향,
명덕고등학교,7010158,2025-02-06,목,석식,460.0,잡곡밥,5
명덕고등학교,7010158,2025-02-06,목,석식,460.0,꽃게탕,"5,6,8"
명덕고등학교,7010158,2025-02-06,목,석식,460.0,쌈무생채,"5,6"
명덕고등학교,7010158,2025-02-06,목,석식,460.0,오리불고기,"5,6,9,12,16,18"
명덕고등학교,7010158,2025-02-06,목,석식,460.0,배추김치,9
명덕고등학교,7010158,2025-02-06,목,석식,460.0,반건시,
명덕고등학교,7010158,2025-02-06,목,석식,460.0,단호박카프리제,"2,13,14"
명덕고등학교,7010158,2025-02-07,금,조식,460.0,쌀밥,
명덕고등학교,7010158,2025-02-07,금,조식,460.0,빵(조식),"1,2,4,5,6,8,9,10,12,13,14,15,16,18"
명덕고등학교,7010158,2025-02-07,금,조식,460.0,매운콩나물국,"5,6"
명덕고등학교,7010158,2025-02-07,금,조식,460.0,한우대패불고기,"5,6,16,18"
명덕고등학교,7010158,2025-02-07,금,조식,460.0,더덕구이,"5,6,13"
명덕고등학교,7010158,2025-02-07,금,조식,460.0,맛김치,9
명덕고등학교,7010158,2025-02-07,금,조식,460.0,우유&주스,"2,5,6,11,12,13"
명덕고등학교,7010158,2025-02-07,금,조식,460.0,시리얼,"1,2,4,5,6,10,14,16,18"
명덕고등학교,7010158,2025-02-07,금,조식,460.0,토마토샐러드(믹스넛),"6,12,14"
명덕고등학교,7010158,2025-02-07,금,조식,460.0,파인애플,
명덕고등학교,7010158,2025-02-07,금,중식,587.0,참치주먹밥,"1,5,6"
명덕고등학교,7010158,2025-02-07,금,중식,587.0,미역장국,"5,6"
명덕고등학교,7010158,2025-02-07,금,중식,587.0,쫄면,"1,5,6,13"
명덕고등학교,7010158,2025-02-07,금,중식,587.0,치즈돈까스*돈까스소스,"1,2,5,6,10,12,16,17,18"
명덕고등학교,7010158,2025-02-07,금,중식,587.0,깍두기,9
명덕고등학교,7010158,2025-02-07,금,중식,587.0,윌요구르트,2
명덕고등학교,7010158,2025-02-07,금,중식,587.0,시저샐러드,"1,2,5,6,10,12"
명덕고등학교,7010158,2025-02-10,월,조식,459.0,쌀밥,
명덕고등학교,7010158,2025-02-10,월,조식,459.0,아욱된장국,"5,6"
명덕고등학교,7010158,2025-02-10,월,조식,459.0,두부조림,"5,6,13"
명덕고등학교,7010158,2025-02-10,월,조식,459.0,숯불목살구이,"1,2,5,6,10,16,18"
명덕고등학교,7010158,2025-02-10,월,조식,459.0,깍두기,9
명덕고등학교,7010158,2025-02-10,월,조식,459.0,우유&주스,"2,5,6,11,12,13"
명덕고등학교,7010158,2025-02-10,월,조식,459.0,시리얼,"1,2,4,5,6,10,14,16,18"
명덕고등학교,7010158,2025-02-10,월,조식,459.0,스트링치즈,2
명덕고등학교,7010158,2025-02-10,월,조식,459.0,훈제연어샐러드,"1,2,5,6,13"
명덕고등학교,7010158,2025-02-10,월,조식,459.0,방울토마토,12
명덕고등학교,7010158,2025-02-10,월,중식,648.0,잡곡밥,5
명덕고등학교,7010158,2025-02-10,월,중식,648.0,들깨옹심이,"1,2,3,5,6,10"
명덕고등학교,7010158,2025-02-10,월,중식,648.0,명태초무침,"1,2,3,4,5,6,7,8,9,10,11,12,16,17,18"
명덕고등학교,7010158,2025-02-10,월,중식,648.0,닭강정,"1,2,5,6,12,15,16"
명덕고등학교,7010158,2025-02-10,월,중식,648.0,오징어순대,"1,5,6,17"
명덕고등학교,7010158,2025-02-10,월,중식,648.0,배추김치,9
명덕고등학교,7010158,2025-02-10,월,중식,648.0,천혜향,
명덕고등학교,7010158,2025-02-10,월,석식,519.0,잡곡밥,5
명덕고등학교,7010158,2025-02-10,월,석식,519.0,한우설렁탕,"5,6,16"
명덕고등학교,7010158,2025-02-10,월,석식,519.0,갈치무조림,"5,6,13"
명덕고등학교,7010158,2025-02-10,월,석식,519.0,시금치나물,
명덕고등학교,7010158,2025-02-10,월,석식,519.0,용가리치킨*머스터드,"1,2,5,6,10,13,16"
명덕고등학교,7010158,2025-02-10,월,석식,519.0,배추김치,9
명덕고등학교,7010158,2025-02-10,월,석식,519.0,크림슨포도,
명덕고등학교,7010158,2025-02-11,화,조식,459.0,쌀밥,
명덕고등학교,7010158,2025-02-11,화,조식,459.0,빵(조식),"1,2,4,5,6,8,9,10,12,13,14,15,16,18"
명덕고등학교,7010158,2025-02-11,화,조식,459.0,콩나물국(밥),"1,5,6,9,13,18"
명덕고등학교,7010158,2025-02-11,화,조식,459.0,훈제오리*야채무침(참깨소스),"1,2,5,6,16"
명덕고등학교,7010158,2025-02-11,화,조식,459.0,오이무침,"5,6,9,13"
명덕고등학교,7010158,2025-02-11,화,조식,459.0,볼비엔나볶음,"5,10,12,13,16"
명덕고등학교,7010158,2025-02-11,화,조식,459.0,맛김치,9
명덕고등학교,7010158,2025-02-11,화,조식,459.0,우유&주스,"2,5,6,11,12,13"
명덕고등학교,7010158,2025-02-11,화,조식,459.0,시리얼,"1,2,4,5,6,10,14,16,18"
명덕고등학교,7010158,2025-02-11,화,조식,459.0,사과,
명덕고등학교,7010158,2025-02-11,화,중식,648.0,잡곡밥,5
명덕고등학교,7010158,2025-02-11,화,중식,648.0,전복미역국,"5,6,18"
명덕고등학교,7010158,2025-02-11,화,중식,648.0,메추리알장조림,"1,5,6,13"
명덕고등학교,7010158,2025-02-11,화,중식,648.0,미나리무생채,"5,9,13"
명덕고등학교,7010158,2025-02-11,화,중식,648.0,훈제삼겹구이,"6,10"
명덕고등학교,7010158,2025-02-11,화,중식,648.0,배추김치,9
명덕고등학교,7010158,2025-02-11,화,중식,648.0,반건시,
명덕고등학교,7010158,2025-02-11,화,중식,648.0,상추쌈*쌈장,"5,6"
명덕고등학교,7010158,2025-02-11,화,석식,515.0,옛날도시락비빔밥,"1,2,5,6,9,10,15,16"
명덕고등학교,7010158,2025-02-11,화,석식,515.0,일식장국,"5,6"
명덕고등학교,7010158,2025-02-11,화,석식,515.0,유린기,"1,2,5,6,12,15,16"
명덕고등학교,7010158,2025-02-11,화,석식,515.0,깍두기,9
명덕고등학교,7010158,2025-02-11,화,석식,515.0,망고에이드,13
명덕고등학교,7010158,2025-02-11,화,석식,515.0,마카로니샐러드,"1,5,6,13"
명덕고등학교,7010158,2025-02-12,수,조식,459.0,쌀밥,
명덕고등학교,7010158,2025-02-12,수,조식,459.0,빵(조식),"1,2,4,5,6,8,9,10,12,13,14,15,16,18"
명덕고등학교,7010158,2025-02-12,수,조식,459.0,쑥갓어묵국,"5,6"
명덕고등학교,7010158,2025-02-12,수,조식,459.0,청포묵김가루무침,
명덕고등학교,7010158,2025-02-12,수,조식,459.0,와규찹스테이크,16
명덕고등학교,7010158,2025-02-12,수,조식,459.0,맛김치,9
명덕고등학교,7010158,2025-02-12,수,조식,459.0,우유&주스,"2,5,6,11,13"
명덕고등학교,7010158,2025-02-12,수,조식,459.0,시리얼,"1,2,4,5,6,10,14,16,18"
명덕고등학교,7010158,2025-02-12,수,조식,459.0,그래놀라샐러드,"2,5,6,12"
명덕고등학교,7010158,2025-02-12,수,조식,459.0,한라봉,
명덕고등학교,7010158,2025-02-12,수,중식,398.0,잡곡밥,5
명덕고등학교,7010158,2025-02-12,수,중식,398.0,쌀국수,"5,6,10,15,16"
명덕고등학교,7010158,2025-02-12,수,중식,398.0,넴롤샐러드,"1,5,6,10,16"
명덕고등학교,7010158,2025-02-12,수,중식,398.0,숯불닭구이,"2,5,6,12,13,15,16,18"
명덕고등학교,7010158,2025-02-12,수,중식,398.0,배추김치,9
명덕고등학교,7010158,2025-02-12,수,중식,398.0,아이스크림,"1,2,5"
명덕고등학교,7010158,2025-02-12,수,석식,195.0,잡곡밥,5
명덕고등학교,7010158,2025-02-12,수,석식,195.0,해물된장찌개,"5,6,9,13,17,18"
명덕고등학교,7010158,2025-02-12,수,석식,195.0,깻잎겉절이,"5,6,9,13"
명덕고등학교,7010158,2025-02-12,수,석식,195.0,버섯불고기,"5,6,13,16,18"
명덕고등학교,7010158,2025-02-12,수,석식,195.0,배추김치,9
명덕고등학교,7010158,2025-02-12,수,석식,195.0,감자샐러드,"1,2,5"
명덕고등학교,7010158,2025-02-13,목,조식,348.0,쌀밥,
명덕고등학교,7010158,2025-02-13,목,조식,348.0,야채죽,"1,5,6"
명덕고등학교,7010158,2025-02-13,목,조식,348.0,시금치된장국,"5,6"
명덕고등학교,7010158,2025-02-13,목,조식,348.0,쇠고기장조림,"1,16"
명덕고등학교,7010158,2025-02-13,목,조식,348.0,오이지무침,13
명덕고등학교,7010158,2025-02-13,목,조식,348.0,전복버터구이,"2,18"
명덕고등학교,7010158,2025-02-13,목,조식,348.0,맛김치,9
명덕고등학교,7010158,2025-02-13,목,조식,348.0,우유&주스,"2,5,6,11,13"
명덕고등학교,7010158,2025-02-13,목,조식,348.0,시리얼,"1,2,4,5,6,10,14,16,18"
명덕고등학교,7010158,2025-02-13,목,조식,348.0,견과믹스,"4,14,19"
명덕고등학교,7010158,2025-02-13,목,조식,348.0,크림슨포도,
명덕고등학교,7010158,2025-02-13,목,중식,398.0,목살김치짜글이,"5,9,10"
명덕고등학교,7010158,2025-02-13,목,중식,398.0,맑은콩나물국,"5,6"
명덕고등학교,7010158,2025-02-13,목,중식,398.0,새우까스*잠발라소스,"1,2,5,6,9,12,16,18"
명덕고등학교,7010158,2025-02-13,목,중식,398.0,회오리감자,"2,5,6"
명덕고등학교,7010158,2025-02-13,목,중식,398.0,깍두기,9
명덕고등학교,7010158,2025-02-13,목,중식,398.0,오렌지샐러드,"1,2,5,6,12"
명덕고등학교,7010158,2025-02-13,목,석식,400.0,나폴리탄파스타,"2,5,6,10,12,13,15,16,18"
명덕고등학교,7010158,2025-02-13,목,석식,400.0,불고기화덕피자,"1,2,5,6,10,12,13,15,16"
명덕고등학교,7010158,2025-02-13,목,석식,400.0,초코에몽,"2,13"
명덕고등학교,7010158,2025-02-13,목,석식,400.0,오이피클,"5,6"
명덕고등학교,7010158,2025-02-13,목,석식,400.0,시저샐러드,"1,2,5,6,10,12,13"
명덕고등학교,7010158,2025-02-14,금,조식,347.0,쌀밥,
명덕고등학교,7010158,2025-02-14,금,조식,347.0,나주곰탕,"5,6,16"
명덕고등학교,7010158,2025-02-14,금,조식,347.0,매실된장고등어살구이,7
명덕고등학교,7010158,2025-02-14,금,조식,347.0,구운계란,1
명덕고등학교,7010158,2025-02-14,금,조식,347.0,직꾸닭,"1,2,5,6,10,12,13,15,16"
명덕고등학교,7010158,2025-02-14,금,조식,347.0,맛김치,9
명덕고등학교,7010158,2025-02-14,금,조식,347.0,우유&주스,"2,5,6,11,12,13"
명덕고등학교,7010158,2025-02-14,금,조식,347.0,시리얼,"1,2,4,5,6,10,14,16,18"
명덕고등학교,7010158,2025-02-14,금,조식,347.0,야채스틱*쌈장,"5,6"
명덕고등학교,7010158,2025-02-14,금,조식,347.0,오렌지,
명덕고등학교,7010158,2025-02-14,금,중식,398.0,잡곡밥,5
명덕고등학교,7010158,2025-02-14,금,중식,398.0,연두부탕,"5,6,13,18"
명덕고등학교,7010158,2025-02-14,금,중식,398.0,쪽갈비찜,10
명덕고등학교,7010158,2025-02-14,금,중식,398.0,고구마베이컨오븐구이,"1,5,10"
명덕고등학교,7010158,2025-02-14,금,중식,398.0,배추김치,9
명덕고등학교,7010158,2025-02-14,금,중식,398.0,초콜릿,"2,5"
명덕고등학교,7010158,2025-02-14,금,중식,398.0,토마토카프리제,"2,12,13"
명덕고등학교,7010158,2025-02-14,금,석식,82.0,잡곡밥,5
명덕고등학교,7010158,2025-02-14,금,석식,82.0,떡국,"1,5,6,16"
명덕고등학교,7010158,2025-02-14,금,석식,82.0,메밀전병,"2,3,5,6,10,16,18"
명덕고등학교,7010158,2025-02-14,금,석식,82.0,순살족발*부추무침,"2,5,6,10,13,16"
명덕고등학교,7010158,2025-02-14,금,석식,82.0,깍두기,9
명덕고등학교,7010158,2025-02-14,금,석식,82.0,마늘쫑짱아찌,"5,6"
명덕고등학교,7010158,2025-02-17,월,조식,341.0,쌀밥,
명덕고등학교,7010158,2025-02-17,월,조식,341.0,일식장국,"5,6"
명덕고등학교,7010158,2025-02-17,월,조식,341.0,카레소스,"2,5,6,10,12,18"
명덕고등학교,7010158,2025-02-17,월,조식,341.0,울외장아찌,
명덕고등학교,7010158,2025-02-17,월,조식,341.0,매콤어묵볶음,"5,6,9,13,16,17,18"
명덕고등학교,7010158,2025-02-17,월,조식,341.0,한우함박스테이크,"1,2,5,6,10,12,13,15,16"
명덕고등학교,7010158,2025-02-17,월,조식,341.0,맛김치,9
명덕고등학교,7010158,2025-02-17,월,조식,341.0,우유&주스,"2,5,6,11,12,13"
명덕고등학교,7010158,2025-02-17,월,조식,341.0,시리얼,"5,6,10,14,16,18,1,2,4"
명덕고등학교,7010158,2025-02-17,월,조식,341.0,맛밤,
명덕고등학교,7010158,2025-02-17,월,조식,341.0,사과,
명덕고등학교,7010158,2025-02-17,월,중식,712.0,잡곡밥,5
명덕고등학교,7010158,2025-02-17,월,중식,712.0,육개장,"1,5,16"
명덕고등학교,7010158,2025-02-17,월,중식,712.0,도토리묵야채무침,"5,6"
명덕고등학교,7010158,2025-02-17,월,중식,712.0,양갈비구이,12
명덕고등학교,7010158,2025-02-17,월,중식,712.0,백김치,9
명덕고등학교,7010158,2025-02-17,월,중식,712.0,아이스크림,"1,2,5,6"
명덕고등학교,7010158,2025-02-17,월,석식,399.0,잡곡밥,5
명덕고등학교,7010158,2025-02-17,월,석식,399.0,등뼈감자탕,"5,6,10"
명덕고등학교,7010158,2025-02-17,월,석식,399.0,오리주물럭,"5,6"
명덕고등학교,7010158,2025-02-17,월,석식,399.0,비빔만두,"1,5,6,10,13,15,16,18"
명덕고등학교,7010158,2025-02-17,월,석식,399.0,도시락김,
명덕고등학교,7010158,2025-02-17,월,석식,399.0,깍두기,9
명덕고등학교,7010158,2025-02-17,월,석식,399.0,오렌지,
명덕고등학교,7010158,2025-02-18,화,조식,342.0,쌀밥,
명덕고등학교,7010158,2025-02-18,화,조식,342.0,매운콩나물국,"5,6"
명덕고등학교,7010158,2025-02-18,화,조식,342.0,해쉬브라운*케찹,"5,6,12"
명덕고등학교,7010158,2025-02-18,화,조식,342.0,치킨스테이크,"2,5,6,10,13,15,16"
명덕고등학교,7010158,2025-02-18,화,조식,342.0,맛김치,9
명덕고등학교,7010158,2025-02-18,화,조식,342.0,우유&주스,"2,5,6,11,12,13"
명덕고등학교,7010158,2025-02-18,화,조식,342.0,시리얼,"1,2,4,5,6,10,14,16,18"
명덕고등학교,7010158,2025-02-18,화,조식,342.0,사과호두샐러드,"2,14"
명덕고등학교,7010158,2025-02-18,화,조식,342.0,감동란,1
명덕고등학교,7010158,2025-02-18,화,조식,342.0,레드향,
명덕고등학교,7010158,2025-02-18,화,중식,467.0,쌀밥,
명덕고등학교,7010158,2025-02-18,화,중식,467.0,뉴욕곰탕,"5,6,10,18"
명덕고등학교,7010158,2025-02-18,화,중식,467.0,풋고추쌈장무침,"5,6"
명덕고등학교,7010158,2025-02-18,화,중식,467.0,낙지볶음,"2,5,6,10,12,13,16,18"
명덕고등학교,7010158,2025-02-18,화,중식,467.0,파닭전,"5,6,15"
명덕고등학교,7010158,2025-02-18,화,중식,467.0,깍두기,9
명덕고등학교,7010158,2025-02-18,화,중식,467.0,플레인요구르트,2
명덕고등학교,7010158,2025-02-18,화,석식,395.0,추가밥,
명덕고등학교,7010158,2025-02-18,화,석식,395.0,까르보불볶음면,"2,5,6,13,15"
명덕고등학교,7010158,2025-02-18,화,석식,395.0,가쓰오장국,"1,2,5,6,7,9,13,16,18"
명덕고등학교,7010158,2025-02-18,화,석식,395.0,돼지갈비구이*쌈무,"1,2,5,6,10,15,16,18"
명덕고등학교,7010158,2025-02-18,화,석식,395.0,배추김치,9
명덕고등학교,7010158,2025-02-18,화,석식,395.0,아이스크림,"1,2,5"
명덕고등학교,7010158,2025-02-18,화,석식,395.0,토마토샐러드(치커리),"6,12,14"
명덕고등학교,7010158,2025-02-19,수,조식,343.0,쌀밥,
명덕고등학교,7010158,2025-02-19,수,조식,343.0,빵(조식),"1,2,4,5,6,8,9,10,12,13,14,15,16,18"
명덕고등학교,7010158,2025-02-19,수,조식,343.0,연두부맑은국,"5,6"
명덕고등학교,7010158,2025-02-19,수,조식,343.0,멸치유자청볶음,"5,13,14"
명덕고등학교,7010158,2025-02-19,수,조식,343.0,한우간장불고기,"5,6,16"
명덕고등학교,7010158,2025-02-19,수,조식,343.0,맛김치,9
명덕고등학교,7010158,2025-02-19,수,조식,343.0,우유&주스,"2,5,6,11,13"
명덕고등학교,7010158,2025-02-19,수,조식,343.0,시리얼,"1,2,4,5,6,10,14,16,18"
명덕고등학교,7010158,2025-02-19,수,조식,343.0,그래놀라샐러드,"2,5,6,12"
명덕고등학교,7010158,2025-02-19,수,조식,343.0,딸기,
명덕고등학교,7010158,2025-02-19,수,중식,466.0,나물비빔밥,"5,6,10,13,16"
명덕고등학교,7010158,2025-02-19,수,중식,466.0,에그타르트,"1,2,5,6,10,16"
명덕고등학교,7010158,2025-02-19,수,중식,466.0,아욱된장국,"5,6"
명덕고등학교,7010158,2025-02-19,수,중식,466.0,돈마호크,"1,2,5,6,12,16"
명덕고등학교,7010158,2025-02-19,수,중식,466.0,배추김치,9
명덕고등학교,7010158,2025-02-19,수,중식,466.0,단호박견과샐러드,"1,2,5,6,16"
명덕고등학교,7010158,2025-02-19,수,석식,192.0,구운주먹밥,"1,2,5,6,10,16,18"
명덕고등학교,7010158,2025-02-19,수,석식,192.0,꼬치어묵국,"1,2,5,6,7,9,13,16,18"
명덕고등학교,7010158,2025-02-19,수,석식,192.0,양배추샐러드*케요네즈,"1,5,12"
명덕고등학교,7010158,2025-02-19,수,석식,192.0,단무지,
명덕고등학교,7010158,2025-02-19,수,석식,192.0,별볶이,"1,2,5,6,8,9,13,16,17,18"
명덕고등학교,7010158,2025-02-19,수,석식,192.0,멘보샤,"1,5,6,9"
명덕고등학교,7010158,2025-02-19,수,석식,192.0,쥬시쿨,2
명덕고등학교,7010158,2025-02-20,목,조식,346.0,유채나물영양밥*양념장,"5,6,13"
명덕고등학교,7010158,2025-02-20,목,조식,346.0,누룽지,
명덕고등학교,7010158,2025-02-20,목,조식,346.0,배추된장국,"5,6"
명덕고등학교,7010158,2025-02-20,목,조식,346.0,계란찜,1
명덕고등학교,7010158,2025-02-20,목,조식,346.0,숯불고기숙주볶음,10
명덕고등학교,7010158,2025-02-20,목,조식,346.0,깍두기,9
명덕고등학교,7010158,2025-02-20,목,조식,346.0,우유&주스,"2,5,6,11,12,13"
명덕고등학교,7010158,2025-02-20,목,조식,346.0,시리얼,"1,2,4,5,6,10,14,16,18"
명덕고등학교,7010158,2025-02-20,목,조식,346.0,구운감태,
명덕고등학교,7010158,2025-02-20,목,조식,346.0,푸딩,"1,2,5"
명덕고등학교,7010158,2025-02-20,목,조식,346.0,한라봉,
명덕고등학교,7010158,2025-02-20,목,중식,473.0,잡곡밥,5
명덕고등학교,7010158,2025-02-20,목,중식,473.0,명란두부찌개,"5,6,9,16,18"
명덕고등학교,7010158,2025-02-20,목,중식,473.0,콩자반,"5,6,13"
명덕고등학교,7010158,2025-02-20,목,중식,473.0,la갈비구이,"5,6,13,16,18"
명덕고등학교,7010158,2025-02-20,목,중식,473.0,배추김치,9
명덕고등학교,7010158,2025-02-20,목,중식,473.0,딸기,
명덕고등학교,7010158,2025-02-20,목,중식,473.0,두부샐러드,"1,5,6,12"
명덕고등학교,7010158,2025-02-20,목,석식,398.0,잡곡밥,5
명덕고등학교,7010158,2025-02-20,목,석식,398.0,부대찌개*우동사리,"1,2,5,6,9,10,12,15,16"
명덕고등학교,7010158,2025-02-20,목,석식,398.0,어니언콘샐러드,"2,5,6,12,13"
명덕고등학교,7010158,2025-02-20,목,석식,398.0,통닭다리구이,"5,6,12,15,18"
명덕고등학교,7010158,2025-02-20,목,석식,398.0,깍두기,9
명덕고등학교,7010158,2025-02-20,목,석식,398.0,마카롱,"1,2,5,6"
명덕고등학교,7010158,2025-02-21,금,조식,346.0,연잎밥,"4,5,14"
명덕고등학교,7010158,2025-02-21,금,조식,346.0,빵(조식),"1,2,4,5,6,8,9,10,12,13,14,15,16,18"
명덕고등학교,7010158,2025-02-21,금,조식,346.0,참치김치찌개,"5,9,13"
명덕고등학교,7010158,2025-02-21,금,조식,346.0,떡갈비*케찹,"2,5,6,10,12,16"
명덕고등학교,7010158,2025-02-21,금,조식,346.0,메로구이,
명덕고등학교,7010158,2025-02-21,금,조식,346.0,깍두기,9
명덕고등학교,7010158,2025-02-21,금,조식,346.0,우유&주스,"2,5,6,11,12,13"
명덕고등학교,7010158,2025-02-21,금,조식,346.0,시리얼,"1,2,4,5,6,10,14,16,18"
명덕고등학교,7010158,2025-02-21,금,조식,346.0,그린샐러드*오리엔탈드레싱,"5,6,12"
명덕고등학교,7010158,2025-02-21,금,조식,346.0,크림슨포도,
명덕고등학교,7010158,2025-02-21,금,중식,470.0,잡곡밥,5
명덕고등학교,7010158,2025-02-21,금,중식,470.0,황태뭇국,"1,5,6"
명덕고등학교,7010158,2025-02-21,금,중식,470.0,오이무침,"5,6,9,13"
명덕고등학교,7010158,2025-02-21,금,중식,470.0,수제치즈감자전,"2,5,6"
명덕고등학교,7010158,2025-02-21,금,중식,470.0,삼겹살고추장구이,"5,6,10,13,18"
명덕고등학교,7010158,2025-02-21,금,중식,470.0,배추김치,9
명덕고등학교,7010158,2025-02-21,금,중식,470.0,브리오슈,"1,2,5,6"
명덕고등학교,7010158,2025-02-24,월,중식,332.0,볼로네제파스타,"2,5,6,10,12,13,15,16,18"
명덕고등학교,7010158,2025-02-24,월,중식,332.0,폭립,"5,6,10,12,16,18"
명덕고등학교,7010158,2025-02-24,월,중식,332.0,쿨피스 에이드 자두,2
명덕고등학교,7010158,2025-02-24,월,중식,332.0,오이피클,
명덕고등학교,7010158,2025-02-24,월,중식,332.0,코코넛칩망고샐러드,"1,2,5,6,12"
명덕고등학교,7010158,2025-02-25,화,중식,60.0,잡곡밥,5
명덕고등학교,7010158,2025-02-25,화,중식,60.0,청국장찌개(조식),"5,9,16"
명덕고등학교,7010158,2025-02-25,화,중식,60.0,닭볶음탕,"5,6,13,15"
명덕고등학교,7010158,2025-02-25,화,중식,60.0,진미채볶음,"1,5,6,13,17"
명덕고등학교,7010158,2025-02-25,화,중식,60.0,두부구이*양념장,"1,5,6,13"
명덕고등학교,7010158,2025-02-25,화,중식,60.0,깍두기,9
명덕고등학교,7010158,2025-02-25,화,중식,60.0,오렌지,
명덕고등학교,7010158,2025-02-25,화,중식,60.0,맛살콘샐러드(꽃맛살샐러드),"1,5,6,8,9,12,13,16,18"
명덕고등학교,7010158,2025-02-26,수,중식,60.0,유채나물영양밥,"5,6,13"
명덕고등학교,7010158,2025-02-26,수,중식,60.0,해물순두부찌개,"1,5,6,9,13,16,17,18"
명덕고등학교,7010158,2025-02-26,수,중식,60.0,오징어초무침,"5,6,13,17"
명덕고등학교,7010158,2025-02-26,수,중식,60.0,버섯불고기,"5,6,13,16,18"
명덕고등학교,7010158,2025-02-26,수,중식,60.0,배추김치,9
명덕고등학교,7010158,2025-02-26,수,중식,60.0,구운감태,
명덕고등학교,7010158,2025-02-26,수,중식,60.0,방울토마토,12
명덕고등학교,7010158,2025-02-26,수,중식,60.0,그린샐러드,"1,2,5,6,12,16"
명덕고등학교,7010158,2025-02-27,목,중식,60.0,잡곡밥,5
명덕고등학교,7010158,2025-02-27,목,중식,60.0,된장찌개,"5,6"
명덕고등학교,7010158,2025-02-27,목,중식,60.0,계란찜,1
명덕고등학교,7010158,2025-02-27,목,중식,60.0,콩나물파채무침,"5,6,13"
명덕고등학교,7010158,2025-02-27,목,중식,60.0,허브삼겹살구이09,"5,10"
명덕고등학교,7010158,2025-02-27,목,중식,60.0,파김치,9
명덕고등학교,7010158,2025-02-27,목,중식,60.0,상추쌈,
명덕고등학교,7010158,2025-02-27,목,중식,60.0,사과,
명덕고등학교,7010158,2025-02-28,금,중식,60.0,잡곡밥,5
명덕고등학교,7010158,2025-02-28,금,중식,60.0,들깨수제비국,"5,6"
명덕고등학교,7010158,2025-02-28,금,중식,60.0,고등어김치조림,"5,6,7,9,13"
명덕고등학교,7010158,2025-02-28,금,중식,60.0,도토리묵야채무침,
명덕고등학교,7010158,2025-02-28,금,중식,60.0,계란말이,"1,5"
명덕고등학교,7010158,2025-02-28,금,중식,60.0,깍두기,9
명덕고등학교,7010158,2025-02-28,금,중식,60.0,매실간장마늘쫑,"5,6"
명덕고등학교,7010158,2025-02-28,금,중식,60.0,방울토마토,12
영일고등학교,7010216,2024-03-05,화,중식,781.0,칼슘기장밥,
영일고등학교,7010216,2024-03-05,화,중식,781.0,탱글뽀득핫도그&케찹,"1,2,5,6,10,12,16"
영일고등학교,7010216,2024-03-05,화,중식,781.0,부대찌개,"1,2,5,6,9,10,12,13,15,16"
영일고등학교,7010216,2024-03-05,화,중식,781.0,한식잡채,"5,6,10,13"
영일고등학교,7010216,2024-03-05,화,중식,781.0,소불고기,"5,6,13,16,18"
영일고등학교,7010216,2024-03-05,화,중식,781.0,배추김치,9
영일고등학교,7010216,2024-03-06,수,중식,781.0,김치볶음밥(스팸),"1,2,5,6,9,10,13,15,16"
영일고등학교,7010216,2024-03-06,수,중식,781.0,미니우동,"1,2,5,6,7,9,13,18"
영일고등학교,7010216,2024-03-06,수,중식,781.0,안심까스,"1,2,5,6,10"
영일고등학교,7010216,2024-03-06,수,중식,781.0,깍두기,9
영일고등학교,7010216,2024-03-06,수,중식,781.0,음료,13
영일고등학교,7010216,2024-03-06,수,중식,781.0,그린샐러드*요거트D,"1,2,5,6,12"
영일고등학교,7010216,2024-03-07,목,중식,781.0,찰흑미밥,
영일고등학교,7010216,2024-03-07,목,중식,781.0,얼갈이된장국,"5,6"
영일고등학교,7010216,2024-03-07,목,중식,781.0,양배추쌈,"5,6"
영일고등학교,7010216,2024-03-07,목,중식,781.0,제육볶음,"5,6,10,13,18"
영일고등학교,7010216,2024-03-07,목,중식,781.0,새우살스크램블에그,"1,2,9,13"
영일고등학교,7010216,2024-03-07,목,중식,781.0,배추김치,9
영일고등학교,7010216,2024-03-08,금,중식,781.0,칼슘찹쌀밥,
영일고등학교,7010216,2024-03-08,금,중식,781.0,매운어묵국,"1,5,6"
영일고등학교,7010216,2024-03-08,금,중식,781.0,콩나물무침,5
영일고등학교,7010216,2024-03-08,금,중식,781.0,햄감자채볶음,"1,2,5,6,10,15,16"
영일고등학교,7010216,2024-03-08,금,중식,781.0,순살안동찜닭,"5,6,13,15,18"
영일고등학교,7010216,2024-03-08,금,중식,781.0,배추김치,9
영일고등학교,7010216,2024-03-11,월,중식,781.0,찰현미밥,
영일고등학교,7010216,2024-03-11,월,중식,781.0,쇠고기무국,"5,6,16"
영일고등학교,7010216,2024-03-11,월,중식,781.0,청포묵김무침,13
영일고등학교,7010216,2024-03-11,월,중식,781.0,소세지떡볶음,"2,5,6,10,12,13,15,16"
영일고등학교,7010216,2024-03-11,월,중식,781.0,순살고등어구이,"5,6,7,13"
영일고등학교,7010216,2024-03-11,월,중식,781.0,배추김치,9
영일고등학교,7010216,2024-03-11,월,중식,781.0,요구르트,2
영일고등학교,7010216,2024-03-12,화,중식,781.0,칼슘기장밥,
영일고등학교,7010216,2024-03-12,화,중식,781.0,김치콩나물국,"5,9"
영일고등학교,7010216,2024-03-12,화,중식,781.0,두부조림,"5,6,13"
영일고등학교,7010216,2024-03-12,화,중식,781.0,돼지갈비찜,"5,6,10,13,18"
영일고등학교,7010216,2024-03-12,화,중식,781.0,유채나물,"5,6"
영일고등학교,7010216,2024-03-12,화,중식,781.0,깍두기,9
영일고등학교,7010216,2024-03-13,수,중식,781.0,흑미칼슘찹쌀밥,
영일고등학교,7010216,2024-03-13,수,중식,781.0,순대국,"2,5,6,9,10,13,15,16"
영일고등학교,7010216,2024-03-13,수,중식,781.0,메추리알곤약조림,"1,5,6,13"
영일고등학교,7010216,2024-03-13,수,중식,781.0,부추겉절이,13
영일고등학교,7010216,2024-03-13,수,중식,781.0,석박지,9
영일고등학교,7010216,2024-03-13,수,중식,781.0,과일젤리,
영일고등학교,7010216,2024-03-13,수,중식,781.0,핫마요어니언떡갈비,"1,5,6,10,12,13,15,16,18"
영일고등학교,7010216,2024-03-14,목,중식,781.0,가바현미밥,
영일고등학교,7010216,2024-03-14,목,중식,781.0,실파계란국,"1,5,6"
영일고등학교,7010216,2024-03-14,목,중식,781.0,닭갈비,"5,6,13,15"
영일고등학교,7010216,2024-03-14,목,중식,781.0,배추김치,9
영일고등학교,7010216,2024-03-14,목,중식,781.0,깻잎무쌈,
영일고등학교,7010216,2024-03-14,목,중식,781.0,쭈꾸미브로콜리숙회,"5,6,13"
영일고등학교,7010216,2024-03-15,금,중식,781.0,찰보리밥,
영일고등학교,7010216,2024-03-15,금,중식,781.0,참치김치찌개,"2,5,6,9,13,16"
영일고등학교,7010216,2024-03-15,금,중식,781.0,감자조림,"5,6,13"
영일고등학교,7010216,2024-03-15,금,중식,781.0,쫄면야채무침,"5,6,13"
영일고등학교,7010216,2024-03-15,금,중식,781.0,깍두기,9
영일고등학교,7010216,2024-03-15,금,중식,781.0,꿀토마토,12
영일고등학교,7010216,2024-03-15,금,중식,781.0,통등심미니돈까스&소스,"1,5,6,10"
영일고등학교,7010216,2024-03-18,월,중식,781.0,가바현미밥,
영일고등학교,7010216,2024-03-18,월,중식,781.0,쇠고기미역국,"2,5,6,13,16"
영일고등학교,7010216,2024-03-18,월,중식,781.0,닭감자조림,"5,6,13,15"
영일고등학교,7010216,2024-03-18,월,중식,781.0,배추김치,9
영일고등학교,7010216,2024-03-18,월,중식,781.0,도토리묵*양념장,"5,6,13"
영일고등학교,7010216,2024-03-18,월,중식,781.0,푸실리옥수수샐러드,"1,5,6,13"
영일고등학교,7010216,2024-03-18,월,석식,135.0,차슈덮밥,"1,2,5,6,9,10,13,16,18"
영일고등학교,7010216,2024-03-18,월,석식,135.0,참치김치찌개,"2,5,6,9,13,16"
영일고등학교,7010216,2024-03-18,월,석식,135.0,해시포테이토*케찹,"5,6,12"
영일고등학교,7010216,2024-03-18,월,석식,135.0,깍두기,9
영일고등학교,7010216,2024-03-18,월,석식,135.0,수제딸기바나나우유,"2,13"
영일고등학교,7010216,2024-03-19,화,중식,781.0,칼슘기장밥,
영일고등학교,7010216,2024-03-19,화,중식,781.0,버섯매운수제비국,"5,6"
영일고등학교,7010216,2024-03-19,화,중식,781.0,호박볶음,9
영일고등학교,7010216,2024-03-19,화,중식,781.0,간장돼지불고기,"5,6,10,13,18"
영일고등학교,7010216,2024-03-19,화,중식,781.0,계란찜,"1,5"
영일고등학교,7010216,2024-03-19,화,중식,781.0,총각김치,9
영일고등학교,7010216,2024-03-19,화,석식,150.0,쌀밥,
영일고등학교,7010216,2024-03-19,화,석식,150.0,사골떡만두국,"1,5,6,10,13,16,18"
영일고등학교,7010216,2024-03-19,화,석식,150.0,콩나물부추무침,5
영일고등학교,7010216,2024-03-19,화,석식,150.0,구운오리바베큐소스볶음,"2,5,6,12,13,18"
영일고등학교,7010216,2024-03-19,화,석식,150.0,배추김치,9
영일고등학교,7010216,2024-03-19,화,석식,150.0,토마토큐브치즈샐러드,"1,2,5,6,12"
영일고등학교,7010216,2024-03-20,수,중식,781.0,소고기콩나물밥*부추간장,"5,6,16"
영일고등학교,7010216,2024-03-20,수,중식,781.0,미소된장국,"5,6"
영일고등학교,7010216,2024-03-20,수,중식,781.0,건파래볶음,"5,13"
영일고등학교,7010216,2024-03-20,수,중식,781.0,하와이안불치킨까스,"1,2,5,6,12,13,15"
영일고등학교,7010216,2024-03-20,수,중식,781.0,배추김치,9
영일고등학교,7010216,2024-03-20,수,중식,781.0,딸기라떼,"2,13"
영일고등학교,7010216,2024-03-20,수,석식,150.0,찰옥수수밥,
영일고등학교,7010216,2024-03-20,수,석식,150.0,탱글뽀득핫도그&케찹,"1,2,5,6,10,12,16"
영일고등학교,7010216,2024-03-20,수,석식,150.0,배추김치,9
영일고등학교,7010216,2024-03-20,수,석식,150.0,꼬들단무지,
영일고등학교,7010216,2024-03-20,수,석식,150.0,수제망고에이드,13
영일고등학교,7010216,2024-03-20,수,석식,150.0,자장소스,"5,6,10,13,16,18"
영일고등학교,7010216,2024-03-21,목,중식,781.0,칼슘찹쌀밥,
영일고등학교,7010216,2024-03-21,목,중식,781.0,호밀잼파이,"1,2,5"
영일고등학교,7010216,2024-03-21,목,중식,781.0,순두부찌개,"1,5,6,8,9,10,13,16,17,18"
영일고등학교,7010216,2024-03-21,목,중식,781.0,모듬장조림,"1,5,6,10,13"
영일고등학교,7010216,2024-03-21,목,중식,781.0,양념깻잎지,
영일고등학교,7010216,2024-03-21,목,중식,781.0,부들어묵맛살볶음,"1,5,6,13"
영일고등학교,7010216,2024-03-21,목,중식,781.0,깍두기,9
영일고등학교,7010216,2024-03-21,목,석식,150.0,찹쌀밥,
영일고등학교,7010216,2024-03-21,목,석식,150.0,설렁탕*소면사리,"5,6,13,16"
영일고등학교,7010216,2024-03-21,목,석식,150.0,볶음김치,"5,9,13"
영일고등학교,7010216,2024-03-21,목,석식,150.0,깍두기,9
영일고등학교,7010216,2024-03-21,목,석식,150.0,부추겉절이,13
영일고등학교,7010216,2024-03-21,목,석식,150.0,온두부,5
영일고등학교,7010216,2024-03-21,목,석식,150.0,가지튀김,"1,2,5,6,13"
영일고등학교,7010216,2024-03-22,금,중식,781.0,찰보리밥,
영일고등학교,7010216,2024-03-22,금,중식,781.0,물만두국,"1,5,6,10,16,18"
영일고등학교,7010216,2024-03-22,금,중식,781.0,숙주미나리나물,
영일고등학교,7010216,2024-03-22,금,중식,781.0,마파두부,"5,6,10,12,13,18"
영일고등학교,7010216,2024-03-22,금,중식,781.0,미니치즈카츠&소스,"1,2,5,6,10"
영일고등학교,7010216,2024-03-22,금,중식,781.0,배추김치,9
영일고등학교,7010216,2024-03-22,금,석식,120.0,오므라이스,"1,2,5,6,10,12,13,16"
영일고등학교,7010216,2024-03-22,금,석식,120.0,미니우동,"1,2,5,6,7,9,13,18"
영일고등학교,7010216,2024-03-22,금,석식,120.0,감자그라탕,"1,2,5,6,10"
영일고등학교,7010216,2024-03-22,금,석식,120.0,배추김치,9
영일고등학교,7010216,2024-03-22,금,석식,120.0,열대과일샐러드&요거트드레싱,"1,2,5,6"
영일고등학교,7010216,2024-03-25,월,중식,781.0,찰현미밥,
영일고등학교,7010216,2024-03-25,월,중식,781.0,맑은콩나물국,"5,6"
영일고등학교,7010216,2024-03-25,월,중식,781.0,돼지수육,"5,6,10"
영일고등학교,7010216,2024-03-25,월,중식,781.0,상추쑥갓무침,"5,6,13"
영일고등학교,7010216,2024-03-25,월,중식,781.0,비빔만두,"1,5,6,10,13,16,18"
영일고등학교,7010216,2024-03-25,월,중식,781.0,보쌈김치,9
영일고등학교,7010216,2024-03-25,월,중식,781.0,저염쌈장,"5,6"
영일고등학교,7010216,2024-03-25,월,석식,138.0,김치솥밥,"5,6,9,10"
영일고등학교,7010216,2024-03-25,월,석식,138.0,몬테크리스토샌드위치,"1,2,5,6,10,13,15,16"
영일고등학교,7010216,2024-03-25,월,석식,138.0,맑은콩나물국,"5,6"
영일고등학교,7010216,2024-03-25,월,석식,138.0,깍두기,9
영일고등학교,7010216,2024-03-25,월,석식,138.0,미숫가루우유,"2,5"
영일고등학교,7010216,2024-03-26,화,중식,781.0,칼슘기장밥,
영일고등학교,7010216,2024-03-26,화,중식,781.0,육개장,"1,2,5,6,13,16"
영일고등학교,7010216,2024-03-26,화,중식,781.0,볶음김치,"5,9,13"
영일고등학교,7010216,2024-03-26,화,중식,781.0,깍두기,9
영일고등학교,7010216,2024-03-26,화,중식,781.0,펄치즈샐러드,"1,2,5,6,12,13"
영일고등학교,7010216,2024-03-26,화,중식,781.0,피쉬앤칩스*탈탈S,"1,5,6,13"
영일고등학교,7010216,2024-03-26,화,석식,141.0,찰흑미밥,
영일고등학교,7010216,2024-03-26,화,석식,141.0,꽃게어묵국,"1,5,6,8"
영일고등학교,7010216,2024-03-26,화,석식,141.0,돈등뼈찜,"10,13"
영일고등학교,7010216,2024-03-26,화,석식,141.0,상추파생채,"5,6,13"
영일고등학교,7010216,2024-03-26,화,석식,141.0,감자채볶음,5
영일고등학교,7010216,2024-03-26,화,석식,141.0,배추김치,9
영일고등학교,7010216,2024-03-27,수,중식,781.0,쌀밥,
영일고등학교,7010216,2024-03-27,수,중식,781.0,미트소스스파게티,"1,2,5,6,10,12,13,16"
영일고등학교,7010216,2024-03-27,수,중식,781.0,크림스프,"16,2,5,6,13"
영일고등학교,7010216,2024-03-27,수,중식,781.0,황태계란국,"1,5,6"
영일고등학교,7010216,2024-03-27,수,중식,781.0,오이피클&할라피뇨,
영일고등학교,7010216,2024-03-27,수,중식,781.0,요구르트,2
영일고등학교,7010216,2024-03-27,수,중식,781.0,시저샐러드,"1,2,5,6,13"
영일고등학교,7010216,2024-03-27,수,중식,781.0,콤비네이션피자,"1,2,5,6,9,10,12,13,15,16,18"
영일고등학교,7010216,2024-03-27,수,석식,132.0,찰현미밥,
영일고등학교,7010216,2024-03-27,수,석식,132.0,쇠고기무국,"2,5,6,13,16"
영일고등학교,7010216,2024-03-27,수,석식,132.0,치즈불닭,"2,5,6,13,15,18"
영일고등학교,7010216,2024-03-27,수,석식,132.0,맛살미역줄기볶음,5
영일고등학교,7010216,2024-03-27,수,석식,132.0,계란두부전*양념장,"1,5,6"
영일고등학교,7010216,2024-03-27,수,석식,132.0,배추김치,9
영일고등학교,7010216,2024-03-28,목,중식,781.0,찰흑미밥,
영일고등학교,7010216,2024-03-28,목,중식,781.0,된장찌개,"5,6,9"
영일고등학교,7010216,2024-03-28,목,중식,781.0,콩나물불고기,"5,6,10,13"
영일고등학교,7010216,2024-03-28,목,중식,781.0,동그랑땡전,"1,2,5,6,10,15,16"
영일고등학교,7010216,2024-03-28,목,중식,781.0,배추김치,9
영일고등학교,7010216,2024-03-28,목,중식,781.0,치커리사과생채,13
영일고등학교,7010216,2024-03-28,목,석식,144.0,쇠고기영양죽,16
영일고등학교,7010216,2024-03-28,목,석식,144.0,수제미니햄버거,"1,2,5,6,10,12,13,15,16"
영일고등학교,7010216,2024-03-28,목,석식,144.0,웨지감자오븐구이,"2,5,13"
영일고등학교,7010216,2024-03-28,목,석식,144.0,배추김치,9
영일고등학교,7010216,2024-03-28,목,석식,144.0,오이피클&할라피뇨,
영일고등학교,7010216,2024-03-28,목,석식,144.0,수제레모에이드,13
영일고등학교,7010216,2024-03-29,금,중식,781.0,아귀매운탕,"5,6"
영일고등학교,7010216,2024-03-29,금,중식,781.0,닭봉조림,"2,5,6,12,13,15"
영일고등학교,7010216,2024-03-29,금,중식,781.0,배추김치,9
영일고등학교,7010216,2024-03-29,금,중식,781.0,후루츠요거트샐러드,"1,2,5,6,11"
영일고등학교,7010216,2024-03-29,금,중식,781.0,참나물무생채,"5,6,13"
영일고등학교,7010216,2024-03-29,금,중식,781.0,가바현미밥,
영일고등학교,7010216,2024-03-29,금,중식,781.0,딸기맛도넛,"1,2,5,6"
영일고등학교,7010216,2024-03-29,금,석식,111.0,나물비빔밥(석식),"5,6,13,16"
영일고등학교,7010216,2024-03-29,금,석식,111.0,고르곤졸라피자,"1,2,5,6,12,13"
영일고등학교,7010216,2024-03-29,금,석식,111.0,버섯된장국,"5,6"
영일고등학교,7010216,2024-03-29,금,석식,111.0,계란후라이,"1,5"
영일고등학교,7010216,2024-03-29,금,석식,111.0,배추김치,9
영일고등학교,7010216,2024-03-29,금,석식,111.0,과일샐러드&요거트D,"1,2,5,6,11,12"
영일고등학교,7010216,2024-04-01,월,중식,794.0,김치찌개,"2,5,6,9,10,13,16"
영일고등학교,7010216,2024-04-01,월,중식,794.0,숙주나물,
영일고등학교,7010216,2024-04-01,월,중식,794.0,고구마치즈롤까스,"1,2,5,6,10,12,13,18"
영일고등학교,7010216,2024-04-01,월,중식,794.0,배추김치,9
영일고등학교,7010216,2024-04-01,월,중식,794.0,열대과일샐러드,"1,2,5,6"
영일고등학교,7010216,2024-04-01,월,중식,794.0,칼슘기장밥,
영일고등학교,7010216,2024-04-01,월,석식,146.0,베트남식볶음밥,"5,6,9,10,13,15,18"
영일고등학교,7010216,2024-04-01,월,석식,146.0,베트남식쇠고기쌀국수,16
영일고등학교,7010216,2024-04-01,월,석식,146.0,춘권&칠리S,"1,5,6,10,12,13"
영일고등학교,7010216,2024-04-01,월,석식,146.0,배추김치,9
영일고등학교,7010216,2024-04-01,월,석식,146.0,양파초절임,"5,6,13"
영일고등학교,7010216,2024-04-02,화,중식,794.0,찰현미밥,
영일고등학교,7010216,2024-04-02,화,중식,794.0,옥수수면야채무침,"5,6,13"
영일고등학교,7010216,2024-04-02,화,중식,794.0,제육볶음,"5,6,10,13"
영일고등학교,7010216,2024-04-02,화,중식,794.0,배추김치,9
영일고등학교,7010216,2024-04-02,화,중식,794.0,도토리묵*양념장,"5,6,13"
영일고등학교,7010216,2024-04-02,화,중식,794.0,미소된장국,"5,6"
영일고등학교,7010216,2024-04-02,화,석식,137.0,찰현미밥,
영일고등학교,7010216,2024-04-02,화,석식,137.0,얼갈이된장국,"5,6"
영일고등학교,7010216,2024-04-02,화,석식,137.0,청양크림함박스테이크,"1,2,5,6,10,12,13,16"
영일고등학교,7010216,2024-04-02,화,석식,137.0,시금치고추장나물,"5,6"
영일고등학교,7010216,2024-04-02,화,석식,137.0,배추김치,9
영일고등학교,7010216,2024-04-03,수,중식,794.0,스팸마요덮밥,"1,2,5,6,10,13,15,16,18"
영일고등학교,7010216,2024-04-03,수,중식,794.0,우동국물,"1,2,5,6,9"
영일고등학교,7010216,2024-04-03,수,중식,794.0,신전st떡볶이,"1,2,5,6,10,15,16"
영일고등학교,7010216,2024-04-03,수,중식,794.0,볶음김치,"5,9,13"
영일고등학교,7010216,2024-04-03,수,중식,794.0,어묵튀김&김말이튀김,"1,5,6,16"
영일고등학교,7010216,2024-04-03,수,석식,155.0,찰현미밥,
영일고등학교,7010216,2024-04-03,수,석식,155.0,맑은콩나물국,"5,6"
영일고등학교,7010216,2024-04-03,수,석식,155.0,상추사과무침,13
영일고등학교,7010216,2024-04-03,수,석식,155.0,제육떡볶음,"5,6,10,13"
영일고등학교,7010216,2024-04-03,수,석식,155.0,어묵깻잎전,"1,5,6"
영일고등학교,7010216,2024-04-03,수,석식,155.0,배추김치,9
영일고등학교,7010216,2024-04-04,목,중식,794.0,묵은지돼지갈비찜,"5,6,9,10,13"
영일고등학교,7010216,2024-04-04,목,중식,794.0,열무된장나물,"5,6,13"
영일고등학교,7010216,2024-04-04,목,중식,794.0,콘치즈구이,"2,13"
영일고등학교,7010216,2024-04-04,목,중식,794.0,찰흑미밥,
영일고등학교,7010216,2024-04-04,목,중식,794.0,감자국,"5,6,16"
영일고등학교,7010216,2024-04-04,목,중식,794.0,깍두기,9
영일고등학교,7010216,2024-04-04,목,석식,150.0,김가루주먹밥,"1,2,5,6,9,13,16,18"
영일고등학교,7010216,2024-04-04,목,석식,150.0,바지락칼국수,"5,6,18"
영일고등학교,7010216,2024-04-04,목,석식,150.0,배추겉절이,"9,13"
영일고등학교,7010216,2024-04-04,목,석식,150.0,대파돼지고기튀김,"13,18,5,6,10"
영일고등학교,7010216,2024-04-04,목,석식,150.0,파인애플,
영일고등학교,7010216,2024-04-05,금,중식,784.0,찰현미밥,
영일고등학교,7010216,2024-04-05,금,중식,784.0,순대국,"2,5,6,9,10,13,15,16"
영일고등학교,7010216,2024-04-05,금,중식,784.0,두부조림,"5,6,13"
영일고등학교,7010216,2024-04-05,금,중식,784.0,배추김치,9
영일고등학교,7010216,2024-04-05,금,중식,784.0,흑당버블라떼,2
영일고등학교,7010216,2024-04-05,금,중식,784.0,파스타샐러드,"1,2,5,6,12,13"
영일고등학교,7010216,2024-04-05,금,석식,94.0,참치생야채비빔밥,"5,6,13"
영일고등학교,7010216,2024-04-05,금,석식,94.0,비트무피클,13
영일고등학교,7010216,2024-04-05,금,석식,94.0,슈프림양념치킨,"1,2,5,6,12,13,15"
영일고등학교,7010216,2024-04-05,금,석식,94.0,배추김치,9
영일고등학교,7010216,2024-04-05,금,석식,94.0,미소된장국,"5,6"
영일고등학교,7010216,2024-04-08,월,중식,794.0,버섯매운수제비국,"5,6,7,13,18"
영일고등학교,7010216,2024-04-08,월,중식,794.0,진미채볶음,"4,5,6,13,17"
영일고등학교,7010216,2024-04-08,월,중식,794.0,아삭이고추쌈장무침,"5,6,13"
영일고등학교,7010216,2024-04-08,월,중식,794.0,간장불고기,"5,6,10,13,18"
영일고등학교,7010216,2024-04-08,월,중식,794.0,배추김치,9
영일고등학교,7010216,2024-04-08,월,중식,794.0,청포도랑 사과랑,13
영일고등학교,7010216,2024-04-08,월,중식,794.0,칼슘찹쌀밥,
영일고등학교,7010216,2024-04-08,월,석식,150.0,치즈돈까스덮밥,"1,2,5,6,10,12,13,16,18"
영일고등학교,7010216,2024-04-08,월,석식,150.0,팽이버섯된장국,"5,6"
영일고등학교,7010216,2024-04-08,월,석식,150.0,연근조림,"5,6,13"
영일고등학교,7010216,2024-04-08,월,석식,150.0,배추김치,9
영일고등학교,7010216,2024-04-08,월,석식,150.0,마시는 젤리,
영일고등학교,7010216,2024-04-09,화,중식,794.0,어묵국,"1,5,6"
영일고등학교,7010216,2024-04-09,화,중식,794.0,흑임자고구마맛탕,"5,6,13"
영일고등학교,7010216,2024-04-09,화,중식,794.0,석박지,9
영일고등학교,7010216,2024-04-09,화,중식,794.0,펄치즈토마토샐러드,"1,2,5,6,12,13"
영일고등학교,7010216,2024-04-09,화,중식,794.0,눈꽃치즈닭갈비,"2,5,6,12,13,15,16,18"
영일고등학교,7010216,2024-04-09,화,중식,794.0,찰흑미밥,
영일고등학교,7010216,2024-04-09,화,석식,150.0,혼합잡곡밥,5
영일고등학교,7010216,2024-04-09,화,석식,150.0,청국장,5
영일고등학교,7010216,2024-04-09,화,석식,150.0,상추겉절이,"5,6,13"
영일고등학교,7010216,2024-04-09,화,석식,150.0,모둠야채튀김,"1,5,6"
영일고등학교,7010216,2024-04-09,화,석식,150.0,꿀닭,"4,5,6,12,13,15"
영일고등학교,7010216,2024-04-09,화,석식,150.0,깍두기,9
영일고등학교,7010216,2024-04-11,목,중식,794.0,얼갈이쌈장나물,"5,6"
영일고등학교,7010216,2024-04-11,목,중식,794.0,소세지야채볶음,"2,5,6,10,12,13,15,16"
영일고등학교,7010216,2024-04-11,목,중식,794.0,계란말이,"1,5"
영일고등학교,7010216,2024-04-11,목,중식,794.0,배추김치,9
영일고등학교,7010216,2024-04-11,목,중식,794.0,칼슘기장밥,
영일고등학교,7010216,2024-04-11,목,중식,794.0,냉이된장국,"5,6"
영일고등학교,7010216,2024-04-11,목,석식,150.0,찹쌀밥,
영일고등학교,7010216,2024-04-11,목,석식,150.0,바지락살된장국,"5,6,18"
영일고등학교,7010216,2024-04-11,목,석식,150.0,돈육계란장조림,"1,5,6,10,13"
영일고등학교,7010216,2024-04-11,목,석식,150.0,사각어묵볶음,"1,5,6,13"
영일고등학교,7010216,2024-04-11,목,석식,150.0,파래김*양념장,"5,6"
영일고등학교,7010216,2024-04-11,목,석식,150.0,배추김치,9
영일고등학교,7010216,2024-04-12,금,중식,784.0,쌀밥,
영일고등학교,7010216,2024-04-12,금,중식,784.0,짜장면,"1,5,6,10,13,16,18"
영일고등학교,7010216,2024-04-12,금,중식,784.0,카스테라꽈배기,"1,2,5,6"
영일고등학교,7010216,2024-04-12,금,중식,784.0,실파계란국,"1,5,6"
영일고등학교,7010216,2024-04-12,금,중식,784.0,단무지부추무침,13
영일고등학교,7010216,2024-04-12,금,중식,784.0,꿔바로우*소스,"1,5,6,10,13"
영일고등학교,7010216,2024-04-12,금,중식,784.0,배추김치,9
영일고등학교,7010216,2024-04-12,금,석식,150.0,혼합잡곡밥,5
영일고등학교,7010216,2024-04-12,금,석식,150.0,조랑떡국,"1,5,6"
영일고등학교,7010216,2024-04-12,금,석식,150.0,단호박돈갈비조림,"5,6,10,13,18"
영일고등학교,7010216,2024-04-12,금,석식,150.0,생깻잎지,"5,6,13"
영일고등학교,7010216,2024-04-12,금,석식,150.0,새우살스크램블에그,"1,2,9,13"
영일고등학교,7010216,2024-04-12,금,석식,150.0,배추김치,9
영일고등학교,7010216,2024-04-15,월,중식,794.0,찰현미밥,
영일고등학교,7010216,2024-04-15,월,중식,794.0,쇠고기무국,"2,5,6,7,13,16,18"
영일고등학교,7010216,2024-04-15,월,중식,794.0,깍두기,9
영일고등학교,7010216,2024-04-15,월,중식,794.0,양배추샐러드,"1,5,12,13"
영일고등학교,7010216,2024-04-15,월,중식,794.0,크런키페스츄리돈파이,"1,5,6,10"
영일고등학교,7010216,2024-04-15,월,중식,794.0,건새우마늘쫑볶음,"5,6,9,13,18"
영일고등학교,7010216,2024-04-15,월,석식,150.0,찰흑미밥,
영일고등학교,7010216,2024-04-15,월,석식,150.0,다시마무채국,"5,6"
영일고등학교,7010216,2024-04-15,월,석식,150.0,진미채고추장조림,"4,5,6,13,17"
영일고등학교,7010216,2024-04-15,월,석식,150.0,알감자버터구이,"2,5,13"
영일고등학교,7010216,2024-04-15,월,석식,150.0,매콤돈육대파오븐구이,"5,6,10,12,13"
영일고등학교,7010216,2024-04-15,월,석식,150.0,배추김치,9
영일고등학교,7010216,2024-04-16,화,중식,794.0,찹쌀밥,
영일고등학교,7010216,2024-04-16,화,중식,794.0,맑은콩나물국,"5,6"
영일고등학교,7010216,2024-04-16,화,중식,794.0,닭봉바베큐구이,"2,5,6,12,13,15"
영일고등학교,7010216,2024-04-16,화,중식,794.0,쑥갓두부나물,5
영일고등학교,7010216,2024-04-16,화,중식,794.0,햄감자채볶음,"1,2,5,6,10,15,16"
영일고등학교,7010216,2024-04-16,화,중식,794.0,배추김치,9
영일고등학교,7010216,2024-04-16,화,석식,150.0,찹쌀밥,
영일고등학교,7010216,2024-04-16,화,석식,150.0,김치수제비국,"5,6,9"
영일고등학교,7010216,2024-04-16,화,석식,150.0,순두부찜*양념장,"5,6"
영일고등학교,7010216,2024-04-16,화,석식,150.0,수제밤떡갈비,"2,5,6,10,13,16"
영일고등학교,7010216,2024-04-16,화,석식,150.0,깍두기,9
영일고등학교,7010216,2024-04-17,수,중식,794.0,찰흑미밥,
영일고등학교,7010216,2024-04-17,수,중식,794.0,뼈다귀감자탕,"2,5,6,9,10,13,16"
영일고등학교,7010216,2024-04-17,수,중식,794.0,청포묵김무침,13
영일고등학교,7010216,2024-04-17,수,중식,794.0,계란옷입은 에그랑땡,"1,2,5,6,10,16,15"
영일고등학교,7010216,2024-04-17,수,중식,794.0,깍두기,9
영일고등학교,7010216,2024-04-17,수,중식,794.0,요거톡,2
영일고등학교,7010216,2024-04-17,수,석식,150.0,쌀밥,
영일고등학교,7010216,2024-04-17,수,석식,150.0,샤브칼국수,"5,6,16"
영일고등학교,7010216,2024-04-17,수,석식,150.0,열무된장나물,"5,6,13"
영일고등학교,7010216,2024-04-17,수,석식,150.0,고구마튀김,"5,6"
영일고등학교,7010216,2024-04-17,수,석식,150.0,수제인절미라떼,"1,2,5"
영일고등학교,7010216,2024-04-17,수,석식,150.0,깍두기,9
영일고등학교,7010216,2024-04-18,목,중식,794.0,찰현미밥,
영일고등학교,7010216,2024-04-18,목,중식,794.0,바지락미역국,"5,6,18"
영일고등학교,7010216,2024-04-18,목,중식,794.0,오이탕탕이,13
영일고등학교,7010216,2024-04-18,목,중식,794.0,백순대볶음,"2,5,6,10,13,16"
영일고등학교,7010216,2024-04-18,목,중식,794.0,배추김치,9
영일고등학교,7010216,2024-04-18,목,중식,794.0,부들어묵맛살볶음,"1,5,6,13"
영일고등학교,7010216,2024-04-18,목,석식,150.0,혼합잡곡밥,5
영일고등학교,7010216,2024-04-18,목,석식,150.0,수제육쪽마늘빵,"1,2,5,6,13"
영일고등학교,7010216,2024-04-18,목,석식,150.0,경상도식쇠고기무국,"5,6,16"
영일고등학교,7010216,2024-04-18,목,석식,150.0,감자조림,"5,6,13"
영일고등학교,7010216,2024-04-18,목,석식,150.0,제육볶음,"5,6,10,13,18"
영일고등학교,7010216,2024-04-18,목,석식,150.0,배추김치,9
영일고등학교,7010216,2024-04-19,금,중식,784.0,칼슘기장밥,
영일고등학교,7010216,2024-04-19,금,중식,784.0,부대찌개,"1,2,5,6,9,10,12,13,15,16"
영일고등학교,7010216,2024-04-19,금,중식,784.0,비빔만두,"5,6,13"
영일고등학교,7010216,2024-04-19,금,중식,784.0,배추김치,9
영일고등학교,7010216,2024-04-19,금,중식,784.0,슈퍼볼,"1,2,5,6"
영일고등학교,7010216,2024-04-19,금,중식,784.0,연근튀김,"5,6,12,13"
영일고등학교,7010216,2024-04-19,금,석식,150.0,옛날도시락,"1,2,5,6,9,10,13,15,16"
영일고등학교,7010216,2024-04-19,금,석식,150.0,두부새우젓국,"5,6,9"
영일고등학교,7010216,2024-04-19,금,석식,150.0,수제후라이드치킨,"5,6,13,15"
영일고등학교,7010216,2024-04-19,금,석식,150.0,깍두기,9
영일고등학교,7010216,2024-04-19,금,석식,150.0,바나나요거트,2
영일고등학교,7010216,2024-04-29,월,중식,794.0,김밥볶음밥,"1,2,5,6,9,10,15,16"
영일고등학교,7010216,2024-04-29,월,중식,794.0,미니우동,"1,2,5,6,7,9,13,18"
영일고등학교,7010216,2024-04-29,월,중식,794.0,알감자버터구이,"2,5,13"
영일고등학교,7010216,2024-04-29,월,중식,794.0,깍두기,9
영일고등학교,7010216,2024-04-29,월,중식,794.0,카스테라인절미,"1,2,5,6"
영일고등학교,7010216,2024-04-29,월,중식,794.0,후루츠요거트샐러드,"1,2,5,6,11"
영일고등학교,7010216,2024-04-29,월,석식,150.0,칠리핫도그,"1,2,5,6,10,12,13,15,16"
영일고등학교,7010216,2024-04-29,월,석식,150.0,순두부김칫국,"5,6,9"
영일고등학교,7010216,2024-04-29,월,석식,150.0,배추김치,9
영일고등학교,7010216,2024-04-29,월,석식,150.0,수제꿀토마토주스,"12,13"
영일고등학교,7010216,2024-04-29,월,석식,150.0,콩나물밥&양념장,"5,6,13"
영일고등학교,7010216,2024-04-30,화,중식,794.0,쌀밥,
영일고등학교,7010216,2024-04-30,화,중식,794.0,마라탕,"5,6,13"
영일고등학교,7010216,2024-04-30,화,중식,794.0,콩나물무침,5
영일고등학교,7010216,2024-04-30,화,중식,794.0,수제탕수육*레몬S,"5,6,10,13"
영일고등학교,7010216,2024-04-30,화,중식,794.0,배추김치,9
영일고등학교,7010216,2024-04-30,화,중식,794.0,그린샐러드*딸기D,"1,2,5,6,12,13"
영일고등학교,7010216,2024-04-30,화,석식,150.0,닭살데리야끼볶음밥,"5,6,13,15,18"
영일고등학교,7010216,2024-04-30,화,석식,150.0,잔치국수,"1,5,6,9,13"
영일고등학교,7010216,2024-04-30,화,석식,150.0,배추김치,9
영일고등학교,7010216,2024-04-30,화,석식,150.0,음료,13
영일고등학교,7010216,2024-04-30,화,석식,150.0,떡볶이,"2,5,6,10,13,15,16"
영일고등학교,7010216,2024-05-02,목,중식,789.0,찰흑미밥,
영일고등학교,7010216,2024-05-02,목,중식,789.0,순두부찌개,"1,5,6,8,9,10,13,16,17,18"
영일고등학교,7010216,2024-05-02,목,중식,789.0,쥬키니호박볶음,13
영일고등학교,7010216,2024-05-02,목,중식,789.0,순살안동찜닭,"5,6,13,15,18"
영일고등학교,7010216,2024-05-02,목,중식,789.0,깍두기,9
영일고등학교,7010216,2024-05-02,목,중식,789.0,도시락김,
영일고등학교,7010216,2024-05-02,목,석식,137.0,찰흑미밥,
영일고등학교,7010216,2024-05-02,목,석식,137.0,닭칼국수,"5,6,15"
영일고등학교,7010216,2024-05-02,목,석식,137.0,배추겉절이,"9,13"
영일고등학교,7010216,2024-05-02,목,석식,137.0,비엔나케찹볶음,"2,5,6,10,12,13,15,16,18"
영일고등학교,7010216,2024-05-02,목,석식,137.0,갈비만두구이,"1,5,6,10,16,18"
영일고등학교,7010216,2024-05-07,화,중식,789.0,칼슘찹쌀밥,
영일고등학교,7010216,2024-05-07,화,중식,789.0,사골우거지국,"5,6,13,16"
영일고등학교,7010216,2024-05-07,화,중식,789.0,오이부추무침,13
영일고등학교,7010216,2024-05-07,화,중식,789.0,간장돼지불고기,"5,6,10,13,18"
영일고등학교,7010216,2024-05-07,화,중식,789.0,깍두기,9
영일고등학교,7010216,2024-05-07,화,중식,789.0,소다맛아이스크림,2
영일고등학교,7010216,2024-05-07,화,석식,137.0,칼슘찹쌀밥,
영일고등학교,7010216,2024-05-07,화,석식,137.0,닭곰탕,"5,6,15"
영일고등학교,7010216,2024-05-07,화,석식,137.0,양념어묵볶음,"1,5,6,13"
영일고등학교,7010216,2024-05-07,화,석식,137.0,소보로회오리감자,"5,6"
영일고등학교,7010216,2024-05-07,화,석식,137.0,석박지,9
영일고등학교,7010216,2024-05-07,화,석식,137.0,복숭아아이스티,11
영일고등학교,7010216,2024-05-08,수,중식,789.0,스팸계란볶음밥,"1,2,5,6,10,15,16"
영일고등학교,7010216,2024-05-08,수,중식,789.0,유부장국,"1,5,6"
영일고등학교,7010216,2024-05-08,수,중식,789.0,무말랭이진미무침,17
영일고등학교,7010216,2024-05-08,수,중식,789.0,너비아니&파채,"5,6,10,13,15,16,18"
영일고등학교,7010216,2024-05-08,수,중식,789.0,백김치,9
영일고등학교,7010216,2024-05-08,수,중식,789.0,미니바닐라크라운,"1,2,5,6"
영일고등학교,7010216,2024-05-08,수,석식,129.0,찰보리밥,
영일고등학교,7010216,2024-05-08,수,석식,129.0,메밀국수무침,"3,5,6,13"
영일고등학교,7010216,2024-05-08,수,석식,129.0,매콤콩나물국,"5,6"
영일고등학교,7010216,2024-05-08,수,석식,129.0,마늘보쌈,"5,6,10,13"
영일고등학교,7010216,2024-05-08,수,석식,129.0,깍두기,9
영일고등학교,7010216,2024-05-08,수,석식,129.0,크림치즈미니꽈배기,"1,2,5,6"
영일고등학교,7010216,2024-05-09,목,중식,789.0,찰현미밥,
영일고등학교,7010216,2024-05-09,목,중식,789.0,실파계란국,"1,5,6"
영일고등학교,7010216,2024-05-09,목,중식,789.0,묵은지돼지갈비찜,"5,6,9,10,13"
영일고등학교,7010216,2024-05-09,목,중식,789.0,쑥갓두부나물,5
영일고등학교,7010216,2024-05-09,목,중식,789.0,깍두기,9
영일고등학교,7010216,2024-05-09,목,중식,789.0,마카로니샐러드,"1,2,5,6,10,13,15,16"
영일고등학교,7010216,2024-05-09,목,석식,152.0,찰현미밥,
영일고등학교,7010216,2024-05-09,목,석식,152.0,꽃게탕,"5,6,8"
영일고등학교,7010216,2024-05-09,목,석식,152.0,꽈리고추감자조림,"5,6,13"
영일고등학교,7010216,2024-05-09,목,석식,152.0,더블치즈스테이크,"1,2,5,6,10,12,13,15,16"
영일고등학교,7010216,2024-05-09,목,석식,152.0,배추김치,9
영일고등학교,7010216,2024-05-09,목,석식,152.0,초코도넛,"1,2,5,6"
영일고등학교,7010216,2024-05-10,금,중식,789.0,칼슘기장밥,
영일고등학교,7010216,2024-05-10,금,중식,789.0,쇠고기무국,"2,5,6,13,16"
영일고등학교,7010216,2024-05-10,금,중식,789.0,숙주나물,
영일고등학교,7010216,2024-05-10,금,중식,789.0,햄감자채볶음,"1,2,5,6,10,15,16"
영일고등학교,7010216,2024-05-10,금,중식,789.0,순살고등어구이,"5,6,7,13"
영일고등학교,7010216,2024-05-10,금,중식,789.0,배추김치,9
영일고등학교,7010216,2024-05-10,금,석식,77.0,열무보리비빔밥,"5,6,9"
영일고등학교,7010216,2024-05-10,금,석식,77.0,연한된장국,"5,6"
영일고등학교,7010216,2024-05-10,금,석식,77.0,자메이카저크가슴살치킨,"1,5,6,12,13,15"
영일고등학교,7010216,2024-05-10,금,석식,77.0,배추김치,9
영일고등학교,7010216,2024-05-10,금,석식,77.0,요구르트,2
영일고등학교,7010216,2024-05-13,월,중식,789.0,칼슘찹쌀밥,
영일고등학교,7010216,2024-05-13,월,중식,789.0,김치콩나물국,"5,9"
영일고등학교,7010216,2024-05-13,월,중식,789.0,청포묵김무침,13
영일고등학교,7010216,2024-05-13,월,중식,789.0,LA돼지갈비구이,"5,6,10,13"
영일고등학교,7010216,2024-05-13,월,중식,789.0,깍두기,9
영일고등학교,7010216,2024-05-13,월,중식,789.0,부추겉절이,13
영일고등학교,7010216,2024-05-13,월,석식,137.0,수제치킨마요덮밥,"1,2,5,6,13,15"
영일고등학교,7010216,2024-05-13,월,석식,137.0,탱글뽀득핫도그&케찹,"1,2,5,6,10,12,16"
영일고등학교,7010216,2024-05-13,월,석식,137.0,순두부김칫국,"5,6,9"
영일고등학교,7010216,2024-05-13,월,석식,137.0,배추김치,9
영일고등학교,7010216,2024-05-13,월,석식,137.0,수제레몬에이드,13
영일고등학교,7010216,2024-05-14,화,중식,789.0,찰보리밥,
영일고등학교,7010216,2024-05-14,화,중식,789.0,물만두국,"1,5,6,10,16,18"
영일고등학교,7010216,2024-05-14,화,중식,789.0,오이지무침,
영일고등학교,7010216,2024-05-14,화,중식,789.0,돈육폭찹,"5,6,10,12,13,16"
영일고등학교,7010216,2024-05-14,화,중식,789.0,계란찜,"1,5"
영일고등학교,7010216,2024-05-14,화,중식,789.0,배추김치,9
영일고등학교,7010216,2024-05-14,화,중식,789.0,꽃케이크,"1,2,5,6"
영일고등학교,7010216,2024-05-14,화,석식,129.0,차슈덮밥,"1,2,5,6,9,10,13,16,18"
영일고등학교,7010216,2024-05-14,화,석식,129.0,매운어묵국,"1,5,6"
영일고등학교,7010216,2024-05-14,화,석식,129.0,감자튀김,"5,6,12"
영일고등학교,7010216,2024-05-14,화,석식,129.0,배추김치,9
영일고등학교,7010216,2024-05-14,화,석식,129.0,딸기잼파이,"1,2,5,6"
영일고등학교,7010216,2024-05-16,목,중식,789.0,찰흑미밥,
영일고등학교,7010216,2024-05-16,목,중식,789.0,도토리묵김치무침,"9,13"
영일고등학교,7010216,2024-05-16,목,중식,789.0,파래자반,"5,13"
영일고등학교,7010216,2024-05-16,목,중식,789.0,찹쌀탕수육&소스,"1,5,6,10,11,12,13"
영일고등학교,7010216,2024-05-16,목,중식,789.0,깍두기,9
영일고등학교,7010216,2024-05-16,목,중식,789.0,돼지고기짜글이,"5,6,7,9,10,13,18"
영일고등학교,7010216,2024-05-16,목,석식,133.0,나물비빔밥,"5,6,13,16"
영일고등학교,7010216,2024-05-16,목,석식,133.0,맑은콩나물국,"5,6"
영일고등학교,7010216,2024-05-16,목,석식,133.0,낙지호롱꼬지구이,"6,12,13,18"
영일고등학교,7010216,2024-05-16,목,석식,133.0,배추김치,9
영일고등학교,7010216,2024-05-16,목,석식,133.0,파인애플,
영일고등학교,7010216,2024-05-17,금,중식,789.0,마늘쫑베이컨볶음밥,"1,5,6,10,13,18"
영일고등학교,7010216,2024-05-17,금,중식,789.0,메밀소바,"3,5,6,7,13,18"
영일고등학교,7010216,2024-05-17,금,중식,789.0,배추김치,9
영일고등학교,7010216,2024-05-17,금,중식,789.0,초코바나나아이스크림,"1,2,5"
영일고등학교,7010216,2024-05-17,금,중식,789.0,소떡소떡,2
영일고등학교,7010216,2024-05-17,금,중식,789.0,단무지,
영일고등학교,7010216,2024-05-17,금,석식,77.0,가바현미밥,
영일고등학교,7010216,2024-05-17,금,석식,77.0,된장찌개,"5,6,9"
영일고등학교,7010216,2024-05-17,금,석식,77.0,백순대볶음,"2,5,6,10,13,16"
영일고등학교,7010216,2024-05-17,금,석식,77.0,스테이크볼파스타,"1,2,5,6,10,12,13,15,16"
영일고등학교,7010216,2024-05-17,금,석식,77.0,배추김치,9
영일고등학교,7010216,2024-05-17,금,석식,77.0,양배추샐러드*사우전D,"1,5,12,13"
영일고등학교,7010216,2024-05-20,월,중식,789.0,칼슘기장밥,
영일고등학교,7010216,2024-05-20,월,중식,789.0,들깨미역국,"5,6"
영일고등학교,7010216,2024-05-20,월,중식,789.0,양배추쌈&두부쌈장,"5,6"
영일고등학교,7010216,2024-05-20,월,중식,789.0,제육볶음,"5,6,10,13,18"
영일고등학교,7010216,2024-05-20,월,중식,789.0,멸치볶음,"5,6,13"
영일고등학교,7010216,2024-05-20,월,중식,789.0,배추김치,9
영일고등학교,7010216,2024-05-20,월,석식,134.0,가쓰오돈까스덮밥,"1,5,6,7,10,13,18"
영일고등학교,7010216,2024-05-20,월,석식,134.0,우동국물,"1,2,5,6,9"
영일고등학교,7010216,2024-05-20,월,석식,134.0,알감자꼬치,"1,5,6,13"
영일고등학교,7010216,2024-05-20,월,석식,134.0,깍두기,9
영일고등학교,7010216,2024-05-20,월,석식,134.0,포도,
영일고등학교,7010216,2024-05-21,화,중식,789.0,찰현미밥,
영일고등학교,7010216,2024-05-21,화,중식,789.0,애호박고추장찌개,"5,6"
영일고등학교,7010216,2024-05-21,화,중식,789.0,얼갈이쌈장나물,"5,6"
영일고등학교,7010216,2024-05-21,화,중식,789.0,오징어초무침,"13,17"
영일고등학교,7010216,2024-05-21,화,중식,789.0,깍두기,9
영일고등학교,7010216,2024-05-21,화,중식,789.0,바삭등심돈까스,"1,2,5,6,10,12,13,18"
영일고등학교,7010216,2024-05-21,화,석식,129.0,찰현미밥,
영일고등학교,7010216,2024-05-21,화,석식,129.0,맑은된장감자국,"5,6"
영일고등학교,7010216,2024-05-21,화,석식,129.0,삼겹살두부두루치기,"5,6,10,13"
영일고등학교,7010216,2024-05-21,화,석식,129.0,상추겉절이,"5,6,13"
영일고등학교,7010216,2024-05-21,화,석식,129.0,참치계란전,"1,5"
영일고등학교,7010216,2024-05-21,화,석식,129.0,배추김치,9
영일고등학교,7010216,2024-05-22,수,중식,789.0,칼슘찹쌀밥,
영일고등학교,7010216,2024-05-22,수,중식,789.0,미니우동,"1,2,5,6,7,9,13,18"
영일고등학교,7010216,2024-05-22,수,중식,789.0,쇠고기두부조림,"5,6,13,16"
영일고등학교,7010216,2024-05-22,수,중식,789.0,깍두기,9
영일고등학교,7010216,2024-05-22,수,중식,789.0,잡채군만두*비빔야채,"1,5,6,10,13,16,18"
영일고등학교,7010216,2024-05-22,수,중식,789.0,초코테린느더블쿠키,"1,2,5,6"
영일고등학교,7010216,2024-05-22,수,석식,142.0,김가루주먹밥,"1,2,5,6,9,13,16,18"
영일고등학교,7010216,2024-05-22,수,석식,142.0,김치말이국수,"1,5,6,9,13,16"
영일고등학교,7010216,2024-05-22,수,석식,142.0,오이생채,13
영일고등학교,7010216,2024-05-22,수,석식,142.0,계란두부전*양념장,"1,5,6"
영일고등학교,7010216,2024-05-22,수,석식,142.0,깍두기,9
영일고등학교,7010216,2024-05-22,수,석식,142.0,수제바나나쉐이크,"1,2,5"
영일고등학교,7010216,2024-05-23,목,중식,789.0,김치볶음밥,"5,9,10,13"
영일고등학교,7010216,2024-05-23,목,중식,789.0,임실치즈쏙쏙핫도그,"1,2,5,6,10,16"
영일고등학교,7010216,2024-05-23,목,중식,789.0,얼갈이된장국,"5,6"
영일고등학교,7010216,2024-05-23,목,중식,789.0,깍두기,9
영일고등학교,7010216,2024-05-23,목,중식,789.0,요구르트,2
영일고등학교,7010216,2024-05-23,목,중식,789.0,도토리묵*양념장,"5,6,13"
영일고등학교,7010216,2024-05-23,목,석식,133.0,오므라이스,"1,2,5,6,10,12,13,16"
영일고등학교,7010216,2024-05-23,목,석식,133.0,미니짬뽕,"5,6,9,13,17,18"
영일고등학교,7010216,2024-05-23,목,석식,133.0,소세지떡볶음,"2,5,6,10,12,13,15,16"
영일고등학교,7010216,2024-05-23,목,석식,133.0,배추김치,9
영일고등학교,7010216,2024-05-23,목,석식,133.0,치커리사과생채,13
영일고등학교,7010216,2024-05-24,금,중식,789.0,가바현미밥,
영일고등학교,7010216,2024-05-24,금,중식,789.0,황태감자국,"5,6"
영일고등학교,7010216,2024-05-24,금,중식,789.0,매운돼지갈비찜,"2,5,6,10,13,18"
영일고등학교,7010216,2024-05-24,금,중식,789.0,콩나물무침,5
영일고등학교,7010216,2024-05-24,금,중식,789.0,오징어실채볶음,"5,6,13,17"
영일고등학교,7010216,2024-05-24,금,중식,789.0,배추김치,9
영일고등학교,7010216,2024-05-24,금,석식,118.0,삼겹살깍두기볶음밥,"2,5,9,10"
영일고등학교,7010216,2024-05-24,금,석식,118.0,오이미역냉국,13
영일고등학교,7010216,2024-05-24,금,석식,118.0,계란후라이,"1,5"
영일고등학교,7010216,2024-05-24,금,석식,118.0,스테이크볼꼬치,"1,2,5,6,10,12,13,15,16"
영일고등학교,7010216,2024-05-24,금,석식,118.0,배추김치,9
영일고등학교,7010216,2024-05-27,월,중식,789.0,칼슘기장밥,
영일고등학교,7010216,2024-05-27,월,중식,789.0,참치김치찌개,"2,5,6,9,13,16"
영일고등학교,7010216,2024-05-27,월,중식,789.0,돼지고기자장불고기,"5,6,10,13,16"
영일고등학교,7010216,2024-05-27,월,중식,789.0,파래자반,"5,13"
영일고등학교,7010216,2024-05-27,월,중식,789.0,스팸구이,"1,2,5,6,10,15,16"
영일고등학교,7010216,2024-05-27,월,중식,789.0,깍두기,9
영일고등학교,7010216,2024-05-27,월,석식,135.0,소보루덮밥,"1,5,6,9,13,16"
영일고등학교,7010216,2024-05-27,월,석식,135.0,호밀잼파이,"1,2,5"
영일고등학교,7010216,2024-05-27,월,석식,135.0,김치유부국,"5,9"
영일고등학교,7010216,2024-05-27,월,석식,135.0,감자두부조림,"5,6,13"
영일고등학교,7010216,2024-05-27,월,석식,135.0,깍두기,9
영일고등학교,7010216,2024-05-28,화,중식,789.0,쌀밥,
영일고등학교,7010216,2024-05-28,화,중식,789.0,시금치된장국,"5,6"
영일고등학교,7010216,2024-05-28,화,중식,789.0,양념깻잎지,
영일고등학교,7010216,2024-05-28,화,중식,789.0,비엔나케찹볶음,"2,5,6,10,12,13,15,16,18"
영일고등학교,7010216,2024-05-28,화,중식,789.0,일식풍가자미튀김,"5,6"
영일고등학교,7010216,2024-05-28,화,중식,789.0,배추김치,9
영일고등학교,7010216,2024-05-28,화,석식,129.0,참치마요주먹밥,"1,5"
영일고등학교,7010216,2024-05-28,화,석식,129.0,잔치국수,"1,5,6,9,13"
영일고등학교,7010216,2024-05-28,화,석식,129.0,닭다리살파닭꼬치,"5,6,15"
영일고등학교,7010216,2024-05-28,화,석식,129.0,배추김치,9
영일고등학교,7010216,2024-05-28,화,석식,129.0,꼬들단무지,
영일고등학교,7010216,2024-05-29,수,중식,789.0,땡초불고기볶음밥,"1,2,5,6,9,13,16,18"
영일고등학교,7010216,2024-05-29,수,중식,789.0,다시마무채국,"5,6"
영일고등학교,7010216,2024-05-29,수,중식,789.0,콩나물부추무침,5
영일고등학교,7010216,2024-05-29,수,중식,789.0,소보로회오리감자,"5,6"
영일고등학교,7010216,2024-05-29,수,중식,789.0,배추김치,9
영일고등학교,7010216,2024-05-29,수,중식,789.0,음료,12
영일고등학교,7010216,2024-05-29,수,석식,142.0,미니초코슈,"1,2,5,6"
영일고등학교,7010216,2024-05-29,수,석식,142.0,홍합탕,18
영일고등학교,7010216,2024-05-29,수,석식,142.0,마파두부,"5,6,10,12,13,18"
영일고등학교,7010216,2024-05-29,수,석식,142.0,닭다리살오븐구이,"5,6,13,15"
영일고등학교,7010216,2024-05-29,수,석식,142.0,배추김치,9
영일고등학교,7010216,2024-05-30,목,중식,789.0,찰흑미밥,
영일고등학교,7010216,2024-05-30,목,중식,789.0,사골떡국,"5,6,13,16"
영일고등학교,7010216,2024-05-30,목,중식,789.0,오이탕탕이,13
영일고등학교,7010216,2024-05-30,목,중식,789.0,닭살카레볶음,"2,5,6,12,13,15,16,18"
영일고등학교,7010216,2024-05-30,목,중식,789.0,동그랑땡계란전,"1,2,5,6,10,15,16"
영일고등학교,7010216,2024-05-30,목,중식,789.0,배추김치,9
영일고등학교,7010216,2024-05-30,목,석식,133.0,찰현미밥,
영일고등학교,7010216,2024-05-30,목,석식,133.0,등뼈감자탕,"5,6,9,10"
영일고등학교,7010216,2024-05-30,목,석식,133.0,아삭이고추쌈장무침,"5,6,13"
영일고등학교,7010216,2024-05-30,목,석식,133.0,해물부추전,"1,5,6,9,13,17"
영일고등학교,7010216,2024-05-30,목,석식,133.0,배추김치,9
영일고등학교,7010216,2024-05-31,금,중식,789.0,어묵무국,"1,5,6"
영일고등학교,7010216,2024-05-31,금,중식,789.0,단무지부추무침,13
영일고등학교,7010216,2024-05-31,금,중식,789.0,안심까스,"1,2,5,6,10"
영일고등학교,7010216,2024-05-31,금,중식,789.0,배추김치,9
영일고등학교,7010216,2024-05-31,금,중식,789.0,카레라이스,"2,5,6,10,12,13,16,18"
영일고등학교,7010216,2024-05-31,금,중식,789.0,후루츠요거트샐러드,"1,2,5,6,11"
영일고등학교,7010216,2024-05-31,금,석식,77.0,가바현미밥,
영일고등학교,7010216,2024-05-31,금,석식,77.0,된장찌개,"5,6,9"
영일고등학교,7010216,2024-05-31,금,석식,77.0,등갈비양념구이,"5,6,10,12,13"
영일고등학교,7010216,2024-05-31,금,석식,77.0,배추김치,9
영일고등학교,7010216,2024-05-31,금,석식,77.0,생크림단호박샐러드,"2,13"
영일고등학교,7010216,2024-05-31,금,석식,77.0,참나물무생채,"5,6,13"
영일고등학교,7010216,2024-06-03,월,중식,793.0,찰현미밥,
영일고등학교,7010216,2024-06-03,월,중식,793.0,미역국,"5,6"
영일고등학교,7010216,2024-06-03,월,중식,793.0,숙주나물,
영일고등학교,7010216,2024-06-03,월,중식,793.0,한식잡채,"5,6,10,13"
영일고등학교,7010216,2024-06-03,월,중식,793.0,하와이안불치킨까스,"1,2,5,6,12,13,15"
영일고등학교,7010216,2024-06-03,월,중식,793.0,배추김치,9
영일고등학교,7010216,2024-06-03,월,석식,125.0,오므라이스,"1,2,5,6,10,12,13,16"
영일고등학교,7010216,2024-06-03,월,석식,125.0,탱글뽀득핫도그&케찹,"1,2,5,6,10,12,16"
영일고등학교,7010216,2024-06-03,월,석식,125.0,버섯매운수제비국,"5,6"
영일고등학교,7010216,2024-06-03,월,석식,125.0,배추김치,9
영일고등학교,7010216,2024-06-03,월,석식,125.0,딸기바나나우유,"2,13"
영일고등학교,7010216,2024-06-04,화,중식,793.0,찰흑미밥,
영일고등학교,7010216,2024-06-04,화,중식,793.0,실파계란국,"1,5,6"
영일고등학교,7010216,2024-06-04,화,중식,793.0,콩나물불고기,"5,6,10,13"
영일고등학교,7010216,2024-06-04,화,중식,793.0,청포묵김무침,13
영일고등학교,7010216,2024-06-04,화,중식,793.0,배추김치,9
영일고등학교,7010216,2024-06-04,화,중식,793.0,요구르트,2
영일고등학교,7010216,2024-06-04,화,석식,128.0,발아현미밥,
영일고등학교,7010216,2024-06-04,화,석식,128.0,바게트빵*블루베리크림치즈,"2,5,6,13"
영일고등학교,7010216,2024-06-04,화,석식,128.0,된장찌개,"5,6,9"
영일고등학교,7010216,2024-06-04,화,석식,128.0,돼지갈비찜,"5,6,10,13,18"
영일고등학교,7010216,2024-06-04,화,석식,128.0,김치전,"5,6,9"
영일고등학교,7010216,2024-06-04,화,석식,128.0,총각김치,9
영일고등학교,7010216,2024-06-05,수,중식,793.0,가바현미밥,
영일고등학교,7010216,2024-06-05,수,중식,793.0,오징어국,"5,6,17"
영일고등학교,7010216,2024-06-05,수,중식,793.0,무말랭이,
영일고등학교,7010216,2024-06-05,수,중식,793.0,눈꽃치즈닭갈비,"2,5,6,12,13,15,16,18"
영일고등학교,7010216,2024-06-05,수,중식,793.0,깍두기,9
영일고등학교,7010216,2024-06-05,수,중식,793.0,콘샐러드,"1,5,6,13"
영일고등학교,7010216,2024-06-05,수,석식,126.0,장조림버터비빔밥,"1,2,5,6,9,10,13,16,18"
영일고등학교,7010216,2024-06-05,수,석식,126.0,다시마무채국,"5,6"
영일고등학교,7010216,2024-06-05,수,석식,126.0,멕시칸치폴레브리또,"2,5,6,12"
영일고등학교,7010216,2024-06-05,수,석식,126.0,깍두기,9
영일고등학교,7010216,2024-06-05,수,석식,126.0,도시락김,
영일고등학교,7010216,2024-06-07,금,중식,793.0,칼슘기장밥,
영일고등학교,7010216,2024-06-07,금,중식,793.0,맑은콩나물국,"5,6"
영일고등학교,7010216,2024-06-07,금,중식,793.0,진미채고추장조림,"5,6,13,17"
영일고등학교,7010216,2024-06-07,금,중식,793.0,달달볶은어니언떡갈비,"5,6,10,15,16,18"
영일고등학교,7010216,2024-06-07,금,중식,793.0,배추김치,9
영일고등학교,7010216,2024-06-07,금,중식,793.0,펄치즈토마토샐러드*발사믹D,"1,2,5,6,12,13"
영일고등학교,7010216,2024-06-07,금,석식,64.0,가바현미밥,
영일고등학교,7010216,2024-06-07,금,석식,64.0,육개장,"1,5,6,16"
영일고등학교,7010216,2024-06-07,금,석식,64.0,건파래볶음,"5,13"
영일고등학교,7010216,2024-06-07,금,석식,64.0,스팸구이,"1,2,5,6,10,15,16"
영일고등학교,7010216,2024-06-07,금,석식,64.0,배추김치,9
영일고등학교,7010216,2024-06-07,금,석식,64.0,복숭아아이스티,11
영일고등학교,7010216,2024-06-10,월,중식,793.0,귀리밥,
영일고등학교,7010216,2024-06-10,월,중식,793.0,쇠고기무국,"2,5,6,13,16"
영일고등학교,7010216,2024-06-10,월,중식,793.0,상추겉절이,"5,6,13"
영일고등학교,7010216,2024-06-10,월,중식,793.0,간장돼지불고기,"5,6,10,13,18"
영일고등학교,7010216,2024-06-10,월,중식,793.0,계란후라이*케찹,"1,5,12"
영일고등학교,7010216,2024-06-10,월,중식,793.0,배추김치,9
영일고등학교,7010216,2024-06-10,월,석식,126.0,나물비빔밥,"5,6,13,16"
영일고등학교,7010216,2024-06-10,월,석식,126.0,청양크림함박스테이크,"1,2,5,6,10,12,13,16"
영일고등학교,7010216,2024-06-10,월,석식,126.0,배추김치,9
영일고등학교,7010216,2024-06-10,월,석식,126.0,도토리묵*양념장,"5,6,13"
영일고등학교,7010216,2024-06-10,월,석식,126.0,과일화채,"2,13"
영일고등학교,7010216,2024-06-11,화,중식,793.0,찹쌀밥,
영일고등학교,7010216,2024-06-11,화,중식,793.0,순대국,"2,5,6,9,10,13,15,16"
영일고등학교,7010216,2024-06-11,화,중식,793.0,콩나물무침,5
영일고등학교,7010216,2024-06-11,화,중식,793.0,부들어묵맛살볶음,"1,5,6,13"
영일고등학교,7010216,2024-06-11,화,중식,793.0,에그랑땡,"1,2,5,6,10,15,16"
영일고등학교,7010216,2024-06-11,화,중식,793.0,깍두기,9
영일고등학교,7010216,2024-06-11,화,중식,793.0,주스,
영일고등학교,7010216,2024-06-11,화,석식,128.0,강된장보리비빔밥,"5,6,16,18"
영일고등학교,7010216,2024-06-11,화,석식,128.0,고르곤졸라피자,"2,5,6,12,13"
영일고등학교,7010216,2024-06-11,화,석식,128.0,미소된장국,"5,6"
영일고등학교,7010216,2024-06-11,화,석식,128.0,열무김치,9
영일고등학교,7010216,2024-06-11,화,석식,128.0,수제딸기요거트,"1,2,5,6,13"
영일고등학교,7010216,2024-06-12,수,중식,793.0,쌀밥,
영일고등학교,7010216,2024-06-12,수,중식,793.0,우동국물,"1,2,5,6,9"
영일고등학교,7010216,2024-06-12,수,중식,793.0,단무지부추무침,13
영일고등학교,7010216,2024-06-12,수,중식,793.0,콘치즈돈까스&돈까스소스,"1,2,5,6,10"
영일고등학교,7010216,2024-06-12,수,중식,793.0,배추김치,9
영일고등학교,7010216,2024-06-12,수,중식,793.0,망고주스,13
영일고등학교,7010216,2024-06-12,수,중식,793.0,짜장소스,"5,6,10,13,16,18"
영일고등학교,7010216,2024-06-12,수,석식,127.0,가바현미밥,
영일고등학교,7010216,2024-06-12,수,석식,127.0,김치수제비국,"6,9"
영일고등학교,7010216,2024-06-12,수,석식,127.0,햄감자채볶음,"1,2,5,6,10,15,16"
영일고등학교,7010216,2024-06-12,수,석식,127.0,순살안동찜닭,"5,6,13,15"
영일고등학교,7010216,2024-06-12,수,석식,127.0,날치알치즈계란찜,"1,2"
영일고등학교,7010216,2024-06-12,수,석식,127.0,배추김치,9
영일고등학교,7010216,2024-06-13,목,중식,793.0,찰현미밥,
영일고등학교,7010216,2024-06-13,목,중식,793.0,유부장국,"1,5,6"
영일고등학교,7010216,2024-06-13,목,중식,793.0,양배추쌈,"5,6"
영일고등학교,7010216,2024-06-13,목,중식,793.0,제육볶음,"5,6,10,13,18"
영일고등학교,7010216,2024-06-13,목,중식,793.0,배추김치,9
영일고등학교,7010216,2024-06-13,목,중식,793.0,저염쌈장,"5,6"
영일고등학교,7010216,2024-06-13,목,중식,793.0,파스타샐러드,"1,2,5,6,12,13"
영일고등학교,7010216,2024-06-13,목,석식,118.0,찰흑미밥,
영일고등학교,7010216,2024-06-13,목,석식,118.0,사골떡만두국,"1,5,6,10,13,16,18"
영일고등학교,7010216,2024-06-13,목,석식,118.0,방울순대볶음,"2,5,6,10,13,16"
영일고등학교,7010216,2024-06-13,목,석식,118.0,레몬슬러쉬,"1,2,5"
영일고등학교,7010216,2024-06-13,목,석식,118.0,깍두기,9
영일고등학교,7010216,2024-06-13,목,석식,118.0,치커리사과생채,13
영일고등학교,7010216,2024-06-14,금,중식,793.0,칼슘찹쌀밥,
영일고등학교,7010216,2024-06-14,금,중식,793.0,닭봉맛초킹,"2,5,6,12,13,15"
영일고등학교,7010216,2024-06-14,금,중식,793.0,메추리알곤약조림,"1,5,6,13"
영일고등학교,7010216,2024-06-14,금,중식,793.0,도토리묵사발,"1,5,6,9,13"
영일고등학교,7010216,2024-06-14,금,중식,793.0,깍두기,9
영일고등학교,7010216,2024-06-14,금,중식,793.0,꿀토마토,12
영일고등학교,7010216,2024-06-14,금,석식,65.0,옛날도시락,"1,2,5,6,9,10,13,15,16"
영일고등학교,7010216,2024-06-14,금,석식,65.0,옥수수면야채무침,"5,6,13"
영일고등학교,7010216,2024-06-14,금,석식,65.0,얼갈이된장국,"5,6"
영일고등학교,7010216,2024-06-14,금,석식,65.0,깍두기,9
영일고등학교,7010216,2024-06-14,금,석식,65.0,후루츠요거트샐러드,"1,2,5,6,11"
영일고등학교,7010216,2024-06-17,월,중식,793.0,칼슘찹쌀밥,
영일고등학교,7010216,2024-06-17,월,중식,793.0,부대찌개,"1,2,5,6,9,10,12,13,15,16"
영일고등학교,7010216,2024-06-17,월,중식,793.0,쑥갓두부나물,5
영일고등학교,7010216,2024-06-17,월,중식,793.0,고추잡채&꽃빵,"5,6,10,13,18"
영일고등학교,7010216,2024-06-17,월,중식,793.0,스크램블에그,"1,2,12"
영일고등학교,7010216,2024-06-17,월,중식,793.0,깍두기,9
영일고등학교,7010216,2024-06-17,월,석식,128.0,가바현미밥,
영일고등학교,7010216,2024-06-17,월,석식,128.0,어묵국,"1,5,6"
영일고등학교,7010216,2024-06-17,월,석식,128.0,감자조림,"5,6,13"
영일고등학교,7010216,2024-06-17,월,석식,128.0,훈제돼지통마늘볶음,"5,6,10,13,18"
영일고등학교,7010216,2024-06-17,월,석식,128.0,배추김치,9
영일고등학교,7010216,2024-06-17,월,석식,128.0,도시락김,
영일고등학교,7010216,2024-06-18,화,중식,793.0,칼슘기장찹쌀밥,
영일고등학교,7010216,2024-06-18,화,중식,793.0,김치말이국수,"1,5,6,9,13,16"
영일고등학교,7010216,2024-06-18,화,중식,793.0,치즈케이크,"1,2,5,6"
영일고등학교,7010216,2024-06-18,화,중식,793.0,오이맛살겨자채,13
영일고등학교,7010216,2024-06-18,화,중식,793.0,마파두부,"5,6,10,12,13,18"
영일고등학교,7010216,2024-06-18,화,중식,793.0,배추김치,9
영일고등학교,7010216,2024-06-18,화,석식,129.0,김치볶음밥,"1,2,5,6,9,10,13,15,16"
영일고등학교,7010216,2024-06-18,화,석식,129.0,순두부백탕,"1,5,9,18"
영일고등학교,7010216,2024-06-18,화,석식,129.0,피쉬앤칩스,"1,5,6,13"
영일고등학교,7010216,2024-06-18,화,석식,129.0,배추김치,9
영일고등학교,7010216,2024-06-18,화,석식,129.0,요구르트,2
영일고등학교,7010216,2024-06-19,수,중식,793.0,쌀밥,
영일고등학교,7010216,2024-06-19,수,중식,793.0,투움바파스타,"1,2,5,6,9,10,12,13,16,18"
영일고등학교,7010216,2024-06-19,수,중식,793.0,에그토르티야버거,"1,2,5,6,10,12,13,15,16"
영일고등학교,7010216,2024-06-19,수,중식,793.0,실파계란국,"1,5,6"
영일고등학교,7010216,2024-06-19,수,중식,793.0,아이스크림,"1,2,5"
영일고등학교,7010216,2024-06-19,수,중식,793.0,배추김치,9
영일고등학교,7010216,2024-06-19,수,중식,793.0,오이피클&할라피뇨,
영일고등학교,7010216,2024-06-19,수,중식,793.0,양배추샐러드,"1,2,5,6,12,13"
영일고등학교,7010216,2024-06-19,수,석식,129.0,계란볶음밥,"1,5,6,13,18"
영일고등학교,7010216,2024-06-19,수,석식,129.0,직화짬뽕국,"5,6,9,13,17,18"
영일고등학교,7010216,2024-06-19,수,석식,129.0,비빔만두,"5,6,13"
영일고등학교,7010216,2024-06-19,수,석식,129.0,배추김치,9
영일고등학교,7010216,2024-06-19,수,석식,129.0,파인애플,
영일고등학교,7010216,2024-06-20,목,중식,793.0,혼합잡곡밥,5
영일고등학교,7010216,2024-06-20,목,중식,793.0,돼지고기짜글이,"5,6,9,10"
영일고등학교,7010216,2024-06-20,목,중식,793.0,쇠고기두부조림,"5,6,13,16"
영일고등학교,7010216,2024-06-20,목,중식,793.0,영양부추깨소스무침,"1,5"
영일고등학교,7010216,2024-06-20,목,중식,793.0,오이탕탕이,13
영일고등학교,7010216,2024-06-20,목,중식,793.0,총각김치,9
영일고등학교,7010216,2024-06-20,목,석식,122.0,칼슘기장밥,
영일고등학교,7010216,2024-06-20,목,석식,122.0,우동국물,"1,2,5,6,9"
영일고등학교,7010216,2024-06-20,목,석식,122.0,돈등뼈찜,"10,13"
영일고등학교,7010216,2024-06-20,목,석식,122.0,청포묵김무침,13
영일고등학교,7010216,2024-06-20,목,석식,122.0,미역줄기볶음,5
영일고등학교,7010216,2024-06-20,목,석식,122.0,열무김치,9
영일고등학교,7010216,2024-06-21,금,중식,793.0,칼슘찹쌀밥,
영일고등학교,7010216,2024-06-21,금,중식,793.0,오이미역냉국,13
영일고등학교,7010216,2024-06-21,금,중식,793.0,계란장조림,"1,5,6,13"
영일고등학교,7010216,2024-06-21,금,중식,793.0,묵은지돼지갈비찜,"5,6,9,10,13"
영일고등학교,7010216,2024-06-21,금,중식,793.0,회오리감자,"5,6"
영일고등학교,7010216,2024-06-21,금,중식,793.0,깍두기,9
영일고등학교,7010216,2024-06-21,금,석식,65.0,찰흑미밥,
영일고등학교,7010216,2024-06-21,금,석식,65.0,설렁탕*소면사리,"5,6,13,16"
영일고등학교,7010216,2024-06-21,금,석식,65.0,오징어초무침,"5,6,13,17"
영일고등학교,7010216,2024-06-21,금,석식,65.0,애호박전,"1,5"
영일고등학교,7010216,2024-06-21,금,석식,65.0,석박지,9
영일고등학교,7010216,2024-06-21,금,석식,65.0,수제블루레몬에이드,13
영일고등학교,7010216,2024-06-24,월,중식,793.0,크림치즈꽈배기,"1,2,5,6"
영일고등학교,7010216,2024-06-24,월,중식,793.0,물만두국,"1,5,6,10,16,18"
영일고등학교,7010216,2024-06-24,월,중식,793.0,소시지야채볶음,"2,5,6,10,12,13,15,16"
영일고등학교,7010216,2024-06-24,월,중식,793.0,배추김치,9
영일고등학교,7010216,2024-06-24,월,중식,793.0,카레라이스,"2,5,6,10,12,13,16,18"
영일고등학교,7010216,2024-06-24,월,중식,793.0,치커리사과생채,13
영일고등학교,7010216,2024-06-24,월,석식,128.0,참치마요주먹밥,"1,5"
영일고등학교,7010216,2024-06-24,월,석식,128.0,열무국수,"5,6,9,13,16"
영일고등학교,7010216,2024-06-24,월,석식,128.0,흑임자고구마맛탕,"5,6,13"
영일고등학교,7010216,2024-06-24,월,석식,128.0,깍두기,9
영일고등학교,7010216,2024-06-24,월,석식,128.0,수제인절미라떼,"1,2,5"
영일고등학교,7010216,2024-06-25,화,중식,793.0,가바현미밥,
영일고등학교,7010216,2024-06-25,화,중식,793.0,얼갈이된장국,"5,6"
영일고등학교,7010216,2024-06-25,화,중식,793.0,생깻잎지,"5,6,13"
영일고등학교,7010216,2024-06-25,화,중식,793.0,햄감자채볶음,"1,2,5,6,10,15,16"
영일고등학교,7010216,2024-06-25,화,중식,793.0,제육볶음,"5,6,10,13,18"
영일고등학교,7010216,2024-06-25,화,중식,793.0,배추김치,9
영일고등학교,7010216,2024-06-25,화,석식,129.0,참치생야채비빔밥,"5,6,13"
영일고등학교,7010216,2024-06-25,화,석식,129.0,쇠고기무국,"2,5,6,13,16"
영일고등학교,7010216,2024-06-25,화,석식,129.0,수제탕수육*레몬S,"5,6,10,13"
영일고등학교,7010216,2024-06-25,화,석식,129.0,오징어핫바*케찹,"1,5,6,12"
영일고등학교,7010216,2024-06-25,화,석식,129.0,배추김치,9
영일고등학교,7010216,2024-06-26,수,중식,793.0,김밥볶음밥,"1,2,5,6,9,10,15,16"
영일고등학교,7010216,2024-06-26,수,중식,793.0,유부장국,"1,5,6"
영일고등학교,7010216,2024-06-26,수,중식,793.0,신전st떡볶이,"1,2,5,6,10,15,16"
영일고등학교,7010216,2024-06-26,수,중식,793.0,단무지부추무침,13
영일고등학교,7010216,2024-06-26,수,중식,793.0,군만두튀김,"1,5,6,10,16,18"
영일고등학교,7010216,2024-06-26,수,중식,793.0,밀꾸즈,"1,2,5"
영일고등학교,7010216,2024-06-26,수,석식,129.0,찰흑미밥,
영일고등학교,7010216,2024-06-26,수,석식,129.0,바지락콩나물국,"5,18"
영일고등학교,7010216,2024-06-26,수,석식,129.0,묵은지등갈비찜,"5,6,9,10"
영일고등학교,7010216,2024-06-26,수,석식,129.0,물파래새우전,"5,6,9,13"
영일고등학교,7010216,2024-06-26,수,석식,129.0,깍두기,9
영일고등학교,7010216,2024-06-26,수,석식,129.0,수제꿀토마토주스,"12,13"
영일고등학교,7010216,2024-07-04,목,중식,306.0,찰현미밥,
영일고등학교,7010216,2024-07-04,목,중식,306.0,김치콩나물국,"5,9"
영일고등학교,7010216,2024-07-04,목,중식,306.0,진미채간장조림,"5,6,13,17"
영일고등학교,7010216,2024-07-04,목,중식,306.0,제육볶음,"5,6,10,13,18"
영일고등학교,7010216,2024-07-04,목,중식,306.0,스페니쉬오믈렛,"1,2,5"
영일고등학교,7010216,2024-07-04,목,중식,306.0,깍두기,9
영일고등학교,7010216,2024-07-05,금,중식,793.0,칼슘찹쌀밥,
영일고등학교,7010216,2024-07-05,금,중식,793.0,실파계란국,"1,5,6"
영일고등학교,7010216,2024-07-05,금,중식,793.0,미역초무침,"5,6,13"
영일고등학교,7010216,2024-07-05,금,중식,793.0,소세지떡볶음,"2,5,6,10,12,13,15,16"
영일고등학교,7010216,2024-07-05,금,중식,793.0,수제후라이드치킨,"5,6,13,15"
영일고등학교,7010216,2024-07-05,금,중식,793.0,배추김치,9
영일고등학교,7010216,2024-07-05,금,석식,82.0,찰현미밥,
영일고등학교,7010216,2024-07-05,금,석식,82.0,황태계란국,"1,5,6"
영일고등학교,7010216,2024-07-05,금,석식,82.0,돈등뼈찜,"10,13"
영일고등학교,7010216,2024-07-05,금,석식,82.0,떡꼬치,"5,6,12,13"
영일고등학교,7010216,2024-07-05,금,석식,82.0,배추김치,9
영일고등학교,7010216,2024-07-05,금,석식,82.0,오미자화채,13
영일고등학교,7010216,2024-07-08,월,중식,793.0,가바현미밥,
영일고등학교,7010216,2024-07-08,월,중식,793.0,김치비빔국수,"1,5,6,9,13"
영일고등학교,7010216,2024-07-08,월,중식,793.0,사골우거지국,"5,6,13,16"
영일고등학교,7010216,2024-07-08,월,중식,793.0,모듬장조림,"1,5,6,10,13"
영일고등학교,7010216,2024-07-08,월,중식,793.0,깍두기,9
영일고등학교,7010216,2024-07-08,월,중식,793.0,복숭아아이스티,11
영일고등학교,7010216,2024-07-08,월,중식,793.0,도시락김,
영일고등학교,7010216,2024-07-08,월,석식,88.0,텐동,"1,5,6,9,13,16"
영일고등학교,7010216,2024-07-08,월,석식,88.0,두부된장국,"5,6"
영일고등학교,7010216,2024-07-08,월,석식,88.0,실곤약무침,"5,6,13,17"
영일고등학교,7010216,2024-07-08,월,석식,88.0,배추김치,9
영일고등학교,7010216,2024-07-08,월,석식,88.0,요구르트,2
영일고등학교,7010216,2024-07-08,월,석식,88.0,그린샐러드*딸기D,"1,2,5,6,12,13"
영일고등학교,7010216,2024-07-09,화,중식,793.0,칼슘기장밥,
영일고등학교,7010216,2024-07-09,화,중식,793.0,호밀잼파이,"1,2,5"
영일고등학교,7010216,2024-07-09,화,중식,793.0,수제비국,"5,6"
영일고등학교,7010216,2024-07-09,화,중식,793.0,쭈꾸미브로콜리숙회,"5,6,13"
영일고등학교,7010216,2024-07-09,화,중식,793.0,순살안동찜닭,"5,6,13,15,18"
영일고등학교,7010216,2024-07-09,화,중식,793.0,배추김치,9
영일고등학교,7010216,2024-07-09,화,석식,82.0,육쌈물냉면,"1,3,5,6,10,13,16"
영일고등학교,7010216,2024-07-09,화,석식,82.0,아란치니,"1,2,5,6,10,12,13,16"
영일고등학교,7010216,2024-07-09,화,석식,82.0,계란말이,"1,5"
영일고등학교,7010216,2024-07-09,화,석식,82.0,배추김치,9
영일고등학교,7010216,2024-07-09,화,석식,82.0,양배추샐러드(참깨D),"1,5,12"
영일고등학교,7010216,2024-07-10,수,중식,793.0,땡초불고기볶음밥,"1,2,5,6,9,13,16,18"
영일고등학교,7010216,2024-07-10,수,중식,793.0,메밀소바,"3,5,6,7,13,18"
영일고등학교,7010216,2024-07-10,수,중식,793.0,교자만두찜,"1,5,6,10,15,16,18"
영일고등학교,7010216,2024-07-10,수,중식,793.0,깍두기,9
영일고등학교,7010216,2024-07-10,수,중식,793.0,두부샐러드*오리엔탈D,"2,5,6"
영일고등학교,7010216,2024-07-10,수,중식,793.0,수박,
영일고등학교,7010216,2024-07-10,수,석식,88.0,검은현미밥,
영일고등학교,7010216,2024-07-10,수,석식,88.0,닭곰탕,"5,6,15"
영일고등학교,7010216,2024-07-10,수,석식,88.0,생깻잎지,"5,6,13"
영일고등학교,7010216,2024-07-10,수,석식,88.0,매콤소스미니돈까스,"1,5,6,10,12,13,18"
영일고등학교,7010216,2024-07-10,수,석식,88.0,깍두기,9
영일고등학교,7010216,2024-07-10,수,석식,88.0,수제우유팥빙수,"2,5,13"
영일고등학교,7010216,2024-07-11,목,중식,793.0,찰흑미밥,
영일고등학교,7010216,2024-07-11,목,중식,793.0,얼갈이된장국,"5,6"
영일고등학교,7010216,2024-07-11,목,중식,793.0,계란장조림,"1,5,6,13"
영일고등학교,7010216,2024-07-11,목,중식,793.0,묵은지돼지갈비찜,"5,6,9,10,13"
영일고등학교,7010216,2024-07-11,목,중식,793.0,느타리버섯초무침,"5,6,13"
영일고등학교,7010216,2024-07-11,목,중식,793.0,깍두기,9
영일고등학교,7010216,2024-07-11,목,석식,78.0,참치마요주먹밥,"1,5"
영일고등학교,7010216,2024-07-11,목,석식,78.0,김치말이국수,"1,5,6,9,13,16"
영일고등학교,7010216,2024-07-11,목,석식,78.0,수제옛날토스트,"1,2,5,6,12,13"
영일고등학교,7010216,2024-07-11,목,석식,78.0,과일화채,"1,2,5,6,11,13"
영일고등학교,7010216,2024-07-11,목,석식,78.0,단무지,
영일고등학교,7010216,2024-07-12,금,중식,793.0,찰보리밥,
영일고등학교,7010216,2024-07-12,금,중식,793.0,연한된장국,"5,6"
영일고등학교,7010216,2024-07-12,금,중식,793.0,두부조림,"5,6,13"
영일고등학교,7010216,2024-07-12,금,중식,793.0,단무지부추무침,13
영일고등학교,7010216,2024-07-12,금,중식,793.0,수제등심탕수육*레몬S,"5,6,10,13"
영일고등학교,7010216,2024-07-12,금,중식,793.0,배추김치,9
영일고등학교,7010216,2024-07-12,금,석식,38.0,계란볶음밥,"1,5,6,13,18"
영일고등학교,7010216,2024-07-12,금,석식,38.0,어묵국,"1,5,6"
영일고등학교,7010216,2024-07-12,금,석식,38.0,국물떡볶이,"1,2,5,6,10,13,15,16"
영일고등학교,7010216,2024-07-12,금,석식,38.0,만두&김말이튀김,"1,5,6,10,16,18"
영일고등학교,7010216,2024-07-12,금,석식,38.0,배추김치,9
영일고등학교,7010216,2024-07-12,금,석식,38.0,파인애플,
영일고등학교,7010216,2024-07-15,월,중식,793.0,쌀밥,
영일고등학교,7010216,2024-07-15,월,중식,793.0,닭개장,"1,5,6,15"
영일고등학교,7010216,2024-07-15,월,중식,793.0,간장돼지불고기,"5,6,10,13,18"
영일고등학교,7010216,2024-07-15,월,중식,793.0,파래자반,"5,13"
영일고등학교,7010216,2024-07-15,월,중식,793.0,배추김치,9
영일고등학교,7010216,2024-07-15,월,중식,793.0,아이스크림,"1,2,5"
영일고등학교,7010216,2024-07-15,월,석식,87.0,미니계란볶음밥,"1,5,6,13,18"
영일고등학교,7010216,2024-07-15,월,석식,87.0,자장면,"5,6,9,10,13,16,17,18"
영일고등학교,7010216,2024-07-15,월,석식,87.0,꿔바로우,"1,5,6,10,13"
영일고등학교,7010216,2024-07-15,월,석식,87.0,바나나라떼,5
영일고등학교,7010216,2024-07-15,월,석식,87.0,단무지,
영일고등학교,7010216,2024-07-16,화,중식,793.0,칼슘기장밥,
영일고등학교,7010216,2024-07-16,화,중식,793.0,맑은콩나물국,"5,6"
영일고등학교,7010216,2024-07-16,화,중식,793.0,진미채고추장조림,"5,6,13,17"
영일고등학교,7010216,2024-07-16,화,중식,793.0,햄감자채볶음,"1,2,5,6,10,15,16"
영일고등학교,7010216,2024-07-16,화,중식,793.0,코다리강정,"4,5,6,12,13"
영일고등학교,7010216,2024-07-16,화,중식,793.0,배추김치,9
영일고등학교,7010216,2024-07-16,화,석식,83.0,발아현미밥,
영일고등학교,7010216,2024-07-16,화,석식,83.0,된장찌개,"5,6,9"
영일고등학교,7010216,2024-07-16,화,석식,83.0,감자조림,"5,6,13"
영일고등학교,7010216,2024-07-16,화,석식,83.0,마늘보쌈,"5,6,10,13"
영일고등학교,7010216,2024-07-16,화,석식,83.0,배추겉절이,"9,13"
영일고등학교,7010216,2024-07-16,화,석식,83.0,무말랭이무침,
영일고등학교,7010216,2024-07-16,화,석식,83.0,크로플아이스크림,"1,2,5,6,13"
영일고등학교,7010216,2024-07-17,수,중식,793.0,미니밥,
영일고등학교,7010216,2024-07-17,수,중식,793.0,모닝빵&딸기쨈,"1,2,5,6,13"
영일고등학교,7010216,2024-07-17,수,중식,793.0,수제경양식돈까스,"1,2,5,6,10,12,13,16"
영일고등학교,7010216,2024-07-17,수,중식,793.0,과일음료,"2,13"
영일고등학교,7010216,2024-07-17,수,중식,793.0,하트단무지,
영일고등학교,7010216,2024-07-17,수,중식,793.0,마카로니샐러드,"1,2,5,6,10,13,15,16"
영일고등학교,7010216,2024-07-17,수,중식,793.0,양배추샐러드(케요D),"1,5,12,13"
영일고등학교,7010216,2024-08-16,금,중식,793.0,계란버터밥,"1,2,10"
영일고등학교,7010216,2024-08-16,금,중식,793.0,김치유부국,"5,9"
영일고등학교,7010216,2024-08-16,금,중식,793.0,만두&김말이튀김,"1,5,6,10,16,18"
영일고등학교,7010216,2024-08-16,금,중식,793.0,배추김치,9
영일고등학교,7010216,2024-08-16,금,중식,793.0,매콤투움바누들떡볶이,6
영일고등학교,7010216,2024-08-16,금,중식,793.0,요구르트,2
영일고등학교,7010216,2024-08-16,금,석식,40.0,컵밥,"1,2,5,6,9,10,13,15,16"
영일고등학교,7010216,2024-08-16,금,석식,40.0,꼬치어묵우동,"1,2,5,6,7,9,13,18"
영일고등학교,7010216,2024-08-16,금,석식,40.0,진미채고추장조림,"4,5,6,13,17"
영일고등학교,7010216,2024-08-16,금,석식,40.0,과일샐러드,"1,2,5,6,11,12"
영일고등학교,7010216,2024-08-16,금,석식,40.0,단무지,
영일고등학교,7010216,2024-08-19,월,중식,793.0,칼슘기장밥,
영일고등학교,7010216,2024-08-19,월,중식,793.0,배추된장국,"5,6"
영일고등학교,7010216,2024-08-19,월,중식,793.0,꽈리고추감자조림,"5,6,13"
영일고등학교,7010216,2024-08-19,월,중식,793.0,깻잎불고기,"5,6,10,13"
영일고등학교,7010216,2024-08-19,월,중식,793.0,깍두기,9
영일고등학교,7010216,2024-08-19,월,중식,793.0,열대과일샐러드&요거트드레싱,"1,2,5,6"
영일고등학교,7010216,2024-08-19,월,석식,90.0,땡초주먹밥,"1,2,5,6,9,10,13,16,18"
영일고등학교,7010216,2024-08-19,월,석식,90.0,잔치국수,"1,5,6,9,13"
영일고등학교,7010216,2024-08-19,월,석식,90.0,몬테크리스토샌드위치,"1,2,5,6,10,13,15,16"
영일고등학교,7010216,2024-08-19,월,석식,90.0,배추김치,9
영일고등학교,7010216,2024-08-19,월,석식,90.0,수박,
영일고등학교,7010216,2024-08-20,화,중식,793.0,찰흑미밥,
영일고등학교,7010216,2024-08-20,화,중식,793.0,부대찌개(라면사리),"1,2,5,6,9,10,12,13,15,16"
영일고등학교,7010216,2024-08-20,화,중식,793.0,오이지무침,
영일고등학교,7010216,2024-08-20,화,중식,793.0,참나물도토리묵무침,"5,6,13"
영일고등학교,7010216,2024-08-20,화,중식,793.0,순살고등어구이,"5,6,7,13"
영일고등학교,7010216,2024-08-20,화,중식,793.0,깍두기,9
영일고등학교,7010216,2024-08-20,화,석식,86.0,소고기콩나물밥*부추간장,"5,6,16"
영일고등학교,7010216,2024-08-20,화,석식,86.0,임실치즈쏙쏙핫도그,"1,2,5,6,10,16"
영일고등학교,7010216,2024-08-20,화,석식,86.0,김치유부국,"5,9"
영일고등학교,7010216,2024-08-20,화,석식,86.0,배추김치,9
영일고등학교,7010216,2024-08-20,화,석식,86.0,수제꿀토마토주스,"12,13"
영일고등학교,7010216,2024-08-21,수,중식,793.0,쌀밥(알레르기대체식),
영일고등학교,7010216,2024-08-21,수,중식,793.0,미트볼스파게티,"1,2,5,6,10,12,13,15,16"
영일고등학교,7010216,2024-08-21,수,중식,793.0,마늘빵,"2,5,6"
영일고등학교,7010216,2024-08-21,수,중식,793.0,맑은콩나물국(알레르기대체식),"5,6"
영일고등학교,7010216,2024-08-21,수,중식,793.0,치킨텐더*허니머스타드S,"1,5,6,13,15,18"
영일고등학교,7010216,2024-08-21,수,중식,793.0,배추김치(알레르기대체식),9
영일고등학교,7010216,2024-08-21,수,중식,793.0,야채피클,
영일고등학교,7010216,2024-08-21,수,중식,793.0,주스(스위트애플키위),"5,13"
영일고등학교,7010216,2024-08-21,수,석식,92.0,참치생야채비빔밥,"5,6,13"
영일고등학교,7010216,2024-08-21,수,석식,92.0,연한된장국,"5,6"
영일고등학교,7010216,2024-08-21,수,석식,92.0,수제무피클,13
영일고등학교,7010216,2024-08-21,수,석식,92.0,슈프림양념치킨,"1,2,5,6,12,13,15"
영일고등학교,7010216,2024-08-21,수,석식,92.0,배추김치,9
영일고등학교,7010216,2024-08-22,목,중식,793.0,찰보리밥,
영일고등학교,7010216,2024-08-22,목,중식,793.0,어묵국,"1,5,6"
영일고등학교,7010216,2024-08-22,목,중식,793.0,치즈불닭,"2,5,6,13,15,18"
영일고등학교,7010216,2024-08-22,목,중식,793.0,누룽지멸치볶음,"5,6,13"
영일고등학교,7010216,2024-08-22,목,중식,793.0,배추김치,9
영일고등학교,7010216,2024-08-22,목,중식,793.0,연두부새싹샐러드,"2,3,5,6"
영일고등학교,7010216,2024-08-22,목,석식,82.0,소보루덮밥,"1,5,6,9,13,16"
영일고등학교,7010216,2024-08-22,목,석식,82.0,메밀소바,"3,5,6,7,13,18"
영일고등학교,7010216,2024-08-22,목,석식,82.0,수제계란토스트,"1,2,5,6,13"
영일고등학교,7010216,2024-08-22,목,석식,82.0,단무지부추무침,13
영일고등학교,7010216,2024-08-22,목,석식,82.0,배추김치,9
영일고등학교,7010216,2024-08-23,금,중식,793.0,칼슘찹쌀밥,
영일고등학교,7010216,2024-08-23,금,중식,793.0,된장찌개,"5,6,9"
영일고등학교,7010216,2024-08-23,금,중식,793.0,콩나물무침,5
영일고등학교,7010216,2024-08-23,금,중식,793.0,간장돼지불고기,"5,6,10,13,18"
영일고등학교,7010216,2024-08-23,금,중식,793.0,잡채군만두*비빔야채,"1,5,6,10,13,16,18"
영일고등학교,7010216,2024-08-23,금,중식,793.0,배추김치,9
영일고등학교,7010216,2024-08-23,금,석식,42.0,김치솥밥,"5,6,9,10"
영일고등학교,7010216,2024-08-23,금,석식,42.0,북어콩나물국,"5,6"
영일고등학교,7010216,2024-08-23,금,석식,42.0,닭꼬치,"5,6,15"
영일고등학교,7010216,2024-08-23,금,석식,42.0,깍두기,9
영일고등학교,7010216,2024-08-23,금,석식,42.0,미숫가루우유,"2,5"
영일고등학교,7010216,2024-08-26,월,중식,793.0,칼슘기장찹쌀밥,
영일고등학교,7010216,2024-08-26,월,중식,793.0,쇠고기미역국,"2,5,6,13,16"
영일고등학교,7010216,2024-08-26,월,중식,793.0,햄감자채볶음,"1,2,5,6,10,15,16"
영일고등학교,7010216,2024-08-26,월,중식,793.0,볶음김치,"5,9,13"
영일고등학교,7010216,2024-08-26,월,중식,793.0,닭날개간장치킨,"5,6,13,15"
영일고등학교,7010216,2024-08-26,월,중식,793.0,복숭아아이스티,11
영일고등학교,7010216,2024-08-26,월,석식,90.0,쇠고기영양죽,16
영일고등학교,7010216,2024-08-26,월,석식,90.0,모닝빵샌드위치,"1,2,5,6,10,13,15,16"
영일고등학교,7010216,2024-08-26,월,석식,90.0,웨지감자&리치부어스트,"1,2,5,6,10,13,15,16"
영일고등학교,7010216,2024-08-26,월,석식,90.0,오이피클,
영일고등학교,7010216,2024-08-26,월,석식,90.0,과일샐러드,"1,2,5,11,12"
영일고등학교,7010216,2024-08-27,화,중식,793.0,가바현미밥,
영일고등학교,7010216,2024-08-27,화,중식,793.0,매콤콩나물국,"5,6"
영일고등학교,7010216,2024-08-27,화,중식,793.0,비엔나메추리알조림,"1,2,5,6,10,12,13,15,16"
영일고등학교,7010216,2024-08-27,화,중식,793.0,등심돈까스*데미S,"1,2,5,6,10,12,13,16"
영일고등학교,7010216,2024-08-27,화,중식,793.0,배추김치,9
영일고등학교,7010216,2024-08-27,화,중식,793.0,비타민사과샐러드,"1,2,5,6,12"
영일고등학교,7010216,2024-08-27,화,석식,87.0,옛날도시락,"1,2,5,6,9,10,13,15,16"
영일고등학교,7010216,2024-08-27,화,석식,87.0,두부새우젓국,"5,6,9"
영일고등학교,7010216,2024-08-27,화,석식,87.0,수제등심탕수육,"5,6,10,13"
영일고등학교,7010216,2024-08-27,화,석식,87.0,배추김치,9
영일고등학교,7010216,2024-08-27,화,석식,87.0,요구르트,2
영일고등학교,7010216,2024-08-28,수,중식,793.0,완두콩밥,
영일고등학교,7010216,2024-08-28,수,중식,793.0,나가사키짬뽕국,"5,6,9,10,13,17,18"
영일고등학교,7010216,2024-08-28,수,중식,793.0,단무지부추무침,13
영일고등학교,7010216,2024-08-28,수,중식,793.0,배추김치,9
영일고등학교,7010216,2024-08-28,수,중식,793.0,얼린요구르트,"1,2,5"
영일고등학교,7010216,2024-08-28,수,중식,793.0,자장소스,"5,6,10,13,16,18"
영일고등학교,7010216,2024-08-28,수,중식,793.0,소떡소떡,2
영일고등학교,7010216,2024-08-28,수,석식,93.0,찰흑미밥,
영일고등학교,7010216,2024-08-28,수,석식,93.0,한방갈비탕,"1,5,6,16"
영일고등학교,7010216,2024-08-28,수,석식,93.0,아삭이고추쌈장무침,"5,6,13"
영일고등학교,7010216,2024-08-28,수,석식,93.0,감자전,5
영일고등학교,7010216,2024-08-28,수,석식,93.0,김치전,"5,6,9"
영일고등학교,7010216,2024-08-28,수,석식,93.0,깍두기,9
영일고등학교,7010216,2024-08-29,목,중식,793.0,찰현미밥,
영일고등학교,7010216,2024-08-29,목,중식,793.0,두부된장국,"5,6"
영일고등학교,7010216,2024-08-29,목,중식,793.0,연두부계란찜,"1,5"
영일고등학교,7010216,2024-08-29,목,중식,793.0,LA돼지갈비구이,"5,6,10,13,18"
영일고등학교,7010216,2024-08-29,목,중식,793.0,배추김치,9
영일고등학교,7010216,2024-08-29,목,중식,793.0,부추겉절이,13
영일고등학교,7010216,2024-08-29,목,석식,83.0,차슈덮밥,"1,2,5,6,9,10,13,16,18"
영일고등학교,7010216,2024-08-29,목,석식,83.0,매운어묵국,"1,5,6"
영일고등학교,7010216,2024-08-29,목,석식,83.0,소보로회오리감자,"5,6"
영일고등학교,7010216,2024-08-29,목,석식,83.0,배추김치,9
영일고등학교,7010216,2024-08-29,목,석식,83.0,수제레모에이드,13
영일고등학교,7010216,2024-08-30,금,중식,793.0,혼합잡곡밥,5
영일고등학교,7010216,2024-08-30,금,중식,793.0,김치말이국수,"1,5,6,9,13,16"
영일고등학교,7010216,2024-08-30,금,중식,793.0,청포묵김무침,13
영일고등학교,7010216,2024-08-30,금,중식,793.0,순살안동찜닭,"5,6,13,15,18"
영일고등학교,7010216,2024-08-30,금,중식,793.0,배추김치,9
영일고등학교,7010216,2024-08-30,금,중식,793.0,과일젤리,
영일고등학교,7010216,2024-08-30,금,석식,42.0,후리가케밥,"1,2,5,6,9,13,16,18"
영일고등학교,7010216,2024-08-30,금,석식,42.0,열무물냉면,"3,5,6,9,13,16"
영일고등학교,7010216,2024-08-30,금,석식,42.0,탱글뽀득핫도그&케찹,"1,2,5,6,10,12,16"
영일고등학교,7010216,2024-08-30,금,석식,42.0,탕평채,"5,6,13,16"
영일고등학교,7010216,2024-08-30,금,석식,42.0,수제바나나쉐이크,"1,2,5"
영일고등학교,7010216,2024-09-02,월,중식,793.0,칼슘찹쌀밥,
영일고등학교,7010216,2024-09-02,월,중식,793.0,사골우거지국,"5,6,13,16"
영일고등학교,7010216,2024-09-02,월,중식,793.0,메추리알돈장조림,"1,5,6,10,13"
영일고등학교,7010216,2024-09-02,월,중식,793.0,맛살겨자냉채,"13,15"
영일고등학교,7010216,2024-09-02,월,중식,793.0,배추김치,9
영일고등학교,7010216,2024-09-02,월,중식,793.0,도토리묵*양념장,"5,6,13"
영일고등학교,7010216,2024-09-02,월,석식,98.0,나물비빔밥,"5,6,13,16"
영일고등학교,7010216,2024-09-02,월,석식,98.0,쌀핫도그&케찹,"1,2,5,6,10,12,15,18"
영일고등학교,7010216,2024-09-02,월,석식,98.0,연한된장국,"5,6"
영일고등학교,7010216,2024-09-02,월,석식,98.0,배추김치,9
영일고등학교,7010216,2024-09-02,월,석식,98.0,딸기바나나우유,"2,13"
영일고등학교,7010216,2024-09-03,화,중식,793.0,우동국물,"1,2,5,6,9"
영일고등학교,7010216,2024-09-03,화,중식,793.0,단무지부추무침,13
영일고등학교,7010216,2024-09-03,화,중식,793.0,함박스테이크,"1,2,5,6,10,12,13,15,16"
영일고등학교,7010216,2024-09-03,화,중식,793.0,배추김치,9
영일고등학교,7010216,2024-09-03,화,중식,793.0,카레라이스,"2,5,6,10,12,13,16,18"
영일고등학교,7010216,2024-09-03,화,중식,793.0,요구르트,2
영일고등학교,7010216,2024-09-03,화,석식,101.0,찰흑미밥,
영일고등학교,7010216,2024-09-03,화,석식,101.0,닭칼국수,"5,6,15"
영일고등학교,7010216,2024-09-03,화,석식,101.0,갈비만두,"1,5,6,10,16,18"
영일고등학교,7010216,2024-09-03,화,석식,101.0,배추겉절이,"9,13"
영일고등학교,7010216,2024-09-03,화,석식,101.0,비엔나케찹볶음,"2,5,6,10,12,13,15,16,18"
영일고등학교,7010216,2024-09-04,수,중식,793.0,찰흑미밥,
영일고등학교,7010216,2024-09-04,수,중식,793.0,얼갈이된장국,"5,6"
영일고등학교,7010216,2024-09-04,수,중식,793.0,파래자반,"5,13"
영일고등학교,7010216,2024-09-04,수,중식,793.0,베이컨감자전,"5,10"
영일고등학교,7010216,2024-09-04,수,중식,793.0,직화제육볶음,"2,5,6,10,12,13,16,18"
영일고등학교,7010216,2024-09-04,수,중식,793.0,깍두기,9
영일고등학교,7010216,2024-09-05,목,중식,793.0,김치볶음밥,"1,2,5,6,9,10,13,15,16"
영일고등학교,7010216,2024-09-05,목,중식,793.0,어묵국,"1,5,6"
영일고등학교,7010216,2024-09-05,목,중식,793.0,콘치즈돈까스,"1,2,5,6,10"
영일고등학교,7010216,2024-09-05,목,중식,793.0,깍두기,9
영일고등학교,7010216,2024-09-05,목,중식,793.0,크림아이스떡,"2,5,6"
영일고등학교,7010216,2024-09-05,목,중식,793.0,양배추샐러드*사우전D,"1,5,12,13"
영일고등학교,7010216,2024-09-05,목,석식,103.0,찰현미밥,
영일고등학교,7010216,2024-09-05,목,석식,103.0,등뼈감자탕,"2,5,6,9,10,13,16"
영일고등학교,7010216,2024-09-05,목,석식,103.0,아삭이고추쌈장무침,"5,6,13"
영일고등학교,7010216,2024-09-05,목,석식,103.0,해물부추전,"1,5,6,9,13,17"
영일고등학교,7010216,2024-09-05,목,석식,103.0,배추김치,9
영일고등학교,7010216,2024-09-06,금,중식,793.0,칼슘찹쌀밥,
영일고등학교,7010216,2024-09-06,금,중식,793.0,참치김치찌개,"5,6,9"
영일고등학교,7010216,2024-09-06,금,중식,793.0,돼지갈비찜,"5,6,10,13"
영일고등학교,7010216,2024-09-06,금,중식,793.0,갈릭감자버터구이,"2,5,13"
영일고등학교,7010216,2024-09-06,금,중식,793.0,굴소스버섯볶음,"5,6,13,18"
영일고등학교,7010216,2024-09-06,금,중식,793.0,배추김치,9
영일고등학교,7010216,2024-09-06,금,석식,45.0,마늘쫑베이컨볶음밥,"1,5,6,10,13,18"
영일고등학교,7010216,2024-09-06,금,석식,45.0,잔치국수,"1,5,6,9,13"
영일고등학교,7010216,2024-09-06,금,석식,45.0,배추김치,9
영일고등학교,7010216,2024-09-06,금,석식,45.0,소떡소떡,2
영일고등학교,7010216,2024-09-06,금,석식,45.0,단무지,
영일고등학교,7010216,2024-09-09,월,중식,793.0,찰현미밥,
영일고등학교,7010216,2024-09-09,월,중식,793.0,물만두국,"1,5,6,7,10,13,16,18"
영일고등학교,7010216,2024-09-09,월,중식,793.0,청포묵김무침,13
영일고등학교,7010216,2024-09-09,월,중식,793.0,소세지떡볶음,"2,5,6,10,12,13,15,16"
영일고등학교,7010216,2024-09-09,월,중식,793.0,순살고등어구이,"5,6,7,13"
영일고등학교,7010216,2024-09-09,월,중식,793.0,배추김치,9
영일고등학교,7010216,2024-09-09,월,석식,80.0,칼슘찹쌀밥,
영일고등학교,7010216,2024-09-09,월,석식,80.0,닭곰탕,"5,6,15"
영일고등학교,7010216,2024-09-09,월,석식,80.0,사각어묵볶음,"1,5,6,13"
영일고등학교,7010216,2024-09-09,월,석식,80.0,소보로회오리감자,"5,6"
영일고등학교,7010216,2024-09-09,월,석식,80.0,석박지,9
영일고등학교,7010216,2024-09-10,화,중식,793.0,쌀밥,
영일고등학교,7010216,2024-09-10,화,중식,793.0,쇠고기미역국,"5,6,16"
영일고등학교,7010216,2024-09-10,화,중식,793.0,콩나물무침,5
영일고등학교,7010216,2024-09-10,화,중식,793.0,카레닭갈비,"2,5,6,12,13,15,16,18"
영일고등학교,7010216,2024-09-10,화,중식,793.0,두부구이&양념,"3,5,6,13"
영일고등학교,7010216,2024-09-10,화,중식,793.0,배추김치,9
영일고등학교,7010216,2024-09-10,화,석식,80.0,가쓰오돈까스덮밥,"1,5,6,7,10,13,18"
영일고등학교,7010216,2024-09-10,화,석식,80.0,우동국물,"1,2,5,6,9"
영일고등학교,7010216,2024-09-10,화,석식,80.0,알감자꼬치,"1,5,6,13"
영일고등학교,7010216,2024-09-10,화,석식,80.0,깍두기,9
영일고등학교,7010216,2024-09-10,화,석식,80.0,포도,
영일고등학교,7010216,2024-09-11,수,중식,793.0,쌀밥,
영일고등학교,7010216,2024-09-11,수,중식,793.0,미트소스스파게티,"1,2,5,6,10,12,13,16"
영일고등학교,7010216,2024-09-11,수,중식,793.0,핫치킨피자,"1,2,5,6,10,12,13,15,16"
영일고등학교,7010216,2024-09-11,수,중식,793.0,참치김치찌개,"5,6,9"
영일고등학교,7010216,2024-09-11,수,중식,793.0,오이피클,
영일고등학교,7010216,2024-09-11,수,중식,793.0,요구르트,2
영일고등학교,7010216,2024-09-11,수,중식,793.0,시저샐러드,"1,2,5,6,13"
영일고등학교,7010216,2024-09-11,수,석식,80.0,오므라이스,"1,2,5,6,10,12,13,16"
영일고등학교,7010216,2024-09-11,수,석식,80.0,미니짬뽕,"5,6,9,13,17,18"
영일고등학교,7010216,2024-09-11,수,석식,80.0,소세지떡볶음,"2,5,6,10,12,13,15,16"
영일고등학교,7010216,2024-09-11,수,석식,80.0,배추김치,9
영일고등학교,7010216,2024-09-11,수,석식,80.0,치커리사과유자청샐러드,"1,5,13"
영일고등학교,7010216,2024-09-12,목,중식,793.0,찰흑미밥,
영일고등학교,7010216,2024-09-12,목,중식,793.0,미니크루아상초콜릿,"1,2,5,6"
영일고등학교,7010216,2024-09-12,목,중식,793.0,순대국,"2,5,6,9,10,13,15,16"
영일고등학교,7010216,2024-09-12,목,중식,793.0,실곤약야채무침,"5,6,13"
영일고등학교,7010216,2024-09-12,목,중식,793.0,애호박&스팸전,"1,2,5,6,10,15,16"
영일고등학교,7010216,2024-09-12,목,중식,793.0,배추김치,9
영일고등학교,7010216,2024-09-12,목,석식,80.0,삼겹살깍두기볶음밥,"2,5,9,10"
영일고등학교,7010216,2024-09-12,목,석식,80.0,맑은콩나물국,"5,6"
영일고등학교,7010216,2024-09-12,목,석식,80.0,계란후라이,"1,5,12"
영일고등학교,7010216,2024-09-12,목,석식,80.0,스테이크볼꼬치,"1,2,5,6,10,12,15,16"
영일고등학교,7010216,2024-09-12,목,석식,80.0,배추김치,9
영일고등학교,7010216,2024-09-13,금,중식,793.0,칼슘기장밥,
영일고등학교,7010216,2024-09-13,금,중식,793.0,된장찌개,"5,6,9"
영일고등학교,7010216,2024-09-13,금,중식,793.0,도토리묵무침,"5,6,13"
영일고등학교,7010216,2024-09-13,금,중식,793.0,돈육김치볶음,"5,6,9,10,13"
영일고등학교,7010216,2024-09-13,금,중식,793.0,동그랑땡전,"1,2,5,6,10,15,16"
영일고등학교,7010216,2024-09-13,금,중식,793.0,깍두기,9
영일고등학교,7010216,2024-09-19,목,중식,793.0,칼슘찹쌀밥,
영일고등학교,7010216,2024-09-19,목,중식,793.0,순두부찌개,"1,5,9"
영일고등학교,7010216,2024-09-19,목,중식,793.0,모듬장조림,"1,5,6,10,13"
영일고등학교,7010216,2024-09-19,목,중식,793.0,사각어묵볶음,"1,5,6,13"
영일고등학교,7010216,2024-09-19,목,중식,793.0,배추김치,9
영일고등학교,7010216,2024-09-19,목,중식,793.0,그린샐러드*딸기D,"1,2,5,6,12,13"
영일고등학교,7010216,2024-09-19,목,석식,80.0,김가루주먹밥,"1,2,5,6,9,13,16,18"
영일고등학교,7010216,2024-09-19,목,석식,80.0,버섯매운수제비국,"5,6"
영일고등학교,7010216,2024-09-19,목,석식,80.0,탕평채,"5,6,13,16"
영일고등학교,7010216,2024-09-19,목,석식,80.0,계란두부전*양념장,"1,5,6"
영일고등학교,7010216,2024-09-19,목,석식,80.0,깍두기,9
영일고등학교,7010216,2024-09-19,목,석식,80.0,수제바나나쉐이크,"1,2,5"
영일고등학교,7010216,2024-09-20,금,중식,793.0,찰흑미밥,
영일고등학교,7010216,2024-09-20,금,중식,793.0,실파계란국,"1,5,6"
영일고등학교,7010216,2024-09-20,금,중식,793.0,고추장오이무침,"5,6,13"
영일고등학교,7010216,2024-09-20,금,중식,793.0,햄감자채볶음,"1,2,5,6,10,15,16"
영일고등학교,7010216,2024-09-20,금,중식,793.0,등심돈까스*돈까스S,"1,5,6,10,12,13,16,18"
영일고등학교,7010216,2024-09-20,금,중식,793.0,배추김치,9
영일고등학교,7010216,2024-09-20,금,석식,45.0,계란볶음밥,"1,5,6,13,18"
영일고등학교,7010216,2024-09-20,금,석식,45.0,어묵국,"1,5,6"
영일고등학교,7010216,2024-09-20,금,석식,45.0,치즈떡볶이,"1,2,5,6,13"
영일고등학교,7010216,2024-09-20,금,석식,45.0,군만두튀김,"1,5,6,10,16,18"
영일고등학교,7010216,2024-09-20,금,석식,45.0,배추김치,9
영일고등학교,7010216,2024-09-20,금,석식,45.0,꿀토마토,12
영일고등학교,7010216,2024-09-23,월,중식,793.0,찹쌀밥,
영일고등학교,7010216,2024-09-23,월,중식,793.0,매콤콩나물국,"5,6"
영일고등학교,7010216,2024-09-23,월,중식,793.0,열무된장나물,"5,6,13"
영일고등학교,7010216,2024-09-23,월,중식,793.0,훈제돼지통마늘볶음,"5,6,10,13,18"
영일고등학교,7010216,2024-09-23,월,중식,793.0,배추김치,9
영일고등학교,7010216,2024-09-23,월,중식,793.0,비트무쌈*머스타드S,"1,5,6,13"
영일고등학교,7010216,2024-09-23,월,석식,80.0,장조림버터비빔밥,"1,2,5,6,9,10,13,16,18"
영일고등학교,7010216,2024-09-23,월,석식,80.0,알리오올리오파스타,"1,2,5,6,10"
영일고등학교,7010216,2024-09-23,월,석식,80.0,우동국물,"1,2,5,6,7,9,13,18"
영일고등학교,7010216,2024-09-23,월,석식,80.0,배추김치,9
영일고등학교,7010216,2024-09-23,월,석식,80.0,솜사탕,
영일고등학교,7010216,2024-09-24,화,중식,793.0,칼슘기장밥,
영일고등학교,7010216,2024-09-24,화,중식,793.0,부대찌개,"1,2,5,6,9,10,12,13,15,16"
영일고등학교,7010216,2024-09-24,화,중식,793.0,찹쌀탕수육&소스,"1,5,6,10,11,12,13"
영일고등학교,7010216,2024-09-24,화,중식,793.0,깍두기,9
영일고등학교,7010216,2024-09-24,화,중식,793.0,떠먹는요구르트,2
영일고등학교,7010216,2024-09-24,화,중식,793.0,치커리사과생채,13
영일고등학교,7010216,2024-09-24,화,석식,80.0,찰보리밥,
영일고등학교,7010216,2024-09-24,화,석식,80.0,김치비빔국수,"1,5,6,9,13"
영일고등학교,7010216,2024-09-24,화,석식,80.0,미소된장국,"5,6"
영일고등학교,7010216,2024-09-24,화,석식,80.0,족발조림,"10,13,5,6"
영일고등학교,7010216,2024-09-24,화,석식,80.0,깍두기,9
영일고등학교,7010216,2024-09-25,수,중식,793.0,발아현미밥,
영일고등학교,7010216,2024-09-25,수,중식,793.0,시금치된장국,"5,6"
영일고등학교,7010216,2024-09-25,수,중식,793.0,숙주나물,
영일고등학교,7010216,2024-09-25,수,중식,793.0,파채돈불고기,"5,6,10,13"
영일고등학교,7010216,2024-09-25,수,중식,793.0,흑임자고구마맛탕,"5,6,13"
영일고등학교,7010216,2024-09-25,수,중식,793.0,배추김치,9
영일고등학교,7010216,2024-09-25,수,석식,80.0,쌀밥,
영일고등학교,7010216,2024-09-25,수,석식,80.0,호밀잼파이,"1,2,5"
영일고등학교,7010216,2024-09-25,수,석식,80.0,홍합탕,18
영일고등학교,7010216,2024-09-25,수,석식,80.0,마파두부,"5,6,10,12,13,18"
영일고등학교,7010216,2024-09-25,수,석식,80.0,닭다리살오븐구이,"5,6,13,15"
영일고등학교,7010216,2024-09-25,수,석식,80.0,배추김치,9
영일고등학교,7010216,2024-09-26,목,중식,793.0,흑미보리밥,
영일고등학교,7010216,2024-09-26,목,중식,793.0,쇠고기무국,"2,5,6,13,16"
영일고등학교,7010216,2024-09-26,목,중식,793.0,오이지무침,
영일고등학교,7010216,2024-09-26,목,중식,793.0,마파두부,"5,6,10,12,13,18"
영일고등학교,7010216,2024-09-26,목,중식,793.0,닭날개튀김,"5,6,15"
영일고등학교,7010216,2024-09-26,목,중식,793.0,배추김치,9
영일고등학교,7010216,2024-09-26,목,석식,80.0,귀리밥,
영일고등학교,7010216,2024-09-26,목,석식,80.0,육개장,"1,5,6,16"
영일고등학교,7010216,2024-09-26,목,석식,80.0,한식잡채,"5,6,10,13"
영일고등학교,7010216,2024-09-26,목,석식,80.0,코다리강정,"4,5,6,12,13"
영일고등학교,7010216,2024-09-26,목,석식,80.0,석박지,9
영일고등학교,7010216,2024-09-26,목,석식,80.0,그린키위,
영일고등학교,7010216,2024-09-27,금,중식,793.0,칼슘찹쌀밥,
영일고등학교,7010216,2024-09-27,금,중식,793.0,미니우동,"1,2,5,6,7,9,13,18"
영일고등학교,7010216,2024-09-27,금,중식,793.0,스크램블에그,"1,2,12"
영일고등학교,7010216,2024-09-27,금,중식,793.0,궁중너비아니&파채,"5,6,10,13,15,16,18"
영일고등학교,7010216,2024-09-27,금,중식,793.0,배추김치,9
영일고등학교,7010216,2024-09-27,금,중식,793.0,단무지,
영일고등학교,7010216,2024-09-27,금,석식,45.0,혼합잡곡밥,5
영일고등학교,7010216,2024-09-27,금,석식,45.0,청국장,5
영일고등학교,7010216,2024-09-27,금,석식,45.0,감자조림,"5,6,13"
영일고등학교,7010216,2024-09-27,금,석식,45.0,묵은지등갈비찜,"5,6,9,10"
영일고등학교,7010216,2024-09-27,금,석식,45.0,근대나물무침,"5,6"
영일고등학교,7010216,2024-09-27,금,석식,45.0,백김치,9
영일고등학교,7010216,2024-09-30,월,중식,793.0,찰보리밥,
영일고등학교,7010216,2024-09-30,월,중식,793.0,아귀매운탕,"5,6"
영일고등학교,7010216,2024-09-30,월,중식,793.0,순살안동찜닭,"5,6,13,15"
영일고등학교,7010216,2024-09-30,월,중식,793.0,잡채군만두*비빔야채,"1,5,6,10,13,16,18"
영일고등학교,7010216,2024-09-30,월,중식,793.0,배추김치,9
영일고등학교,7010216,2024-09-30,월,중식,793.0,도시락김,
영일고등학교,7010216,2024-09-30,월,석식,80.0,소고기하이라이스,"1,2,5,6,12,13,16"
영일고등학교,7010216,2024-09-30,월,석식,80.0,김치콩나물국,"5,9"
영일고등학교,7010216,2024-09-30,월,석식,80.0,깍두기,9
영일고등학교,7010216,2024-09-30,월,석식,80.0,소시지치즈또띠아*케찹,"1,2,5,6,10,12,13,15,16"
영일고등학교,7010216,2024-09-30,월,석식,80.0,요구르트,2
영일고등학교,7010216,2024-09-30,월,석식,80.0,시리얼샐러드*블루베리D,"1,5,6,11,13"
영일고등학교,7010216,2024-10-02,수,중식,792.0,찰흑미밥,
영일고등학교,7010216,2024-10-02,수,중식,792.0,순대국,"2,5,6,9,10,13,15,16"
영일고등학교,7010216,2024-10-02,수,중식,792.0,단무지부추무침,13
영일고등학교,7010216,2024-10-02,수,중식,792.0,하와이안불돈까스,"1,2,5,6,10,13"
영일고등학교,7010216,2024-10-02,수,중식,792.0,배추김치,9
영일고등학교,7010216,2024-10-02,수,중식,792.0,요구르트,2
영일고등학교,7010216,2024-10-02,수,중식,792.0,그린샐러드*딸기D,"1,2,5,6,12,13"
영일고등학교,7010216,2024-10-14,월,중식,792.0,칼슘기장밥,
영일고등학교,7010216,2024-10-14,월,중식,792.0,순두부찌개,"1,5,6,8,9,10,16,17,18"
영일고등학교,7010216,2024-10-14,월,중식,792.0,메추리알곤약조림,"1,5,6,13"
영일고등학교,7010216,2024-10-14,월,중식,792.0,얼갈이쌈장나물,"5,6"
영일고등학교,7010216,2024-10-14,월,중식,792.0,콘치즈돈까스&돈까스소스,"1,2,5,6,10"
영일고등학교,7010216,2024-10-14,월,중식,792.0,깍두기,9
영일고등학교,7010216,2024-10-15,화,중식,792.0,찰흑미밥,
영일고등학교,7010216,2024-10-15,화,중식,792.0,호밀잼파이,"1,2,5"
영일고등학교,7010216,2024-10-15,화,중식,792.0,쇠고기무국,"2,5,6,13,16"
영일고등학교,7010216,2024-10-15,화,중식,792.0,직화제육볶음,"2,5,6,10,12,13,16,18"
영일고등학교,7010216,2024-10-15,화,중식,792.0,배추김치,9
영일고등학교,7010216,2024-10-15,화,중식,792.0,파스타샐러드,"1,2,5,6,12,13"
영일고등학교,7010216,2024-10-16,수,중식,326.0,귀리밥,
영일고등학교,7010216,2024-10-16,수,중식,326.0,된장찌개,"5,6,9"
영일고등학교,7010216,2024-10-16,수,중식,326.0,아삭이고추쌈장무침,"5,6,13"
영일고등학교,7010216,2024-10-16,수,중식,326.0,치즈닭갈비,"2,5,6,12,13,15,16,18"
영일고등학교,7010216,2024-10-16,수,중식,326.0,멸치볶음,"5,6,13"
영일고등학교,7010216,2024-10-16,수,중식,326.0,배추김치,9
영일고등학교,7010216,2024-10-16,수,석식,35.0,가바현미밥,
영일고등학교,7010216,2024-10-16,수,석식,35.0,메밀국수무침,"3,5,6,13"
영일고등학교,7010216,2024-10-16,수,석식,35.0,사골떡국,"2,5,6,10,13,15,16,18"
영일고등학교,7010216,2024-10-16,수,석식,35.0,오향장육,"5,6,10,13"
영일고등학교,7010216,2024-10-16,수,석식,35.0,계란말이,"1,5"
영일고등학교,7010216,2024-10-16,수,석식,35.0,배추김치,9
영일고등학교,7010216,2024-10-17,목,중식,326.0,계란볶음밥,"1,5,6,13,18"
영일고등학교,7010216,2024-10-17,목,중식,326.0,매운어묵국,"1,5,6"
영일고등학교,7010216,2024-10-17,목,중식,326.0,숙주나물,
영일고등학교,7010216,2024-10-17,목,중식,326.0,고추장오이무침,"5,6,13"
영일고등학교,7010216,2024-10-17,목,중식,326.0,더블치즈스테이크,"1,2,5,6,10,12,13,15,16"
영일고등학교,7010216,2024-10-17,목,중식,326.0,깍두기,9
영일고등학교,7010216,2024-10-17,목,석식,41.0,칼슘기장밥,
영일고등학교,7010216,2024-10-17,목,석식,41.0,닭다리누룽지탕,15
영일고등학교,7010216,2024-10-17,목,석식,41.0,골뱅이쫄면무침,"5,6,13,17"
영일고등학교,7010216,2024-10-17,목,석식,41.0,부추전,"5,6,13"
영일고등학교,7010216,2024-10-18,금,중식,326.0,칼슘찹쌀밥,
영일고등학교,7010216,2024-10-18,금,중식,326.0,버섯매운수제비국,"5,6"
영일고등학교,7010216,2024-10-18,금,중식,326.0,마파두부,"5,6,10,12,13,18"
영일고등학교,7010216,2024-10-18,금,중식,326.0,햄감자채볶음,"1,2,5,6,10,15,16"
영일고등학교,7010216,2024-10-18,금,중식,326.0,배추김치,9
영일고등학교,7010216,2024-10-18,금,중식,326.0,도시락김,
영일고등학교,7010216,2024-10-18,금,석식,21.0,삼겹살깍두기볶음밥,"2,5,9,10"
영일고등학교,7010216,2024-10-18,금,석식,21.0,맑은된장감자국,"5,6"
영일고등학교,7010216,2024-10-18,금,석식,21.0,백순대볶음,"2,5,6,10,13,16"
영일고등학교,7010216,2024-10-18,금,석식,21.0,계란후라이,"1,5"
영일고등학교,7010216,2024-10-18,금,석식,21.0,배추김치,9
영일고등학교,7010216,2024-10-21,월,중식,792.0,칼슘찹쌀밥,
영일고등학교,7010216,2024-10-21,월,중식,792.0,초코롤,"1,2,5,6"
영일고등학교,7010216,2024-10-21,월,중식,792.0,배추된장국,"5,6"
영일고등학교,7010216,2024-10-21,월,중식,792.0,두부조림,"5,6,13"
영일고등학교,7010216,2024-10-21,월,중식,792.0,간장돼지불고기,"5,6,10,13"
영일고등학교,7010216,2024-10-21,월,중식,792.0,깍두기,9
영일고등학교,7010216,2024-10-21,월,중식,792.0,깻잎무쌈,
영일고등학교,7010216,2024-10-21,월,석식,100.0,미트소스스파게티,"1,2,5,6,10,12,13,16"
영일고등학교,7010216,2024-10-21,월,석식,100.0,수제콤비네이션 씬피자,"1,2,5,6,10,12,13,15,16"
영일고등학교,7010216,2024-10-21,월,석식,100.0,배추김치,9
영일고등학교,7010216,2024-10-21,월,석식,100.0,오이피클,
영일고등학교,7010216,2024-10-21,월,석식,100.0,바나나우유,2
영일고등학교,7010216,2024-10-21,월,석식,100.0,펄치즈토마토샐러드*발사믹D,"1,2,5,6,12,13"
영일고등학교,7010216,2024-10-22,화,중식,792.0,칼슘기장밥,
영일고등학교,7010216,2024-10-22,화,중식,792.0,부대찌개,"1,2,5,6,9,10,12,13,15,16"
영일고등학교,7010216,2024-10-22,화,중식,792.0,건파래볶음,"5,13"
영일고등학교,7010216,2024-10-22,화,중식,792.0,계란찜,"1,5"
영일고등학교,7010216,2024-10-22,화,중식,792.0,깍두기,9
영일고등학교,7010216,2024-10-22,화,중식,792.0,치커리사과생채,13
영일고등학교,7010216,2024-10-22,화,석식,100.0,오므라이스,"1,2,5,6,10,12,13,16"
영일고등학교,7010216,2024-10-22,화,석식,100.0,철판삼겹볶음우동,"5,6,10,13,18"
영일고등학교,7010216,2024-10-22,화,석식,100.0,미니붕어빵,"1,2,5,6"
영일고등학교,7010216,2024-10-22,화,석식,100.0,팽이버섯된장국,"5,6"
영일고등학교,7010216,2024-10-22,화,석식,100.0,배추김치,9
영일고등학교,7010216,2024-10-23,수,중식,792.0,찹쌀밥,
영일고등학교,7010216,2024-10-23,수,중식,792.0,미소된장국,"5,6"
영일고등학교,7010216,2024-10-23,수,중식,792.0,참치김치볶음,"5,9,13"
영일고등학교,7010216,2024-10-23,수,중식,792.0,미니치즈카츠,"1,2,5,6,10"
영일고등학교,7010216,2024-10-23,수,중식,792.0,요구르트,2
영일고등학교,7010216,2024-10-23,수,중식,792.0,양배추샐러드(사우젠D),"1,5,12,13"
영일고등학교,7010216,2024-10-23,수,석식,100.0,가바현미밥,
영일고등학교,7010216,2024-10-23,수,석식,100.0,어묵국,"1,5,6"
영일고등학교,7010216,2024-10-23,수,석식,100.0,제육볶음,"5,6,10,13"
영일고등학교,7010216,2024-10-23,수,석식,100.0,스페니쉬오믈렛,"1,2,5"
영일고등학교,7010216,2024-10-23,수,석식,100.0,배추김치,9
영일고등학교,7010216,2024-10-23,수,석식,100.0,상추쌈&쌈장,"5,6"
영일고등학교,7010216,2024-10-24,목,중식,792.0,찰현미밥,
영일고등학교,7010216,2024-10-24,목,중식,792.0,김치찌개,"5,9,10"
영일고등학교,7010216,2024-10-24,목,중식,792.0,진미채고추장조림,"4,5,6,13,17"
영일고등학교,7010216,2024-10-24,목,중식,792.0,순살안동찜닭,"5,6,13,15"
영일고등학교,7010216,2024-10-24,목,중식,792.0,깍두기,9
영일고등학교,7010216,2024-10-24,목,중식,792.0,과일샐러드&요거트D,"1,2,5,6,11,12"
영일고등학교,7010216,2024-10-24,목,석식,100.0,매콤낙지덮밥,"5,6,13"
영일고등학교,7010216,2024-10-24,목,석식,100.0,수제계란토스트,"1,2,5,6,13"
영일고등학교,7010216,2024-10-24,목,석식,100.0,쇠고기무국,"2,5,6,13,16"
영일고등학교,7010216,2024-10-24,목,석식,100.0,잔파김무침,
영일고등학교,7010216,2024-10-24,목,석식,100.0,배추김치,9
영일고등학교,7010216,2024-10-25,금,중식,792.0,쇠고기영양밥,"5,6,13,16,18"
영일고등학교,7010216,2024-10-25,금,중식,792.0,독도케이크,"1,2,5,6"
영일고등학교,7010216,2024-10-25,금,중식,792.0,탱글뽀득핫도그&케찹,"1,2,5,6,10,12,16"
영일고등학교,7010216,2024-10-25,금,중식,792.0,시금치된장국,"5,6,13,16"
영일고등학교,7010216,2024-10-25,금,중식,792.0,실곤약야채무침,"5,6,13"
영일고등학교,7010216,2024-10-25,금,중식,792.0,배추김치,9
영일고등학교,7010216,2024-10-25,금,석식,60.0,참치마요주먹밥,"1,5"
영일고등학교,7010216,2024-10-25,금,석식,60.0,잔치국수,"1,5,6,9,13"
영일고등학교,7010216,2024-10-25,금,석식,60.0,낙지호롱꼬지구이,"6,12,13,18"
영일고등학교,7010216,2024-10-25,금,석식,60.0,배추김치,9
영일고등학교,7010216,2024-10-25,금,석식,60.0,수제꿀토마토주스,"12,13"
영일고등학교,7010216,2024-10-28,월,중식,792.0,찰현미밥,
영일고등학교,7010216,2024-10-28,월,중식,792.0,실파계란국,"1,5,6"
영일고등학교,7010216,2024-10-28,월,중식,792.0,콩나물불고기,"5,6,10,13"
영일고등학교,7010216,2024-10-28,월,중식,792.0,애호박들깨나물,"5,6"
영일고등학교,7010216,2024-10-28,월,중식,792.0,깍두기,9
영일고등학교,7010216,2024-10-28,월,중식,792.0,도토리묵*양념장,"5,6,13"
영일고등학교,7010216,2024-10-28,월,석식,83.0,콩나물밥&양념장,"5,6,13"
영일고등학교,7010216,2024-10-28,월,석식,83.0,임실치즈쏙쏙핫도그,"1,2,5,6,10,16"
영일고등학교,7010216,2024-10-28,월,석식,83.0,김치유부국,"5,9"
영일고등학교,7010216,2024-10-28,월,석식,83.0,배추김치,9
영일고등학교,7010216,2024-10-28,월,석식,83.0,파인애플,
영일고등학교,7010216,2024-10-29,화,중식,792.0,칼슘기장밥,
영일고등학교,7010216,2024-10-29,화,중식,792.0,사골우거지국,"5,6,13,16"
영일고등학교,7010216,2024-10-29,화,중식,792.0,단무지채무침,13
영일고등학교,7010216,2024-10-29,화,중식,792.0,에그랑땡,"1,2,5,6,10,15,16"
영일고등학교,7010216,2024-10-29,화,중식,792.0,코다리강정,"4,5,6,12,13"
영일고등학교,7010216,2024-10-29,화,중식,792.0,배추김치,9
영일고등학교,7010216,2024-10-29,화,석식,88.0,미니계란볶음밥,"1,5,6,13,18"
영일고등학교,7010216,2024-10-29,화,석식,88.0,자장면,"1,5,6,10,13,16,18"
영일고등학교,7010216,2024-10-29,화,석식,88.0,꿔바로우,"1,5,6,10,13"
영일고등학교,7010216,2024-10-29,화,석식,88.0,흑당버블라떼,2
영일고등학교,7010216,2024-10-29,화,석식,88.0,단무지,
영일고등학교,7010216,2024-10-30,수,중식,792.0,칼슘찹쌀밥,
영일고등학교,7010216,2024-10-30,수,중식,792.0,미역국,"5,6"
영일고등학교,7010216,2024-10-30,수,중식,792.0,묵은지돼지갈비찜,"5,6,9,10,13"
영일고등학교,7010216,2024-10-30,수,중식,792.0,콩나물무침,5
영일고등학교,7010216,2024-10-30,수,중식,792.0,깍두기,9
영일고등학교,7010216,2024-10-30,수,중식,792.0,음료,13
영일고등학교,7010216,2024-10-30,수,석식,80.0,칼슘찹쌀밥,
영일고등학교,7010216,2024-10-30,수,석식,80.0,닭곰탕,"5,6,15"
영일고등학교,7010216,2024-10-30,수,석식,80.0,부들어묵볶음,"1,5,6,13"
영일고등학교,7010216,2024-10-30,수,석식,80.0,소보로회오리감자,"5,6"
영일고등학교,7010216,2024-10-30,수,석식,80.0,석박지,9
영일고등학교,7010216,2024-10-30,수,석식,80.0,복숭아아이스티,11
영일고등학교,7010216,2024-10-31,목,중식,792.0,김치볶음밥,"5,6,9,10,13,18"
영일고등학교,7010216,2024-10-31,목,중식,792.0,맑은콩나물국,"5,6"
영일고등학교,7010216,2024-10-31,목,중식,792.0,닭날개튀김,"5,6,15"
영일고등학교,7010216,2024-10-31,목,중식,792.0,깍두기,9
영일고등학교,7010216,2024-10-31,목,중식,792.0,참나물무생채,"5,6,13"
영일고등학교,7010216,2024-10-31,목,중식,792.0,열대과일샐러드&요거트드레싱,"1,2,5,6"
영일고등학교,7010216,2024-10-31,목,석식,93.0,나물비빔밥,"5,6,13,16"
영일고등학교,7010216,2024-10-31,목,석식,93.0,미소된장국,"5,6"
영일고등학교,7010216,2024-10-31,목,석식,93.0,슈프림양념치킨,"1,2,5,6,12,13,15"
영일고등학교,7010216,2024-10-31,목,석식,93.0,계란후라이,"1,5,12"
영일고등학교,7010216,2024-10-31,목,석식,93.0,배추김치,9
영일고등학교,7010216,2024-10-31,목,석식,93.0,황치즈파이,"1,2,5,6"
영일고등학교,7010216,2024-11-01,금,중식,791.0,찰흑미밥,
영일고등학교,7010216,2024-11-01,금,중식,791.0,버섯매운수제비국,"5,6"
영일고등학교,7010216,2024-11-01,금,중식,791.0,간장돼지불고기,"5,6,10,13,18"
영일고등학교,7010216,2024-11-01,금,중식,791.0,문어포꽈리고추볶음,"5,6,13"
영일고등학교,7010216,2024-11-01,금,중식,791.0,배추김치,9
영일고등학교,7010216,2024-11-01,금,중식,791.0,상추쌈&쌈장,"5,6"
영일고등학교,7010216,2024-11-01,금,중식,791.0,카스테라인절미,"1,2,5,6"
영일고등학교,7010216,2024-11-01,금,석식,40.0,소고기콩나물밥*부추간장,"5,6,16"
영일고등학교,7010216,2024-11-01,금,석식,40.0,사골우거지국,"5,6,13,16"
영일고등학교,7010216,2024-11-01,금,석식,40.0,수제후라이드치킨,"5,6,13,15"
영일고등학교,7010216,2024-11-01,금,석식,40.0,배추김치,9
영일고등학교,7010216,2024-11-01,금,석식,40.0,수제레몬에이드,13
영일고등학교,7010216,2024-11-04,월,중식,791.0,칼슘기장검은현미밥,
영일고등학교,7010216,2024-11-04,월,중식,791.0,미니우동,"1,2,5,6,7,9,13,18"
영일고등학교,7010216,2024-11-04,월,중식,791.0,청포묵김무침,13
영일고등학교,7010216,2024-11-04,월,중식,791.0,무말랭이진미무침,17
영일고등학교,7010216,2024-11-04,월,중식,791.0,고구마치즈롤까스,"1,2,5,6,10,12,13,18"
영일고등학교,7010216,2024-11-04,월,중식,791.0,배추김치,9
영일고등학교,7010216,2024-11-04,월,석식,80.0,찰현미밥,
영일고등학교,7010216,2024-11-04,월,석식,80.0,감자옹심이들깨탕,17
영일고등학교,7010216,2024-11-04,월,석식,80.0,고추장오이무침,"5,6,13"
영일고등학교,7010216,2024-11-04,월,석식,80.0,쭈꾸미볶음&소면,"5,6,13,17"
영일고등학교,7010216,2024-11-04,월,석식,80.0,콘치즈구이,"2,13"
영일고등학교,7010216,2024-11-04,월,석식,80.0,배추김치,9
영일고등학교,7010216,2024-11-05,화,중식,791.0,찰보리밥,
영일고등학교,7010216,2024-11-05,화,중식,791.0,뼈없는 갈비탕,"1,5,6,16"
영일고등학교,7010216,2024-11-05,화,중식,791.0,애호박들깨나물,"5,6"
영일고등학교,7010216,2024-11-05,화,중식,791.0,마라부대볶음,"1,2,5,6,10,15,16"
영일고등학교,7010216,2024-11-05,화,중식,791.0,계란찜,"1,5"
영일고등학교,7010216,2024-11-05,화,중식,791.0,깍두기,9
영일고등학교,7010216,2024-11-05,화,석식,80.0,소불고기유부초밥,"5,16"
영일고등학교,7010216,2024-11-05,화,석식,80.0,바지락칼국수,"5,6,18"
영일고등학교,7010216,2024-11-05,화,석식,80.0,고구마그라탕,"2,6,12,13"
영일고등학교,7010216,2024-11-05,화,석식,80.0,파닭꼬치&소스,"2,5,6,12,13,15"
영일고등학교,7010216,2024-11-05,화,석식,80.0,배추김치,9
영일고등학교,7010216,2024-11-06,수,중식,791.0,쌀밥,
영일고등학교,7010216,2024-11-06,수,중식,791.0,미트소스스파게티,"1,2,5,6,10,12,13,16"
영일고등학교,7010216,2024-11-06,수,중식,791.0,마늘빵,"2,5,6"
영일고등학교,7010216,2024-11-06,수,중식,791.0,사골우거지국,"5,6,13,16"
영일고등학교,7010216,2024-11-06,수,중식,791.0,오이피클&할라피뇨,
영일고등학교,7010216,2024-11-06,수,중식,791.0,음료,13
영일고등학교,7010216,2024-11-06,수,중식,791.0,열대과일샐러드&요거트드레싱,"1,2,5,6"
영일고등학교,7010216,2024-11-06,수,석식,80.0,가바현미밥,
영일고등학교,7010216,2024-11-06,수,석식,80.0,들깨옹심이수제비국,"5,6,17"
영일고등학교,7010216,2024-11-06,수,석식,80.0,볶음김치,"5,9,13"
영일고등학교,7010216,2024-11-06,수,석식,80.0,수제치킨까스,"1,2,5,6,13,15"
영일고등학교,7010216,2024-11-06,수,석식,80.0,흑임자인절미,6
영일고등학교,7010216,2024-11-06,수,석식,80.0,그린샐러드*발사믹D,"2,5,6,12"
영일고등학교,7010216,2024-11-07,목,중식,791.0,찰흑미밥,
영일고등학교,7010216,2024-11-07,목,중식,791.0,순두부찌개,"1,5,6,8,9,10,13,16,17,18"
영일고등학교,7010216,2024-11-07,목,중식,791.0,돼지갈비찜,"5,6,10,13,18"
영일고등학교,7010216,2024-11-07,목,중식,791.0,오이지무침,
영일고등학교,7010216,2024-11-07,목,중식,791.0,햄감자채볶음,"1,2,5,6,10,15,16"
영일고등학교,7010216,2024-11-07,목,중식,791.0,배추김치,9
영일고등학교,7010216,2024-11-07,목,석식,80.0,참치생야채비빔밥,"5,6,13"
영일고등학교,7010216,2024-11-07,목,석식,80.0,콩가루배추국,"5,6"
영일고등학교,7010216,2024-11-07,목,석식,80.0,어묵깻잎전,"1,5,6"
영일고등학교,7010216,2024-11-07,목,석식,80.0,버터갈릭연어스테이크,"1,2,5,12,13"
영일고등학교,7010216,2024-11-07,목,석식,80.0,배추김치,9
영일고등학교,7010216,2024-11-08,금,중식,791.0,쌀밥,
영일고등학교,7010216,2024-11-08,금,중식,791.0,계란볶음밥,"1,5,6,13,18"
영일고등학교,7010216,2024-11-08,금,중식,791.0,자장면,"1,5,6,10,13,16,18"
영일고등학교,7010216,2024-11-08,금,중식,791.0,짬뽕국,"5,6,9,17,18"
영일고등학교,7010216,2024-11-08,금,중식,791.0,군만두튀김,"1,5,6,10,16,18"
영일고등학교,7010216,2024-11-08,금,중식,791.0,배추김치,9
영일고등학교,7010216,2024-11-08,금,중식,791.0,하트단무지,
영일고등학교,7010216,2024-11-08,금,석식,40.0,찰현미밥,
영일고등학교,7010216,2024-11-08,금,석식,40.0,쇠고기감자국,"5,6,16"
영일고등학교,7010216,2024-11-08,금,석식,40.0,오징어초무침,"13,17"
영일고등학교,7010216,2024-11-08,금,석식,40.0,고추잡채,"5,6,10,13,18"
영일고등학교,7010216,2024-11-08,금,석식,40.0,꽃빵연유튀김,"2,5,6,13"
영일고등학교,7010216,2024-11-08,금,석식,40.0,배추김치,9
영일고등학교,7010216,2024-11-11,월,중식,791.0,칼슘찹쌀밥,
영일고등학교,7010216,2024-11-11,월,중식,791.0,배추된장국,"5,6"
영일고등학교,7010216,2024-11-11,월,중식,791.0,양배추쌈,"5,6"
영일고등학교,7010216,2024-11-11,월,중식,791.0,제육볶음,"5,6,10,13,18"
영일고등학교,7010216,2024-11-11,월,중식,791.0,부들어묵맛살볶음,"1,5,6,13"
영일고등학교,7010216,2024-11-11,월,중식,791.0,깍두기,9
영일고등학교,7010216,2024-11-11,월,중식,791.0,망고사고요거트,2
영일고등학교,7010216,2024-11-11,월,석식,80.0,소고기우엉주먹밥,"5,6,16"
영일고등학교,7010216,2024-11-11,월,석식,80.0,탄탄면,"2,4,5,6,9,10,12,13,16,17,18"
영일고등학교,7010216,2024-11-11,월,석식,80.0,수제계란토스트,"1,2,5,6,13"
영일고등학교,7010216,2024-11-11,월,석식,80.0,볶음김치,"5,9,13"
영일고등학교,7010216,2024-11-11,월,석식,80.0,숙주샐러드,"5,6,13"
영일고등학교,7010216,2024-11-12,화,중식,791.0,칼슘찹쌀밥,
영일고등학교,7010216,2024-11-12,화,중식,791.0,쇠고기감자국,"5,6,16"
영일고등학교,7010216,2024-11-12,화,중식,791.0,진미채실곤약무침,"5,6,13,17"
영일고등학교,7010216,2024-11-12,화,중식,791.0,구운오리야채볶음,"2,5,6,13,18"
영일고등학교,7010216,2024-11-12,화,중식,791.0,배추김치,9
영일고등학교,7010216,2024-11-12,화,중식,791.0,크림찰떡,"2,5"
영일고등학교,7010216,2024-11-12,화,중식,791.0,비트무쌈*머스타드S,"1,5,6,13"
영일고등학교,7010216,2024-11-12,화,석식,80.0,오징어덮밥,"5,6,13,17"
영일고등학교,7010216,2024-11-12,화,석식,80.0,실파계란국,"1,5,6"
영일고등학교,7010216,2024-11-12,화,석식,80.0,알감자버터구이,"2,5,13"
영일고등학교,7010216,2024-11-12,화,석식,80.0,불고기퀘사디아*살사S,"2,5,6,12,13,16"
영일고등학교,7010216,2024-11-12,화,석식,80.0,배추김치,9
영일고등학교,7010216,2024-11-18,월,중식,791.0,콩나물밥,"5,6,13"
영일고등학교,7010216,2024-11-18,월,중식,791.0,어묵무국,"1,5,6"
영일고등학교,7010216,2024-11-18,월,중식,791.0,고추잡채,"1,2,5,6,10,13,18"
영일고등학교,7010216,2024-11-18,월,중식,791.0,낙지호롱꼬지구이,"6,12,13,18"
영일고등학교,7010216,2024-11-18,월,중식,791.0,배추김치,9
영일고등학교,7010216,2024-11-18,월,중식,791.0,도시락김,
영일고등학교,7010216,2024-11-18,월,석식,45.0,칼슘기장밥,
영일고등학교,7010216,2024-11-18,월,석식,45.0,육개장만두국,"1,5,6,10,16,18"
영일고등학교,7010216,2024-11-18,월,석식,45.0,계란장조림,"1,5,6,10,13"
영일고등학교,7010216,2024-11-18,월,석식,45.0,콩나물부추무침,5
영일고등학교,7010216,2024-11-18,월,석식,45.0,잔파김무침,
영일고등학교,7010216,2024-11-18,월,석식,45.0,배추김치,9
영일고등학교,7010216,2024-11-19,화,중식,542.0,찰보리밥,
영일고등학교,7010216,2024-11-19,화,중식,542.0,쇠고기무국,"5,6,16"
영일고등학교,7010216,2024-11-19,화,중식,542.0,얼갈이쌈장나물,"5,6"
영일고등학교,7010216,2024-11-19,화,중식,542.0,스크램블에그,"1,2,12"
영일고등학교,7010216,2024-11-19,화,중식,542.0,하와이안불돈까스,"1,2,5,6,12,13,15"
영일고등학교,7010216,2024-11-19,화,중식,542.0,깍두기,9
영일고등학교,7010216,2024-11-19,화,석식,45.0,불낙죽,"5,6,16"
영일고등학교,7010216,2024-11-19,화,석식,45.0,수제버거,"1,2,5,6,10,12,13,16"
영일고등학교,7010216,2024-11-19,화,석식,45.0,웨지감자,"2,5,13"
영일고등학교,7010216,2024-11-19,화,석식,45.0,배추김치,9
영일고등학교,7010216,2024-11-19,화,석식,45.0,수제망고에이드,13
영일고등학교,7010216,2024-11-20,수,중식,542.0,쌀밥,
영일고등학교,7010216,2024-11-20,수,중식,542.0,미역국,"5,6"
영일고등학교,7010216,2024-11-20,수,중식,542.0,쭈꾸미브로콜리숙회,"5,6,13"
영일고등학교,7010216,2024-11-20,수,중식,542.0,숙주나물,
영일고등학교,7010216,2024-11-20,수,중식,542.0,돈육폭찹,"5,6,10,12,13,16"
영일고등학교,7010216,2024-11-20,수,중식,542.0,배추김치,9
영일고등학교,7010216,2024-11-20,수,석식,45.0,소고기볶음밥,"5,6,13,16,18"
영일고등학교,7010216,2024-11-20,수,석식,45.0,봉골레파스타,"1,2,5,6,18"
영일고등학교,7010216,2024-11-20,수,석식,45.0,양송이스프,"2,5,6,13,16"
영일고등학교,7010216,2024-11-20,수,석식,45.0,수제야채피클,13
영일고등학교,7010216,2024-11-20,수,석식,45.0,방울토마토치즈샐러드*발사믹D,"1,2,5,6,12"
영일고등학교,7010216,2024-11-21,목,중식,542.0,칼슘기장밥,
영일고등학교,7010216,2024-11-21,목,중식,542.0,돼지고기김치찌개,"5,9,10"
영일고등학교,7010216,2024-11-21,목,중식,542.0,오이탕탕이,13
영일고등학교,7010216,2024-11-21,목,중식,542.0,순살안동찜닭,"5,6,13,15,18"
영일고등학교,7010216,2024-11-21,목,중식,542.0,배추김치,9
영일고등학교,7010216,2024-11-21,목,중식,542.0,황도사과샐러드,"1,2,5,6,11,13"
영일고등학교,7010216,2024-11-21,목,석식,45.0,소보루덮밥,"1,5,6,9,13,16"
영일고등학교,7010216,2024-11-21,목,석식,45.0,닭칼국수,"5,6,15"
영일고등학교,7010216,2024-11-21,목,석식,45.0,교자만두찜,"1,5,6,10,15,16,18"
영일고등학교,7010216,2024-11-21,목,석식,45.0,깍두기,9
영일고등학교,7010216,2024-11-21,목,석식,45.0,꿀토마토,12
영일고등학교,7010216,2024-11-22,금,중식,542.0,김가루주먹밥,"1,2,5,6,9,13,16,18"
영일고등학교,7010216,2024-11-22,금,중식,542.0,잔치국수,"1,5,6,9,13"
영일고등학교,7010216,2024-11-22,금,중식,542.0,단무지부추무침,13
영일고등학교,7010216,2024-11-22,금,중식,542.0,수제등심탕수육*레몬S,"5,6,10,13"
영일고등학교,7010216,2024-11-22,금,중식,542.0,배추김치,9
영일고등학교,7010216,2024-11-22,금,중식,542.0,음료,13
영일고등학교,7010216,2024-11-22,금,석식,25.0,찰흑미밥,
영일고등학교,7010216,2024-11-22,금,석식,25.0,뼈없는 갈비탕,"1,5,6,16"
영일고등학교,7010216,2024-11-22,금,석식,25.0,오징어야채볶음,"5,6,13,17,18"
영일고등학교,7010216,2024-11-22,금,석식,25.0,석박지,9
영일고등학교,7010216,2024-11-22,금,석식,25.0,블루레몬에이드(수제),13
영일고등학교,7010216,2024-11-22,금,석식,25.0,카프레제샐러드,"1,2,5,6,12"
영일고등학교,7010216,2024-11-25,월,중식,542.0,찰흑미밥,
영일고등학교,7010216,2024-11-25,월,중식,542.0,미소된장국,"5,6"
영일고등학교,7010216,2024-11-25,월,중식,542.0,알감자조림,"5,6,13"
영일고등학교,7010216,2024-11-25,월,중식,542.0,깻잎불고기,"5,6,10,13"
영일고등학교,7010216,2024-11-25,월,중식,542.0,건파래볶음,"5,13"
영일고등학교,7010216,2024-11-25,월,중식,542.0,배추김치,9
영일고등학교,7010216,2024-11-25,월,석식,53.0,김밥볶음밥,"1,2,5,6,9,10,15,16"
영일고등학교,7010216,2024-11-25,월,석식,53.0,꽃게어묵국,"1,5,6,8"
영일고등학교,7010216,2024-11-25,월,석식,53.0,짜장떡볶이,"1,5,6,13,16,18"
영일고등학교,7010216,2024-11-25,월,석식,53.0,수제야채튀김,"5,6,13"
영일고등학교,7010216,2024-11-25,월,석식,53.0,배추김치,9
영일고등학교,7010216,2024-11-26,화,중식,791.0,칼슘찹쌀밥,
영일고등학교,7010216,2024-11-26,화,중식,791.0,물만두국,"1,5,6,10,16,18"
영일고등학교,7010216,2024-11-26,화,중식,791.0,동그랑땡계란전,"1,2,5,6,10,15,16"
영일고등학교,7010216,2024-11-26,화,중식,791.0,슈프림양념치킨,"1,2,5,6,12,13,15"
영일고등학교,7010216,2024-11-26,화,중식,791.0,배추김치,9
영일고등학교,7010216,2024-11-26,화,중식,791.0,귤,
영일고등학교,7010216,2024-11-26,화,석식,55.0,나물비빔밥,"5,6,13,16"
영일고등학교,7010216,2024-11-26,화,석식,55.0,몬테크리스토샌드위치,"1,2,5,6,10,13,15,16"
영일고등학교,7010216,2024-11-26,화,석식,55.0,우동국물,"1,2,5,6,7,9,13,18"
영일고등학교,7010216,2024-11-26,화,석식,55.0,계란후라이,"1,5"
영일고등학교,7010216,2024-11-26,화,석식,55.0,배추김치,9
영일고등학교,7010216,2024-11-26,화,석식,55.0,요구르트,2
영일고등학교,7010216,2024-11-27,수,중식,791.0,찰보리밥,
영일고등학교,7010216,2024-11-27,수,중식,791.0,등뼈감자탕,"5,6,9,10"
영일고등학교,7010216,2024-11-27,수,중식,791.0,멸치볶음,"5,6,13"
영일고등학교,7010216,2024-11-27,수,중식,791.0,김계란말이,"1,5"
영일고등학교,7010216,2024-11-27,수,중식,791.0,깍두기,9
영일고등학교,7010216,2024-11-27,수,중식,791.0,후루츠요거트샐러드,"1,2,5,6,11"
영일고등학교,7010216,2024-11-27,수,석식,53.0,쌀밥,
영일고등학교,7010216,2024-11-27,수,석식,53.0,고르곤졸라피자,"2,5,6,12,13"
영일고등학교,7010216,2024-11-27,수,석식,53.0,연한된장국,"5,6"
영일고등학교,7010216,2024-11-27,수,석식,53.0,두부두루치기,"5,6,10"
영일고등학교,7010216,2024-11-27,수,석식,53.0,배추김치,9
영일고등학교,7010216,2024-11-27,수,석식,53.0,시저샐러드,"1,2,5,6,13"
영일고등학교,7010216,2024-11-27,수,석식,53.0,미숫가루우유,"2,5"
영일고등학교,7010216,2024-11-28,목,중식,542.0,호밀잼파이,"1,2,5"
영일고등학교,7010216,2024-11-28,목,중식,542.0,맑은콩나물국,"5,6"
영일고등학교,7010216,2024-11-28,목,중식,542.0,안심까스,"1,2,5,6,10"
영일고등학교,7010216,2024-11-28,목,중식,542.0,배추김치,9
영일고등학교,7010216,2024-11-28,목,중식,542.0,카레라이스,"2,5,6,10,12,13,16,18"
영일고등학교,7010216,2024-11-28,목,중식,542.0,양배추샐러드*사우전D,"1,5,12,13"
영일고등학교,7010216,2024-11-28,목,석식,56.0,닭가슴살깍두기볶음밥,"9,15"
영일고등학교,7010216,2024-11-28,목,석식,56.0,미니우동,"1,2,5,6,7,9,13,18"
영일고등학교,7010216,2024-11-28,목,석식,56.0,콩나물무침,5
영일고등학교,7010216,2024-11-28,목,석식,56.0,소보로회오리감자,"5,6"
영일고등학교,7010216,2024-11-28,목,석식,56.0,배추김치,9
영일고등학교,7010216,2024-11-29,금,중식,542.0,칼슘기장밥,
영일고등학교,7010216,2024-11-29,금,중식,542.0,황태계란국,"1,5,6,13,16"
영일고등학교,7010216,2024-11-29,금,중식,542.0,묵은지돼지갈비찜,"5,6,9,10,13"
영일고등학교,7010216,2024-11-29,금,중식,542.0,오이생채,13
영일고등학교,7010216,2024-11-29,금,중식,542.0,깍두기,9
영일고등학교,7010216,2024-11-29,금,중식,542.0,도토리묵*양념장,"5,6,13"
영일고등학교,7010216,2024-11-29,금,석식,21.0,칼슘기장밥,
영일고등학교,7010216,2024-11-29,금,석식,21.0,설렁탕*소면사리,"5,6,13,16"
영일고등학교,7010216,2024-11-29,금,석식,21.0,한식잡채,"5,6,10,13"
영일고등학교,7010216,2024-11-29,금,석식,21.0,새우살부추전,"1,5,6,9,13"
영일고등학교,7010216,2024-11-29,금,석식,21.0,석박지,9
영일고등학교,7010216,2024-11-29,금,석식,21.0,딸기바나나우유,"2,13"
영일고등학교,7010216,2024-12-02,월,중식,789.0,칼슘기장밥,
영일고등학교,7010216,2024-12-02,월,중식,789.0,된장찌개,"5,6,9"
영일고등학교,7010216,2024-12-02,월,중식,789.0,삼치양념구이,"5,6,13"
영일고등학교,7010216,2024-12-02,월,중식,789.0,콩나물무침,5
영일고등학교,7010216,2024-12-02,월,중식,789.0,소세지떡볶음,"2,5,6,10,12,13,15,16"
영일고등학교,7010216,2024-12-02,월,중식,789.0,깍두기,9
영일고등학교,7010216,2024-12-02,월,석식,66.0,칼슘기장밥,
영일고등학교,7010216,2024-12-02,월,석식,66.0,닭칼국수,"5,6,15"
영일고등학교,7010216,2024-12-02,월,석식,66.0,배추겉절이,"9,13"
영일고등학교,7010216,2024-12-02,월,석식,66.0,진미채고추장조림,"4,5,6,13,17"
영일고등학교,7010216,2024-12-02,월,석식,66.0,왕해물파전,"1,5,6,9,13,17,18"
영일고등학교,7010216,2024-12-02,월,석식,66.0,수제녹차라떼,"2,13"
영일고등학교,7010216,2024-12-03,화,중식,789.0,쌀밥,
영일고등학교,7010216,2024-12-03,화,중식,789.0,수제비국,"5,6"
영일고등학교,7010216,2024-12-03,화,중식,789.0,두부조림,"5,6,13"
영일고등학교,7010216,2024-12-03,화,중식,789.0,고추장오이무침,"5,6,13"
영일고등학교,7010216,2024-12-03,화,중식,789.0,등심돈까스*돈까스S,"1,2,5,6,10,12,13,16"
영일고등학교,7010216,2024-12-03,화,중식,789.0,배추김치,9
영일고등학교,7010216,2024-12-03,화,석식,57.0,참치김치덮밥,"5,9,13"
영일고등학교,7010216,2024-12-03,화,석식,57.0,고르곤졸라피자,"2,5,6,12,13"
영일고등학교,7010216,2024-12-03,화,석식,57.0,바지락무채국,"5,6,18"
영일고등학교,7010216,2024-12-03,화,석식,57.0,깍두기,9
영일고등학교,7010216,2024-12-03,화,석식,57.0,수제딸기바나나우유,"2,13"
영일고등학교,7010216,2024-12-04,수,중식,789.0,칼슘기장밥,
영일고등학교,7010216,2024-12-04,수,중식,789.0,쇠고기무국,"2,5,6,13,16"
영일고등학교,7010216,2024-12-04,수,중식,789.0,콩나물불고기,"5,6,10,13"
영일고등학교,7010216,2024-12-04,수,중식,789.0,깍두기,9
영일고등학교,7010216,2024-12-04,수,중식,789.0,콘맛살샐러드,"1,5,6,13"
영일고등학교,7010216,2024-12-04,수,중식,789.0,도토리묵*양념장,"5,6,13"
영일고등학교,7010216,2024-12-04,수,석식,65.0,찰옥수수밥,
영일고등학교,7010216,2024-12-04,수,석식,65.0,쇠고기자장소스,"2,5,6,13,16,18"
영일고등학교,7010216,2024-12-04,수,석식,65.0,직화짬뽕국,"5,6,9,13,17,18"
영일고등학교,7010216,2024-12-04,수,석식,65.0,고추바사삭볼카츠,"1,2,5,6,10"
영일고등학교,7010216,2024-12-04,수,석식,65.0,배추김치,9
영일고등학교,7010216,2024-12-04,수,석식,65.0,단무지,
영일고등학교,7010216,2024-12-05,목,중식,789.0,가바현미밥,
영일고등학교,7010216,2024-12-05,목,중식,789.0,미니우동,"1,2,5,6,7,9,13,18"
영일고등학교,7010216,2024-12-05,목,중식,789.0,꽈리고추메추리알조림,"1,5,6,13"
영일고등학교,7010216,2024-12-05,목,중식,789.0,배추김치,9
영일고등학교,7010216,2024-12-05,목,중식,789.0,버킷어썸닭꼬치,"5,6,15"
영일고등학교,7010216,2024-12-05,목,중식,789.0,열대과일샐러드&요거트드레싱,"1,2,5,6"
영일고등학교,7010216,2024-12-05,목,석식,64.0,곤드레밥*양념간장,"5,6"
영일고등학교,7010216,2024-12-05,목,석식,64.0,연한된장국,"5,6"
영일고등학교,7010216,2024-12-05,목,석식,64.0,생깻잎지,"5,6,13"
영일고등학교,7010216,2024-12-05,목,석식,64.0,닭날개튀김,"5,6,15"
영일고등학교,7010216,2024-12-05,목,석식,64.0,배추김치,9
영일고등학교,7010216,2024-12-06,금,중식,789.0,찰현미밥,
영일고등학교,7010216,2024-12-06,금,중식,789.0,순대국,"2,5,6,9,10,13,15,16"
영일고등학교,7010216,2024-12-06,금,중식,789.0,햄감자채볶음,"1,2,5,6,10,15,16"
영일고등학교,7010216,2024-12-06,금,중식,789.0,계란찜,"1,5"
영일고등학교,7010216,2024-12-06,금,중식,789.0,배추김치,9
영일고등학교,7010216,2024-12-06,금,중식,789.0,요구르트,2
영일고등학교,7010216,2024-12-06,금,석식,35.0,찰현미밥,
영일고등학교,7010216,2024-12-06,금,석식,35.0,아귀매운탕,"5,6"
영일고등학교,7010216,2024-12-06,금,석식,35.0,사태김치찜,"5,6,9,10"
영일고등학교,7010216,2024-12-06,금,석식,35.0,쌈배추생채,13
영일고등학교,7010216,2024-12-06,금,석식,35.0,시금치베이컨프리타타,"1,2,10,12,13"
영일고등학교,7010216,2024-12-06,금,석식,35.0,깍두기,9
영일고등학교,7010216,2024-12-09,월,중식,789.0,찰보리밥,
영일고등학교,7010216,2024-12-09,월,중식,789.0,김치콩나물국,"5,6,7,9,13,18"
영일고등학교,7010216,2024-12-09,월,중식,789.0,양배추쌈,"5,6"
영일고등학교,7010216,2024-12-09,월,중식,789.0,부들어묵볶음,"1,5,6,13"
영일고등학교,7010216,2024-12-09,월,중식,789.0,직화제육볶음,"2,5,6,10,12,13,16,18"
영일고등학교,7010216,2024-12-09,월,중식,789.0,배추김치,9
영일고등학교,7010216,2024-12-09,월,석식,68.0,옛날도시락,"1,2,5,6,9,10,13,15,16"
영일고등학교,7010216,2024-12-09,월,석식,68.0,미니감자햄치즈샌드위치,"1,2,5,6,10,12,13,15,16"
영일고등학교,7010216,2024-12-09,월,석식,68.0,감자옹심이들깨탕,17
영일고등학교,7010216,2024-12-09,월,석식,68.0,총각김치,9
영일고등학교,7010216,2024-12-09,월,석식,68.0,수제핫초코,"1,2,5,6,13"
영일고등학교,7010216,2024-12-10,화,중식,789.0,찰흑미밥,
영일고등학교,7010216,2024-12-10,화,중식,789.0,부대찌개,"1,2,5,6,9,10,12,13,15,16"
영일고등학교,7010216,2024-12-10,화,중식,789.0,꽈리고추감자조림,"5,6,13"
영일고등학교,7010216,2024-12-10,화,중식,789.0,오이지무침,
영일고등학교,7010216,2024-12-10,화,중식,789.0,치즈생선까스,"1,2,5,6,12,13,18"
영일고등학교,7010216,2024-12-10,화,중식,789.0,깍두기,9
영일고등학교,7010216,2024-12-18,수,중식,789.0,찹쌀밥,
영일고등학교,7010216,2024-12-18,수,중식,789.0,쇠고기미역국,"2,5,6,13,16"
영일고등학교,7010216,2024-12-18,수,중식,789.0,묵은지돼지갈비찜,"5,6,9,10,13"
영일고등학교,7010216,2024-12-18,수,중식,789.0,숙주나물,
영일고등학교,7010216,2024-12-18,수,중식,789.0,소보로회오리감자,"5,6"
영일고등학교,7010216,2024-12-18,수,중식,789.0,깍두기,9
영일고등학교,7010216,2024-12-18,수,석식,65.0,찰보리밥,
영일고등학교,7010216,2024-12-18,수,석식,65.0,연한된장국(미소된장),"5,6"
영일고등학교,7010216,2024-12-18,수,석식,65.0,콩나물부추무침,5
영일고등학교,7010216,2024-12-18,수,석식,65.0,구운오리야채볶음,"2,5,6,13,18"
영일고등학교,7010216,2024-12-18,수,석식,65.0,배추김치,9
영일고등학교,7010216,2024-12-18,수,석식,65.0,파스타샐러드,"1,2,5,6,12,13"
영일고등학교,7010216,2024-12-19,목,중식,789.0,칼슘찹쌀밥,
영일고등학교,7010216,2024-12-19,목,중식,789.0,연한된장국,"5,6"
영일고등학교,7010216,2024-12-19,목,중식,789.0,청포묵김무침,13
영일고등학교,7010216,2024-12-19,목,중식,789.0,눈꽃치즈닭갈비,"2,5,6,13,15"
영일고등학교,7010216,2024-12-19,목,중식,789.0,깍두기,9
영일고등학교,7010216,2024-12-19,목,중식,789.0,후루츠요거트샐러드,"1,2,5,6,11"
영일고등학교,7010216,2024-12-19,목,석식,65.0,찰흑미밥,
영일고등학교,7010216,2024-12-19,목,석식,65.0,부대찌개,"1,2,5,6,9,10,12,13,15,16"
영일고등학교,7010216,2024-12-19,목,석식,65.0,오이생채,13
영일고등학교,7010216,2024-12-19,목,석식,65.0,닭봉구이*머스타드S,"12,13,15,18,1,5,6"
영일고등학교,7010216,2024-12-19,목,석식,65.0,깍두기,9
영일고등학교,7010216,2024-12-19,목,석식,65.0,요구르트,2
영일고등학교,7010216,2024-12-20,금,중식,789.0,소고기콩나물밥*부추간장,"5,6,16"
영일고등학교,7010216,2024-12-20,금,중식,789.0,실파계란국,"1,5,6"
영일고등학교,7010216,2024-12-20,금,중식,789.0,파래자반,"5,13"
영일고등학교,7010216,2024-12-20,금,중식,789.0,닭다리오븐구이,"5,6,12,13,15,18"
영일고등학교,7010216,2024-12-20,금,중식,789.0,배추김치,9
영일고등학교,7010216,2024-12-20,금,중식,789.0,떠먹는요구르트(초코볼&크런치),2
영일고등학교,7010216,2024-12-20,금,석식,40.0,장조림버터비빔밥,"1,2,5,6,9,10,13,16,18"
영일고등학교,7010216,2024-12-20,금,석식,40.0,매운어묵국,"1,5,6"
영일고등학교,7010216,2024-12-20,금,석식,40.0,모듬햄푸실리볶음,"1,2,5,6,10,12,15,16"
영일고등학교,7010216,2024-12-20,금,석식,40.0,볶음김치,"5,9,13"
영일고등학교,7010216,2024-12-20,금,석식,40.0,파인애플,
영일고등학교,7010216,2024-12-23,월,중식,567.0,찰보리밥,
영일고등학교,7010216,2024-12-23,월,중식,567.0,참치김치찌개,"2,5,6,9,13,16"
영일고등학교,7010216,2024-12-23,월,중식,567.0,샤오롱바오,"1,5,6,10,16,18"
영일고등학교,7010216,2024-12-23,월,중식,567.0,고추잡채,"1,2,5,6,10,13,18"
영일고등학교,7010216,2024-12-23,월,중식,567.0,김계란말이,"1,5"
영일고등학교,7010216,2024-12-23,월,중식,567.0,깍두기,9
영일고등학교,7010216,2024-12-23,월,석식,70.0,계란볶음밥,"1,5,6,13,18"
영일고등학교,7010216,2024-12-23,월,석식,70.0,배추된장국,"5,6"
영일고등학교,7010216,2024-12-23,월,석식,70.0,핫케익&시럽,"1,2,5,6,13"
영일고등학교,7010216,2024-12-23,월,석식,70.0,닭날개튀김,"5,6,15"
영일고등학교,7010216,2024-12-23,월,석식,70.0,배추김치,9
영일고등학교,7010216,2024-12-23,월,석식,70.0,자장소스,"5,6,10,13,16,18"
영일고등학교,7010216,2024-12-24,화,중식,559.0,김치볶음밥,"1,2,5,6,9,10,13,15,16"
영일고등학교,7010216,2024-12-24,화,중식,559.0,레드벨벳 트리케익,"1,2,5,6"
영일고등학교,7010216,2024-12-24,화,중식,559.0,맑은콩나물국,"5,6"
영일고등학교,7010216,2024-12-24,화,중식,559.0,사각어묵볶음,"1,5,6,13"
영일고등학교,7010216,2024-12-24,화,중식,559.0,우라쌀꿔바로우,"1,2,5,6,10,13,15"
영일고등학교,7010216,2024-12-24,화,중식,559.0,깍두기,9
영일고등학교,7010216,2024-12-26,목,중식,559.0,찰흑미밥,
영일고등학교,7010216,2024-12-26,목,중식,559.0,뼈없는 갈비탕,"1,5,6,16"
영일고등학교,7010216,2024-12-26,목,중식,559.0,쇠고기두부조림,"5,6,13,16"
영일고등학교,7010216,2024-12-26,목,중식,559.0,배추겉절이,"9,13"
영일고등학교,7010216,2024-12-26,목,중식,559.0,너비아니&파채,"5,6,10,13,15,16,18"
영일고등학교,7010216,2024-12-26,목,중식,559.0,꿀토마토,12
영일고등학교,7010216,2024-12-26,목,석식,66.0,게살야채볶음밥,"2,5,6,10,12,15,16"
영일고등학교,7010216,2024-12-26,목,석식,66.0,마늘올리브파스타,"1,2,5,6,10,13"
영일고등학교,7010216,2024-12-26,목,석식,66.0,홍합탕,18
영일고등학교,7010216,2024-12-26,목,석식,66.0,칠리포테이토,"1,2,5,6,12,13,16"
영일고등학교,7010216,2024-12-26,목,석식,66.0,계란후라이,"1,5"
영일고등학교,7010216,2024-12-26,목,석식,66.0,깍두기,9
영일고등학교,7010216,2024-12-27,금,중식,557.0,쌀밥(알레르기대체식),
영일고등학교,7010216,2024-12-27,금,중식,557.0,미트소스스파게티,"1,2,5,6,10,12,13,16"
영일고등학교,7010216,2024-12-27,금,중식,557.0,핫치킨피자,"1,2,5,6,10,12,13,15,16"
영일고등학교,7010216,2024-12-27,금,중식,557.0,실파계란국(알레르기대체식),"1,5,6"
영일고등학교,7010216,2024-12-27,금,중식,557.0,배추김치(알레르기대체식),9
영일고등학교,7010216,2024-12-27,금,중식,557.0,오이피클&할라피뇨,
영일고등학교,7010216,2024-12-27,금,중식,557.0,요구르트,2
영일고등학교,7010216,2024-12-27,금,중식,557.0,양배추샐러드&사우젠D,"1,5,12,13"
영일고등학교,7010216,2024-12-27,금,석식,40.0,가바현미밥,
영일고등학교,7010216,2024-12-27,금,석식,40.0,순대국,"2,5,6,9,10,13,15,16"
영일고등학교,7010216,2024-12-27,금,석식,40.0,오이고추된장무침,"5,6,13"
영일고등학교,7010216,2024-12-27,금,석식,40.0,오징어김치전,"17,5,6,9"
영일고등학교,7010216,2024-12-27,금,석식,40.0,깍두기,9
영일고등학교,7010216,2024-12-27,금,석식,40.0,부추겉절이,13
영일고등학교,7010216,2024-12-30,월,중식,567.0,칼슘찹쌀밥,
영일고등학교,7010216,2024-12-30,월,중식,567.0,시금치두부된장국,"5,6"
영일고등학교,7010216,2024-12-30,월,중식,567.0,순살안동찜닭,"5,6,13,15,18"
영일고등학교,7010216,2024-12-30,월,중식,567.0,애호박들깨나물,"5,6"
영일고등학교,7010216,2024-12-30,월,중식,567.0,비빔만두,"1,5,6,10,13,16,18"
영일고등학교,7010216,2024-12-30,월,중식,567.0,배추김치,9
영일고등학교,7010216,2024-12-30,월,석식,70.0,목살스테이크덮밥,"1,5,6,10,12,13,16"
영일고등학교,7010216,2024-12-30,월,석식,70.0,미역국,"5,6"
영일고등학교,7010216,2024-12-30,월,석식,70.0,계란후라이,"1,5"
영일고등학교,7010216,2024-12-30,월,석식,70.0,배추김치,9
영일고등학교,7010216,2024-12-30,월,석식,70.0,수제레몬에이드,13
영일고등학교,7010216,2024-12-31,화,중식,557.0,찰보리밥,
영일고등학교,7010216,2024-12-31,화,중식,557.0,붕어빵,"1,2,5,6"
영일고등학교,7010216,2024-12-31,화,중식,557.0,어묵국,"1,5,6"
영일고등학교,7010216,2024-12-31,화,중식,557.0,깻잎불고기,"5,6,10,13"
영일고등학교,7010216,2024-12-31,화,중식,557.0,스크램블에그,"1,2"
영일고등학교,7010216,2024-12-31,화,중식,557.0,배추김치,9
영일고등학교,7010216,2025-01-02,목,중식,557.0,칼슘찹쌀밥,
영일고등학교,7010216,2025-01-02,목,중식,557.0,사골우거지국,"5,6,13,16"
영일고등학교,7010216,2025-01-02,목,중식,557.0,햄감자채볶음,"1,2,5,6,10,15,16"
영일고등학교,7010216,2025-01-02,목,중식,557.0,콘치즈돈까스&돈까스소스,"1,2,5,6,10,12,13,18"
영일고등학교,7010216,2025-01-02,목,중식,557.0,배추김치,9
영일고등학교,7010216,2025-01-02,목,중식,557.0,도시락김,
세현고등학교,7010764,2024-03-05,화,중식,518.0,찹쌀밥,
세현고등학교,7010764,2024-03-05,화,중식,518.0,소고기미역국,"5,6,9,16"
세현고등학교,7010764,2024-03-05,화,중식,518.0,유채나물,"5,6"
세현고등학교,7010764,2024-03-05,화,중식,518.0,한식잡채,"5,6,13"
세현고등학교,7010764,2024-03-05,화,중식,518.0,LA식돼지갈비찜,"2,5,6,10,13,18"
세현고등학교,7010764,2024-03-05,화,중식,518.0,배추김치,9
세현고등학교,7010764,2024-03-05,화,중식,518.0,마카롱,"1,2,6"
세현고등학교,7010764,2024-03-06,수,중식,518.0,후리카케주먹밥,"1,2,5,6,9,13,16,18"
세현고등학교,7010764,2024-03-06,수,중식,518.0,국물떡볶이,"1,5,6,13"
세현고등학교,7010764,2024-03-06,수,중식,518.0,꼬치어묵국,"1,5,6,9"
세현고등학교,7010764,2024-03-06,수,중식,518.0,"오징어,김말이튀김","1,5,6,16,17"
세현고등학교,7010764,2024-03-06,수,중식,518.0,단무지,
세현고등학교,7010764,2024-03-06,수,중식,518.0,쿨피스자두,
세현고등학교,7010764,2024-03-07,목,중식,518.0,칼슘기장밥,
세현고등학교,7010764,2024-03-07,목,중식,518.0,호박고추장찌개,"5,6,9,10"
세현고등학교,7010764,2024-03-07,목,중식,518.0,브로콜리초회,"5,6,13"
세현고등학교,7010764,2024-03-07,목,중식,518.0,칠리두부강정,"5,6,12,13"
세현고등학교,7010764,2024-03-07,목,중식,518.0,배추김치,9
세현고등학교,7010764,2024-03-07,목,중식,518.0,아이스망고,
세현고등학교,7010764,2024-03-07,목,중식,518.0,돈육숙주볶음,10
세현고등학교,7010764,2024-03-08,금,중식,518.0,콩나물밥&양념장,"5,6,13"
세현고등학교,7010764,2024-03-08,금,중식,518.0,문어방울오징어조림,"2,5,6,13,18"
세현고등학교,7010764,2024-03-08,금,중식,518.0,닭꼬치튀김&양념치킨소스,"1,5,6,15"
세현고등학교,7010764,2024-03-08,금,중식,518.0,배추김치,9
세현고등학교,7010764,2024-03-08,금,중식,518.0,매실음료,
세현고등학교,7010764,2024-03-08,금,중식,518.0,양배추샐러드,"1,2,5,6,13"
세현고등학교,7010764,2024-03-08,금,중식,518.0,냉이된장국(24.03),"5,6,9"
세현고등학교,7010764,2024-03-11,월,중식,518.0,칼슘기장밥,
세현고등학교,7010764,2024-03-11,월,중식,518.0,오징어무국,"5,6,9,17"
세현고등학교,7010764,2024-03-11,월,중식,518.0,오리훈제&무쌈(소스),"1,5,6,13"
세현고등학교,7010764,2024-03-11,월,중식,518.0,머스터드채소무침,"1,5,6,13"
세현고등학교,7010764,2024-03-11,월,중식,518.0,견과류멸치볶음,"5,6,13,14"
세현고등학교,7010764,2024-03-11,월,중식,518.0,배추김치,9
세현고등학교,7010764,2024-03-11,월,중식,518.0,깨찰빵,"1,2,5,6"
세현고등학교,7010764,2024-03-12,화,중식,518.0,혼합잡곡밥,5
세현고등학교,7010764,2024-03-12,화,중식,518.0,부산돼지국밥,"2,5,9,10,13,15,16,18"
세현고등학교,7010764,2024-03-12,화,중식,518.0,쌈채소겉절이,"5,6,13"
세현고등학교,7010764,2024-03-12,화,중식,518.0,올방개묵김가루무침,
세현고등학교,7010764,2024-03-12,화,중식,518.0,크런치생선까스&소스(24.03),"1,5,6"
세현고등학교,7010764,2024-03-12,화,중식,518.0,깍두기,9
세현고등학교,7010764,2024-03-12,화,중식,518.0,오렌지(생과일),
세현고등학교,7010764,2024-03-13,수,중식,518.0,백미밥,
세현고등학교,7010764,2024-03-13,수,중식,518.0,카레소스,"2,5,6,10,12,13,16,18"
세현고등학교,7010764,2024-03-13,수,중식,518.0,다시마무채국,"5,6,9"
세현고등학교,7010764,2024-03-13,수,중식,518.0,반마리직화구이치킨,"1,5,6,15"
세현고등학교,7010764,2024-03-13,수,중식,518.0,배추김치,9
세현고등학교,7010764,2024-03-13,수,중식,518.0,오미자야채피클,
세현고등학교,7010764,2024-03-13,수,중식,518.0,망고주스,13
세현고등학교,7010764,2024-03-14,목,중식,518.0,보리밥,
세현고등학교,7010764,2024-03-14,목,중식,518.0,콩나물국,"5,6,9"
세현고등학교,7010764,2024-03-14,목,중식,518.0,마늘보쌈(23.06),"6,10,12,13,18"
세현고등학교,7010764,2024-03-14,목,중식,518.0,간장깻잎지,"5,6"
세현고등학교,7010764,2024-03-14,목,중식,518.0,비빔막국수,"3,4,5,6,13"
세현고등학교,7010764,2024-03-14,목,중식,518.0,배추겉절이,9
세현고등학교,7010764,2024-03-14,목,중식,518.0,구름사탕,
세현고등학교,7010764,2024-03-15,금,중식,518.0,김치볶음밥,"1,2,5,6,9,10,15,16"
세현고등학교,7010764,2024-03-15,금,중식,518.0,우동국물,"1,2,5,6,7,9,18"
세현고등학교,7010764,2024-03-15,금,중식,518.0,시저샐러드,"1,2,5,6,10,13"
세현고등학교,7010764,2024-03-15,금,중식,518.0,달걀후라이,"1,5"
세현고등학교,7010764,2024-03-15,금,중식,518.0,소떡소떡,"1,5,6,10,12,13,15,16"
세현고등학교,7010764,2024-03-15,금,중식,518.0,백김치,9
세현고등학교,7010764,2024-03-15,금,중식,518.0,베리후레쉬주스,13
세현고등학교,7010764,2024-03-18,월,중식,518.0,차조밥,
세현고등학교,7010764,2024-03-18,월,중식,518.0,브로콜리크림스프(국그릇X),"2,5,6,13,16"
세현고등학교,7010764,2024-03-18,월,중식,518.0,채소오븐구이,"5,6"
세현고등학교,7010764,2024-03-18,월,중식,518.0,배추김치,9
세현고등학교,7010764,2024-03-18,월,중식,518.0,오렌지당근주스,13
세현고등학교,7010764,2024-03-18,월,중식,518.0,토마토푸실리샐러드*,"1,2,5,6,12"
세현고등학교,7010764,2024-03-18,월,중식,518.0,포크티본스테이크,"1,2,5,6,10,12,13,16"
세현고등학교,7010764,2024-03-19,화,중식,518.0,찰현미밥,
세현고등학교,7010764,2024-03-19,화,중식,518.0,소고기무국,"5,6,9,16"
세현고등학교,7010764,2024-03-19,화,중식,518.0,달걀찜,"1,2"
세현고등학교,7010764,2024-03-19,화,중식,518.0,오이지무침,
세현고등학교,7010764,2024-03-19,화,중식,518.0,배추김치,9
세현고등학교,7010764,2024-03-19,화,중식,518.0,수제플라워파이,"1,2,5,6"
세현고등학교,7010764,2024-03-19,화,중식,518.0,마라샹궈,"1,2,5,6,9,10,13,15,16,17,18"
세현고등학교,7010764,2024-03-20,수,중식,518.0,산채비빔밥&약고추장,"5,6"
세현고등학교,7010764,2024-03-20,수,중식,518.0,쑥된장국,"5,6,9"
세현고등학교,7010764,2024-03-20,수,중식,518.0,새우꼬치튀김&칠리소스,"1,5,6,9,12,13,15"
세현고등학교,7010764,2024-03-20,수,중식,518.0,백김치,9
세현고등학교,7010764,2024-03-20,수,중식,518.0,열대과일무침,
세현고등학교,7010764,2024-03-20,수,중식,518.0,덴마크요구르트,2
세현고등학교,7010764,2024-03-21,목,중식,518.0,귀리밥*,
세현고등학교,7010764,2024-03-21,목,중식,518.0,순살동태살찌개,"5,6,9,13"
세현고등학교,7010764,2024-03-21,목,중식,518.0,비타민겉절이,"5,6,13"
세현고등학교,7010764,2024-03-21,목,중식,518.0,베이컨감자채볶음,"5,10"
세현고등학교,7010764,2024-03-21,목,중식,518.0,뿌링클지파이,"1,5,6,15,18"
세현고등학교,7010764,2024-03-21,목,중식,518.0,배추김치,9
세현고등학교,7010764,2024-03-21,목,중식,518.0,그린키위(생과일),
세현고등학교,7010764,2024-03-22,금,중식,518.0,찰흑미밥,
세현고등학교,7010764,2024-03-22,금,중식,518.0,건새우아욱국,"5,6,9"
세현고등학교,7010764,2024-03-22,금,중식,518.0,실곤약김치무침,"5,6,9,13"
세현고등학교,7010764,2024-03-22,금,중식,518.0,아삭이고추된장무침,"5,6"
세현고등학교,7010764,2024-03-22,금,중식,518.0,알타리김치,9
세현고등학교,7010764,2024-03-22,금,중식,518.0,사과주스,13
세현고등학교,7010764,2024-03-22,금,중식,518.0,맥적구이&파채양파무침,"2,5,6,10,12,13"
세현고등학교,7010764,2024-03-25,월,중식,518.0,칼슘기장밥,
세현고등학교,7010764,2024-03-25,월,중식,518.0,황태국,"5,6,9"
세현고등학교,7010764,2024-03-25,월,중식,518.0,오절판무쌈,"5,6,13,16,19"
세현고등학교,7010764,2024-03-25,월,중식,518.0,방풍나물고추장무침,"5,6"
세현고등학교,7010764,2024-03-25,월,중식,518.0,탄두리순살바베큐,10
세현고등학교,7010764,2024-03-25,월,중식,518.0,배추김치,9
세현고등학교,7010764,2024-03-25,월,중식,518.0,방울토마토,12
세현고등학교,7010764,2024-03-26,화,중식,518.0,귀리밥*,
세현고등학교,7010764,2024-03-26,화,중식,518.0,나주식소고기곰탕(큰그릇),"1,5,9,16"
세현고등학교,7010764,2024-03-26,화,중식,518.0,통도라지양념구이,"5,6,13"
세현고등학교,7010764,2024-03-26,화,중식,518.0,깍두기,9
세현고등학교,7010764,2024-03-26,화,중식,518.0,짜먹는요거트,2
세현고등학교,7010764,2024-03-26,화,중식,518.0,연근사과무침,"1,2,5,6"
세현고등학교,7010764,2024-03-26,화,중식,518.0,싸이양념치킨스테이크,"1,2,5,6,12,15,16"
세현고등학교,7010764,2024-03-27,수,중식,518.0,추가밥,
세현고등학교,7010764,2024-03-27,수,중식,518.0,소고기쌀국수,"5,6,15,16,18"
세현고등학교,7010764,2024-03-27,수,중식,518.0,반미샌드위치,"1,2,5,6,16"
세현고등학교,7010764,2024-03-27,수,중식,518.0,공심채나물,"5,6,13,18"
세현고등학교,7010764,2024-03-27,수,중식,518.0,배추김치,9
세현고등학교,7010764,2024-03-27,수,중식,518.0,파인애플(생과일),
세현고등학교,7010764,2024-03-27,수,중식,518.0,모짜치즈샐러드,"1,2,5,6,12"
세현고등학교,7010764,2024-03-28,목,중식,518.0,혼합잡곡밥,5
세현고등학교,7010764,2024-03-28,목,중식,518.0,돼지고기김치찌개,"5,6,9,10"
세현고등학교,7010764,2024-03-28,목,중식,518.0,애호박볶음,9
세현고등학교,7010764,2024-03-28,목,중식,518.0,(어린잎)언양식불고기구이,"2,5,13,16"
세현고등학교,7010764,2024-03-28,목,중식,518.0,옥수수콘구이,"1,2,5,6,8,13"
세현고등학교,7010764,2024-03-28,목,중식,518.0,배추김치,9
세현고등학교,7010764,2024-03-28,목,중식,518.0,감귤주스,13
세현고등학교,7010764,2024-03-29,금,중식,518.0,곤드레나물밥&양념장,"5,6"
세현고등학교,7010764,2024-03-29,금,중식,518.0,된장찌개,"5,6,9"
세현고등학교,7010764,2024-03-29,금,중식,518.0,취나물볶음,"5,6"
세현고등학교,7010764,2024-03-29,금,중식,518.0,춘천식뼈없는닭갈비,"5,6,13,15,18"
세현고등학교,7010764,2024-03-29,금,중식,518.0,감자전,"5,6"
세현고등학교,7010764,2024-03-29,금,중식,518.0,배추김치,9
세현고등학교,7010764,2024-03-29,금,중식,518.0,오미자체리에이드,13
세현고등학교,7010764,2024-04-01,월,중식,506.0,차조밥,
세현고등학교,7010764,2024-04-01,월,중식,506.0,코다리살강정,"1,5,6,10,13,15"
세현고등학교,7010764,2024-04-01,월,중식,506.0,배추김치,9
세현고등학교,7010764,2024-04-01,월,중식,506.0,뻥이요,
세현고등학교,7010764,2024-04-01,월,중식,506.0,스팸(국내산)구이&케찹,"1,2,5,6,10,12,13,15,16"
세현고등학교,7010764,2024-04-01,월,중식,506.0,소고기샤브샤브국,"5,6,7,9,13,16,18"
세현고등학교,7010764,2024-04-01,월,중식,506.0,참나물무침,"5,6,13"
세현고등학교,7010764,2024-04-02,화,중식,506.0,칼슘기장밥,
세현고등학교,7010764,2024-04-02,화,중식,506.0,훈제돈육바베큐&소스,"1,5,6,10,13"
세현고등학교,7010764,2024-04-02,화,중식,506.0,숙주유부겨자채,"1,5,6,8,13"
세현고등학교,7010764,2024-04-02,화,중식,506.0,찹쌀가마보꼬어묵조림,"1,5,6,13,18"
세현고등학교,7010764,2024-04-02,화,중식,506.0,배추김치,9
세현고등학교,7010764,2024-04-02,화,중식,506.0,무쌈,
세현고등학교,7010764,2024-04-02,화,중식,506.0,옹심이미역국,"5,6,9,17"
세현고등학교,7010764,2024-04-02,화,중식,506.0,케이크,"1,2,5,6"
세현고등학교,7010764,2024-04-03,수,중식,506.0,배추김치,9
세현고등학교,7010764,2024-04-03,수,중식,506.0,단무지무침,
세현고등학교,7010764,2024-04-03,수,중식,506.0,요구르트,2
세현고등학교,7010764,2024-04-03,수,중식,506.0,가츠동(돈가스덮밥),"1,5,6,7,10,18"
세현고등학교,7010764,2024-04-03,수,중식,506.0,실파장국,"5,6,9"
세현고등학교,7010764,2024-04-03,수,중식,506.0,쫄면채소무침,"5,6,13"
세현고등학교,7010764,2024-04-04,목,중식,506.0,찰흑미밥,
세현고등학교,7010764,2024-04-04,목,중식,506.0,육개장,"5,6,9,16"
세현고등학교,7010764,2024-04-04,목,중식,506.0,메추리알곤약조림,"1,5,6,13,18"
세현고등학교,7010764,2024-04-04,목,중식,506.0,크런치어니언연어스테이크,"1,2,5,6,13"
세현고등학교,7010764,2024-04-04,목,중식,506.0,알타리김치,9
세현고등학교,7010764,2024-04-04,목,중식,506.0,과일믹스젤리,
세현고등학교,7010764,2024-04-04,목,중식,506.0,어수리나물,"5,6"
세현고등학교,7010764,2024-04-05,금,중식,506.0,낙지채소비빔밥,"5,6,13,18"
세현고등학교,7010764,2024-04-05,금,중식,506.0,콩나물국,"5,6,9"
세현고등학교,7010764,2024-04-05,금,중식,506.0,견과류멸치볶음,"5,6,13,14"
세현고등학교,7010764,2024-04-05,금,중식,506.0,백김치,9
세현고등학교,7010764,2024-04-05,금,중식,506.0,힘내파인애플C,13
세현고등학교,7010764,2024-04-05,금,중식,506.0,바질치즈치아바타샌드위치,"1,2,5,6"
세현고등학교,7010764,2024-04-08,월,중식,506.0,칼슘기장밥,
세현고등학교,7010764,2024-04-08,월,중식,506.0,찹스테이크조림,"1,2,5,6,10,12,15,16,18"
세현고등학교,7010764,2024-04-08,월,중식,506.0,오이부추무침,13
세현고등학교,7010764,2024-04-08,월,중식,506.0,토마토라자냐,"1,2,5,6,12,13"
세현고등학교,7010764,2024-04-08,월,중식,506.0,배추김치,9
세현고등학교,7010764,2024-04-08,월,중식,506.0,파인애플(생과일),
세현고등학교,7010764,2024-04-08,월,중식,506.0,양송이크림스프,"2,5,6,13,16"
세현고등학교,7010764,2024-04-09,화,중식,506.0,혼합잡곡밥,5
세현고등학교,7010764,2024-04-09,화,중식,506.0,황태국,"5,6,9"
세현고등학교,7010764,2024-04-09,화,중식,506.0,삼색묵&양념장,"5,6"
세현고등학교,7010764,2024-04-09,화,중식,506.0,싸먹는햄,"5,6,10"
세현고등학교,7010764,2024-04-09,화,중식,506.0,배추김치,9
세현고등학교,7010764,2024-04-09,화,중식,506.0,덴마크요구르트,2
세현고등학교,7010764,2024-04-09,화,중식,506.0,소바바치킨,"2,5,6,10,15,16,18"
세현고등학교,7010764,2024-04-11,목,중식,506.0,보리밥,
세현고등학교,7010764,2024-04-11,목,중식,506.0,호박고추장찌개,"5,6,9,10"
세현고등학교,7010764,2024-04-11,목,중식,506.0,김부각,"5,6"
세현고등학교,7010764,2024-04-11,목,중식,506.0,리얼직화그릴함박,"5,6,10,13,16"
세현고등학교,7010764,2024-04-11,목,중식,506.0,갓김치,9
세현고등학교,7010764,2024-04-11,목,중식,506.0,청도아이스홍시,
세현고등학교,7010764,2024-04-11,목,중식,506.0,골뱅이무침(24.04),"5,6,13,17"
세현고등학교,7010764,2024-04-12,금,중식,506.0,꼬물이만두,"1,2,5,6,10,16,18"
세현고등학교,7010764,2024-04-12,금,중식,506.0,탕수육&소스,"5,6,10,11,12,13,18"
세현고등학교,7010764,2024-04-12,금,중식,506.0,단무지,
세현고등학교,7010764,2024-04-12,금,중식,506.0,레몬라임주스,13
세현고등학교,7010764,2024-04-12,금,중식,506.0,파송송크레미달걀국,"1,5,6,7,8,9,18"
세현고등학교,7010764,2024-04-12,금,중식,506.0,자장면,"5,6,10"
세현고등학교,7010764,2024-04-15,월,중식,506.0,찹쌀밥,
세현고등학교,7010764,2024-04-15,월,중식,506.0,건새우아욱국,"5,6,9"
세현고등학교,7010764,2024-04-15,월,중식,506.0,콩나물무침,5
세현고등학교,7010764,2024-04-15,월,중식,506.0,햄감자채볶음,"5,6,10,13"
세현고등학교,7010764,2024-04-15,월,중식,506.0,쫄깃한닭목살조림,"5,15"
세현고등학교,7010764,2024-04-15,월,중식,506.0,배추김치,9
세현고등학교,7010764,2024-04-15,월,중식,506.0,오렌지(생과일),
세현고등학교,7010764,2024-04-16,화,중식,506.0,귀리밥*,
세현고등학교,7010764,2024-04-16,화,중식,506.0,소고기무국,"5,6,9,16"
세현고등학교,7010764,2024-04-16,화,중식,506.0,찐두부,5
세현고등학교,7010764,2024-04-16,화,중식,506.0,볶음김치,"5,6,9,13"
세현고등학교,7010764,2024-04-16,화,중식,506.0,(어린잎)언양식불고기구이,"2,5,13,16"
세현고등학교,7010764,2024-04-16,화,중식,506.0,오이소박이,9
세현고등학교,7010764,2024-04-16,화,중식,506.0,레몬에빠진딸기주스,13
세현고등학교,7010764,2024-04-16,화,중식,506.0,도시락김,
세현고등학교,7010764,2024-04-17,수,중식,506.0,치킨마요덮밥,"1,2,5,6,9,13,15,16,18"
세현고등학교,7010764,2024-04-17,수,중식,506.0,팽이버섯국,"5,6,9"
세현고등학교,7010764,2024-04-17,수,중식,506.0,배추김치,9
세현고등학교,7010764,2024-04-17,수,중식,506.0,청귤에이드,13
세현고등학교,7010764,2024-04-17,수,중식,506.0,그린샐러드,"1,2,5,6,12"
세현고등학교,7010764,2024-04-17,수,중식,506.0,스텔라st동물농장별볶이,"5,6"
세현고등학교,7010764,2024-04-18,목,중식,506.0,찰흑미밥,
세현고등학교,7010764,2024-04-18,목,중식,506.0,순대국&다대기,"2,5,6,9,10,13,15,16,18"
세현고등학교,7010764,2024-04-18,목,중식,506.0,부추액젓무침,"5,6,13"
세현고등학교,7010764,2024-04-18,목,중식,506.0,올방개묵김가루무침,
세현고등학교,7010764,2024-04-18,목,중식,506.0,순살가자미까스,"1,5,6"
세현고등학교,7010764,2024-04-18,목,중식,506.0,섞박지,9
세현고등학교,7010764,2024-04-18,목,중식,506.0,오트밀파인스콘,"1,2,5,6"
세현고등학교,7010764,2024-04-19,금,중식,506.0,지코바치밥,"2,5,6,12,13,15"
세현고등학교,7010764,2024-04-19,금,중식,506.0,우동국물,"1,2,5,6,7,9,18"
세현고등학교,7010764,2024-04-19,금,중식,506.0,배추김치,9
세현고등학교,7010764,2024-04-19,금,중식,506.0,베리후레쉬주스,13
세현고등학교,7010764,2024-04-19,금,중식,506.0,토마토푸실리샐러드*,"2,5,6,12"
세현고등학교,7010764,2024-04-19,금,중식,506.0,수제갈릭크림치즈피자,"1,2,5,6,13"
세현고등학교,7010764,2024-04-22,월,중식,506.0,카테킨녹차밥,
세현고등학교,7010764,2024-04-22,월,중식,506.0,짬뽕순두부찌개,"5,6,9,13,17,18"
세현고등학교,7010764,2024-04-22,월,중식,506.0,실곤약야채무침,"5,6,13"
세현고등학교,7010764,2024-04-22,월,중식,506.0,수제크리미닭안심튀김,"1,2,5,6,12,13,15,16"
세현고등학교,7010764,2024-04-22,월,중식,506.0,배추김치,9
세현고등학교,7010764,2024-04-22,월,중식,506.0,트로피컬주스,13
세현고등학교,7010764,2024-04-22,월,중식,506.0,삼잎국화나물무침,"5,6"
세현고등학교,7010764,2024-04-23,화,중식,506.0,차조밥,
세현고등학교,7010764,2024-04-23,화,중식,506.0,비엔나소시지칠리소스볶음,"5,6,10,12,13,15,16"
세현고등학교,7010764,2024-04-23,화,중식,506.0,치커리파인무침,13
세현고등학교,7010764,2024-04-23,화,중식,506.0,주꾸미브로콜리무침,"5,6,13"
세현고등학교,7010764,2024-04-23,화,중식,506.0,깍두기,9
세현고등학교,7010764,2024-04-23,화,중식,506.0,비타500젤리,
세현고등학교,7010764,2024-04-23,화,중식,506.0,새싹삼품은한방바쿠테,"5,6,9,10,16"
세현고등학교,7010764,2024-04-24,수,중식,506.0,추가밥,
세현고등학교,7010764,2024-04-24,수,중식,506.0,스파게티면&볼로레제소스,"2,5,6,10,12,13,16"
세현고등학교,7010764,2024-04-24,수,중식,506.0,김치콩나물국(알레르기대체식),"5,6,9"
세현고등학교,7010764,2024-04-24,수,중식,506.0,배추김치,9
세현고등학교,7010764,2024-04-24,수,중식,506.0,모듬피클,
세현고등학교,7010764,2024-04-24,수,중식,506.0,키위사과주스,13
세현고등학교,7010764,2024-04-24,수,중식,506.0,나쵸치킨샐러드,"1,5,6,13,15"
세현고등학교,7010764,2024-04-24,수,중식,506.0,베이글&대파크림치즈,"1,2,5,6"
세현고등학교,7010764,2024-04-25,목,중식,506.0,찰현미밥,
세현고등학교,7010764,2024-04-25,목,중식,506.0,해물된장찌개,"5,6,8,9,13"
세현고등학교,7010764,2024-04-25,목,중식,506.0,쌈채소겉절이,"5,6,13"
세현고등학교,7010764,2024-04-25,목,중식,506.0,돈육고추장불고기,"5,6,10,13,18"
세현고등학교,7010764,2024-04-25,목,중식,506.0,에그랑땡&케첩,"1,2,5,6,10,12,15,16"
세현고등학교,7010764,2024-04-25,목,중식,506.0,배추김치,9
세현고등학교,7010764,2024-04-25,목,중식,506.0,애플망고찰바,"1,2,5,6"
세현고등학교,7010764,2024-04-26,금,중식,506.0,세현밥버거,"1,2,5,6,9,10,13,15,16,18"
세현고등학교,7010764,2024-04-26,금,중식,506.0,얼큰어묵국*,"1,5,6,9"
세현고등학교,7010764,2024-04-26,금,중식,506.0,갈비맛만두,"1,5,6,10,16,18"
세현고등학교,7010764,2024-04-26,금,중식,506.0,새우꼬치튀김&칠리소스,"1,5,6,9,12,13,15"
세현고등학교,7010764,2024-04-26,금,중식,506.0,배추김치,9
세현고등학교,7010764,2024-04-26,금,중식,506.0,오렌지당근주스,13
세현고등학교,7010764,2024-05-07,화,중식,510.0,칼슘기장밥,
세현고등학교,7010764,2024-05-07,화,중식,510.0,벛꽃생크림케이크,"1,2,5,6"
세현고등학교,7010764,2024-05-07,화,중식,510.0,소고기미역국,"5,6,9,16"
세현고등학교,7010764,2024-05-07,화,중식,510.0,콩나물무침,5
세현고등학교,7010764,2024-05-07,화,중식,510.0,한식잡채,"5,6,13"
세현고등학교,7010764,2024-05-07,화,중식,510.0,LA식돼지갈비찜,"5,6,10,13,18"
세현고등학교,7010764,2024-05-07,화,중식,510.0,배추김치,9
세현고등학교,7010764,2024-05-08,수,중식,510.0,팽이버섯국,"5,6,9"
세현고등학교,7010764,2024-05-08,수,중식,510.0,햄에그카츠&소스,"1,2,5,6,10,12,15,16"
세현고등학교,7010764,2024-05-08,수,중식,510.0,배추김치,9
세현고등학교,7010764,2024-05-08,수,중식,510.0,비트무초절임,
세현고등학교,7010764,2024-05-08,수,중식,510.0,덴마크요구르트,2
세현고등학교,7010764,2024-05-08,수,중식,510.0,양배추샐러드,"1,2,5,6,13"
세현고등학교,7010764,2024-05-08,수,중식,510.0,비프마샬라커리라이스,"2,5,6,12,13,16,18"
세현고등학교,7010764,2024-05-09,목,중식,510.0,차조밥,
세현고등학교,7010764,2024-05-09,목,중식,510.0,미나리주꾸미무침,"5,6,13"
세현고등학교,7010764,2024-05-09,목,중식,510.0,너비아니육전&파채무침,"1,2,5,6,10,12,13,15,16,18"
세현고등학교,7010764,2024-05-09,목,중식,510.0,깍두기,9
세현고등학교,7010764,2024-05-09,목,중식,510.0,자두주스,
세현고등학교,7010764,2024-05-09,목,중식,510.0,닭곰탕&당면사리(큰그릇),"1,5,9,15"
세현고등학교,7010764,2024-05-09,목,중식,510.0,죽순들깨볶음,"5,6"
세현고등학교,7010764,2024-05-10,금,중식,510.0,통밀밥,6
세현고등학교,7010764,2024-05-10,금,중식,510.0,황태국,"5,6,9"
세현고등학교,7010764,2024-05-10,금,중식,510.0,비름나물무침,"5,6"
세현고등학교,7010764,2024-05-10,금,중식,510.0,배추김치,9
세현고등학교,7010764,2024-05-10,금,중식,510.0,프루젤(비건젤리),
세현고등학교,7010764,2024-05-10,금,중식,510.0,돈육숙주볶음,10
세현고등학교,7010764,2024-05-10,금,중식,510.0,김말이강정,"1,5,6,10,12,13,16"
세현고등학교,7010764,2024-05-13,월,중식,510.0,칼슘기장밥,
세현고등학교,7010764,2024-05-13,월,중식,510.0,건새우아욱국,"5,6,9"
세현고등학교,7010764,2024-05-13,월,중식,510.0,찹쌀가마보꼬어묵조림,"1,5,6,13,18"
세현고등학교,7010764,2024-05-13,월,중식,510.0,배추김치,9
세현고등학교,7010764,2024-05-13,월,중식,510.0,파인애플(생과일),
세현고등학교,7010764,2024-05-13,월,중식,510.0,순살불족찜,10
세현고등학교,7010764,2024-05-13,월,중식,510.0,고추나물무침,"5,6,13"
세현고등학교,7010764,2024-05-14,화,중식,510.0,귀리밥,
세현고등학교,7010764,2024-05-14,화,중식,510.0,나주식소고기곰탕(큰그릇),"1,5,9,16"
세현고등학교,7010764,2024-05-14,화,중식,510.0,탕평채,16
세현고등학교,7010764,2024-05-14,화,중식,510.0,치커리유자청무침,13
세현고등학교,7010764,2024-05-14,화,중식,510.0,깍두기,9
세현고등학교,7010764,2024-05-14,화,중식,510.0,젤로조아제주감귤아이스,2
세현고등학교,7010764,2024-05-14,화,중식,510.0,눈치꼬치(눈꽃치즈 닭꼬치),"1,2,5,6,13,15"
세현고등학교,7010764,2024-05-16,목,중식,510.0,찰흑미밥,
세현고등학교,7010764,2024-05-16,목,중식,510.0,부대찌개,"1,2,5,6,9,10,12,15,16"
세현고등학교,7010764,2024-05-16,목,중식,510.0,수제양파초절임,"5,6,13"
세현고등학교,7010764,2024-05-16,목,중식,510.0,광주상추튀김,"1,5,6,17"
세현고등학교,7010764,2024-05-16,목,중식,510.0,돈육새송이간장조림,"5,6,10,13,18"
세현고등학교,7010764,2024-05-16,목,중식,510.0,깍두기,9
세현고등학교,7010764,2024-05-16,목,중식,510.0,아이스망고,
세현고등학교,7010764,2024-05-17,금,중식,510.0,콩나물밥&양념장,"5,6,13"
세현고등학교,7010764,2024-05-17,금,중식,510.0,무청된장국,"5,6,9"
세현고등학교,7010764,2024-05-17,금,중식,510.0,문어방울오징어조림,"5,6,13,18"
세현고등학교,7010764,2024-05-17,금,중식,510.0,배추김치,9
세현고등학교,7010764,2024-05-17,금,중식,510.0,매실음료,
세현고등학교,7010764,2024-05-17,금,중식,510.0,그린샐러드,"1,2,5,6,12"
세현고등학교,7010764,2024-05-17,금,중식,510.0,싸이양념치킨스테이크,"5,6,15"
세현고등학교,7010764,2024-05-20,월,중식,510.0,카테킨녹차밥,
세현고등학교,7010764,2024-05-20,월,중식,510.0,브리오슈모닝빵&딸기잼,"1,2,5,6,13"
세현고등학교,7010764,2024-05-20,월,중식,510.0,브로콜리크림스프,"2,5,6,13,16"
세현고등학교,7010764,2024-05-20,월,중식,510.0,큐브치즈샐러드,"2,12,13"
세현고등학교,7010764,2024-05-20,월,중식,510.0,등심돈카츠&소스,"1,2,5,6,10,12,13,16"
세현고등학교,7010764,2024-05-20,월,중식,510.0,배추김치,9
세현고등학교,7010764,2024-05-20,월,중식,510.0,오렌지당근주스,13
세현고등학교,7010764,2024-05-21,화,중식,510.0,차조밥,
세현고등학교,7010764,2024-05-21,화,중식,510.0,된장찌개,"5,6,9"
세현고등학교,7010764,2024-05-21,화,중식,510.0,오절판무쌈,"5,6,13,16,19"
세현고등학교,7010764,2024-05-21,화,중식,510.0,대패오리불고기,"2,5,6,12,13,16,18"
세현고등학교,7010764,2024-05-21,화,중식,510.0,통곡물멸치볶음,"5,6,13"
세현고등학교,7010764,2024-05-21,화,중식,510.0,배추김치,9
세현고등학교,7010764,2024-05-21,화,중식,510.0,참외(생과일),
세현고등학교,7010764,2024-05-22,수,중식,510.0,후리카케주먹밥,"5,6,9,13,16,18"
세현고등학교,7010764,2024-05-22,수,중식,510.0,잔치국수,"5,6,9"
세현고등학교,7010764,2024-05-22,수,중식,510.0,유자단무지채무침,
세현고등학교,7010764,2024-05-22,수,중식,510.0,배추겉절이,9
세현고등학교,7010764,2024-05-22,수,중식,510.0,청도아이스홍시,
세현고등학교,7010764,2024-05-22,수,중식,510.0,어니언크림소금빵도그,"1,2,5,6,10,15,18"
세현고등학교,7010764,2024-05-23,목,중식,510.0,보리밥,
세현고등학교,7010764,2024-05-23,목,중식,510.0,순두부찌개,"5,6,9,10,13,17,18"
세현고등학교,7010764,2024-05-23,목,중식,510.0,오이부추무침,13
세현고등학교,7010764,2024-05-23,목,중식,510.0,감자채볶음,5
세현고등학교,7010764,2024-05-23,목,중식,510.0,(어린잎)언양식불고기구이,"2,13,16"
세현고등학교,7010764,2024-05-23,목,중식,510.0,배추김치,9
세현고등학교,7010764,2024-05-23,목,중식,510.0,비타500아이스튜브,2
세현고등학교,7010764,2024-05-24,금,중식,510.0,귀리밥,
세현고등학교,7010764,2024-05-24,금,중식,510.0,육개장,"5,6,9,16"
세현고등학교,7010764,2024-05-24,금,중식,510.0,삼색묵&양념장,"5,6"
세현고등학교,7010764,2024-05-24,금,중식,510.0,순살유린기,"1,5,6,15"
세현고등학교,7010764,2024-05-24,금,중식,510.0,싸먹는햄,"1,2,5,6,10,15,16"
세현고등학교,7010764,2024-05-24,금,중식,510.0,깍두기,9
세현고등학교,7010764,2024-05-24,금,중식,510.0,망고주스,13
세현고등학교,7010764,2024-05-27,월,중식,510.0,칼슘기장밥,
세현고등학교,7010764,2024-05-27,월,중식,510.0,수제플라워파이,"1,2,5,6"
세현고등학교,7010764,2024-05-27,월,중식,510.0,소고기샤브샤브국,"5,6,7,9,13,16,18"
세현고등학교,7010764,2024-05-27,월,중식,510.0,달걀찜,"1,2"
세현고등학교,7010764,2024-05-27,월,중식,510.0,고구마순나물,"5,6"
세현고등학교,7010764,2024-05-27,월,중식,510.0,마라부대돈육볶음,"1,2,5,6,9,10,12,13,15,16,17,18"
세현고등학교,7010764,2024-05-27,월,중식,510.0,배추김치,9
세현고등학교,7010764,2024-05-28,화,중식,510.0,보리밥,
세현고등학교,7010764,2024-05-28,화,중식,510.0,순살감자탕,"5,6,9,10"
세현고등학교,7010764,2024-05-28,화,중식,510.0,실곤약야채무침,"5,6,13"
세현고등학교,7010764,2024-05-28,화,중식,510.0,애호박볶음,9
세현고등학교,7010764,2024-05-28,화,중식,510.0,활짝핀떡갈비&소스,"5,6,10,12,13,15,16,18"
세현고등학교,7010764,2024-05-28,화,중식,510.0,열무김치,9
세현고등학교,7010764,2024-05-28,화,중식,510.0,멜론,
세현고등학교,7010764,2024-05-29,수,중식,510.0,떠먹는유부초밥,"1,2,5,6,9,13,16,18"
세현고등학교,7010764,2024-05-29,수,중식,510.0,냉모밀국수,"3,5,6,7,13,18"
세현고등학교,7010764,2024-05-29,수,중식,510.0,브로콜리초회,"5,6,13"
세현고등학교,7010764,2024-05-29,수,중식,510.0,청파래대구생선까스,"1,5,6"
세현고등학교,7010764,2024-05-29,수,중식,510.0,백김치,9
세현고등학교,7010764,2024-05-29,수,중식,510.0,마시는젤리뉴썬라이트,
세현고등학교,7010764,2024-05-30,목,중식,510.0,차조밥,
세현고등학교,7010764,2024-05-30,목,중식,510.0,호박고추장찌개,"5,6,9,10"
세현고등학교,7010764,2024-05-30,목,중식,510.0,쌈채소겉절이,"5,6,13"
세현고등학교,7010764,2024-05-30,목,중식,510.0,캠핑모듬구이,"2,5,6,10,15,16"
세현고등학교,7010764,2024-05-30,목,중식,510.0,조개관자치즈구이,"1,5,6,8,13,18"
세현고등학교,7010764,2024-05-30,목,중식,510.0,배추김치,9
세현고등학교,7010764,2024-05-30,목,중식,510.0,레몬라임주스,13
세현고등학교,7010764,2024-05-31,금,중식,510.0,장조림버터계란밥,"1,2,5,6,10,13"
세현고등학교,7010764,2024-05-31,금,중식,510.0,겉바속쫄핫도그,"1,2,5,6,10,12,16"
세현고등학교,7010764,2024-05-31,금,중식,510.0,김치콩나물국,"5,6,9"
세현고등학교,7010764,2024-05-31,금,중식,510.0,알타리김치,9
세현고등학교,7010764,2024-05-31,금,중식,510.0,열대과일무침,
세현고등학교,7010764,2024-05-31,금,중식,510.0,유기농포도주스,13
세현고등학교,7010764,2024-06-03,월,중식,505.0,차조밥,
세현고등학교,7010764,2024-06-03,월,중식,505.0,해물된장찌개,"5,6,8,9,13"
세현고등학교,7010764,2024-06-03,월,중식,505.0,취나물볶음,
세현고등학교,7010764,2024-06-03,월,중식,505.0,노랑쌀비빔면무침,"5,6,13"
세현고등학교,7010764,2024-06-03,월,중식,505.0,명륜진사갈비맛구이,"5,6,10,13,18"
세현고등학교,7010764,2024-06-03,월,중식,505.0,배추김치,9
세현고등학교,7010764,2024-06-03,월,중식,505.0,오미자체리에이드,13
세현고등학교,7010764,2024-06-04,화,중식,505.0,마파두부덮밥,"5,6,10,12,13,18"
세현고등학교,7010764,2024-06-04,화,중식,505.0,파송송크레미달걀국,"1,5,6,7,8,9,18"
세현고등학교,7010764,2024-06-04,화,중식,505.0,간장무채장아찌무침,
세현고등학교,7010764,2024-06-04,화,중식,505.0,탕수육&소스,"1,5,6,10,11,12,13,18"
세현고등학교,7010764,2024-06-04,화,중식,505.0,배추김치,9
세현고등학교,7010764,2024-06-04,화,중식,505.0,씨리얼요거트,2
세현고등학교,7010764,2024-06-05,수,중식,352.0,소고기야채죽,16
세현고등학교,7010764,2024-06-05,수,중식,352.0,수제불고기버거,"1,2,5,6,10,12,15,16"
세현고등학교,7010764,2024-06-05,수,중식,352.0,해쉬브라운&케찹,"5,6,12"
세현고등학교,7010764,2024-06-05,수,중식,352.0,백김치,9
세현고등학교,7010764,2024-06-05,수,중식,352.0,제로스파클링음료,
세현고등학교,7010764,2024-06-05,수,중식,352.0,그린샐러드,"1,2,5,6,12"
세현고등학교,7010764,2024-06-10,월,중식,510.0,찹쌀밥,
세현고등학교,7010764,2024-06-10,월,중식,510.0,소고기미역국,"5,6,9,16"
세현고등학교,7010764,2024-06-10,월,중식,510.0,돼지고기매운찜,"5,6,10,13,18"
세현고등학교,7010764,2024-06-10,월,중식,510.0,셀프참치마요쌈,"1,5,13"
세현고등학교,7010764,2024-06-10,월,중식,510.0,배추김치,9
세현고등학교,7010764,2024-06-10,월,중식,510.0,식혜,
세현고등학교,7010764,2024-06-10,월,중식,510.0,수리취떡,
세현고등학교,7010764,2024-06-11,화,중식,505.0,귀리밥,
세현고등학교,7010764,2024-06-11,화,중식,505.0,돼지고기김치찌개,"5,6,9,10"
세현고등학교,7010764,2024-06-11,화,중식,505.0,알감자버터구이,"2,10,13"
세현고등학교,7010764,2024-06-11,화,중식,505.0,비타민겉절이,"5,6,13"
세현고등학교,7010764,2024-06-11,화,중식,505.0,뿌링클지파이,"1,5,6,15,18"
세현고등학교,7010764,2024-06-11,화,중식,505.0,알타리김치,9
세현고등학교,7010764,2024-06-11,화,중식,505.0,골드키위(생과일),
세현고등학교,7010764,2024-06-12,수,중식,505.0,후리카케주먹밥,"1,2,5,6,9,13,16,18"
세현고등학교,7010764,2024-06-12,수,중식,505.0,국물떡볶이,"1,5,6,13"
세현고등학교,7010764,2024-06-12,수,중식,505.0,꼬치어묵국,"1,5,6,9"
세현고등학교,7010764,2024-06-12,수,중식,505.0,김말이&야끼만두,"1,5,6,10,16,18"
세현고등학교,7010764,2024-06-12,수,중식,505.0,단무지,
세현고등학교,7010764,2024-06-12,수,중식,505.0,쿨피스자두,
세현고등학교,7010764,2024-06-13,목,중식,505.0,율무밥,
세현고등학교,7010764,2024-06-13,목,중식,505.0,황태국,"5,6,9"
세현고등학교,7010764,2024-06-13,목,중식,505.0,닭다리살훈제구이,15
세현고등학교,7010764,2024-06-13,목,중식,505.0,또띠아&채소무침,"1,2,5,6,13"
세현고등학교,7010764,2024-06-13,목,중식,505.0,견과류멸치볶음,"5,6,13,14"
세현고등학교,7010764,2024-06-13,목,중식,505.0,배추김치,9
세현고등학교,7010764,2024-06-13,목,중식,505.0,과일푸딩,
세현고등학교,7010764,2024-06-14,금,중식,505.0,추가밥,
세현고등학교,7010764,2024-06-14,금,중식,505.0,제주돔베고기국수,"1,2,5,6,9,10,13,15,16,18"
세현고등학교,7010764,2024-06-14,금,중식,505.0,부추액젓무침,"5,6,13"
세현고등학교,7010764,2024-06-14,금,중식,505.0,새우꼬치튀김&칠리소스,"1,5,6,9,12,13,15"
세현고등학교,7010764,2024-06-14,금,중식,505.0,배추겉절이,9
세현고등학교,7010764,2024-06-14,금,중식,505.0,감귤한라봉주스,13
세현고등학교,7010764,2024-06-17,월,중식,505.0,카테킨녹차밥,
세현고등학교,7010764,2024-06-17,월,중식,505.0,브로콜리크림스프,"2,5,6,13,16"
세현고등학교,7010764,2024-06-17,월,중식,505.0,포크티본스테이크,"1,2,5,6,10,12,13,16"
세현고등학교,7010764,2024-06-17,월,중식,505.0,카프레제샐러드,"2,12,13"
세현고등학교,7010764,2024-06-17,월,중식,505.0,채소오븐구이,"5,6"
세현고등학교,7010764,2024-06-17,월,중식,505.0,배추김치,9
세현고등학교,7010764,2024-06-17,월,중식,505.0,빅구슬아이스크림(포도),"1,2,5"
세현고등학교,7010764,2024-06-18,화,중식,505.0,귀리밥,
세현고등학교,7010764,2024-06-18,화,중식,505.0,삼색떡국,"5,6,9,16"
세현고등학교,7010764,2024-06-18,화,중식,505.0,방풍나물고추장무침,"5,6"
세현고등학교,7010764,2024-06-18,화,중식,505.0,춘천식뼈없는닭갈비,"5,6,13,15,18"
세현고등학교,7010764,2024-06-18,화,중식,505.0,두부구이&양념장,"5,6,13"
세현고등학교,7010764,2024-06-18,화,중식,505.0,배추김치,9
세현고등학교,7010764,2024-06-18,화,중식,505.0,수제밤양갱,
세현고등학교,7010764,2024-06-19,수,중식,505.0,오므라이스,"1,2,5,6,10,12,13,15,16"
세현고등학교,7010764,2024-06-19,수,중식,505.0,미니어쳐피자,"1,2,5,6,10,12,13,15,16"
세현고등학교,7010764,2024-06-19,수,중식,505.0,유부된장국,"5,6,9"
세현고등학교,7010764,2024-06-19,수,중식,505.0,배추김치,9
세현고등학교,7010764,2024-06-19,수,중식,505.0,오미자야채피클,
세현고등학교,7010764,2024-06-19,수,중식,505.0,유자라임에이드,13
세현고등학교,7010764,2024-06-19,수,중식,505.0,열대과일무침(자율),
세현고등학교,7010764,2024-06-20,목,중식,505.0,혼합잡곡밥,5
세현고등학교,7010764,2024-06-20,목,중식,505.0,시락국,"5,6,9"
세현고등학교,7010764,2024-06-20,목,중식,505.0,참나물무침,"5,6,13"
세현고등학교,7010764,2024-06-20,목,중식,505.0,비빔당면,"1,5,6,13"
세현고등학교,7010764,2024-06-20,목,중식,505.0,수제돼지갈비후라이드&소스,"1,5,6,10"
세현고등학교,7010764,2024-06-20,목,중식,505.0,배추김치,9
세현고등학교,7010764,2024-06-20,목,중식,505.0,멜론,
세현고등학교,7010764,2024-06-21,금,중식,505.0,김치볶음밥,"1,2,5,6,9,10,15,16"
세현고등학교,7010764,2024-06-21,금,중식,505.0,우동국물,"1,2,5,6,7,9,18"
세현고등학교,7010764,2024-06-21,금,중식,505.0,시저샐러드,"1,2,5,6,10,13"
세현고등학교,7010764,2024-06-21,금,중식,505.0,달걀후라이,"1,2,5,9"
세현고등학교,7010764,2024-06-21,금,중식,505.0,소떡소떡,"1,5,6,10,12,13,15,16"
세현고등학교,7010764,2024-06-21,금,중식,505.0,백김치,9
세현고등학교,7010764,2024-06-21,금,중식,505.0,유기농ABC주스,13
세현고등학교,7010764,2024-06-24,월,중식,505.0,칼슘기장밥,
세현고등학교,7010764,2024-06-24,월,중식,505.0,콩나물국,"5,6,9"
세현고등학교,7010764,2024-06-24,월,중식,505.0,마늘보쌈,"6,10,12,13,18"
세현고등학교,7010764,2024-06-24,월,중식,505.0,삼색묵&양념장,"5,6"
세현고등학교,7010764,2024-06-24,월,중식,505.0,아삭이고추된장무침,"5,6"
세현고등학교,7010764,2024-06-24,월,중식,505.0,배추겉절이,9
세현고등학교,7010764,2024-06-24,월,중식,505.0,파인애플(생과일),
세현고등학교,7010764,2024-06-25,화,중식,505.0,유기농옥수수감자밥,
세현고등학교,7010764,2024-06-25,화,중식,505.0,부대찌개,"1,2,5,6,9,10,12,15,16"
세현고등학교,7010764,2024-06-25,화,중식,505.0,메추리알곤약조림,"1,5,6,13,18"
세현고등학교,7010764,2024-06-25,화,중식,505.0,노각무침,"5,6,13"
세현고등학교,7010764,2024-06-25,화,중식,505.0,크런치어니언연어스테이크,"1,2,5,6,13"
세현고등학교,7010764,2024-06-25,화,중식,505.0,알타리김치,9
세현고등학교,7010764,2024-06-25,화,중식,505.0,초코파이,"1,2,5,6"
세현고등학교,7010764,2024-06-26,수,중식,505.0,미니문어솥밥,"5,6"
세현고등학교,7010764,2024-06-26,수,중식,505.0,냉모밀국수,"3,5,6,7,13,18"
세현고등학교,7010764,2024-06-26,수,중식,505.0,닭다리후라이드,"1,5,6,15,16"
세현고등학교,7010764,2024-06-26,수,중식,505.0,배추겉절이,9
세현고등학교,7010764,2024-06-26,수,중식,505.0,락교&한입단무지,
세현고등학교,7010764,2024-06-26,수,중식,505.0,인절미크리스피롤,"1,2,5,6"
세현고등학교,7010764,2024-06-27,목,중식,505.0,칼슘기장현미밥,
세현고등학교,7010764,2024-06-27,목,중식,505.0,순두부찌개,"5,6,9,10,18"
세현고등학교,7010764,2024-06-27,목,중식,505.0,애호박볶음,9
세현고등학교,7010764,2024-06-27,목,중식,505.0,너비아니구이&어린잎채소,"1,2,5,6,10,12,13,15,16"
세현고등학교,7010764,2024-06-27,목,중식,505.0,옥수수콘구이,"1,2,5,6,8,13"
세현고등학교,7010764,2024-06-27,목,중식,505.0,배추김치,9
세현고등학교,7010764,2024-06-27,목,중식,505.0,브루스터스아이스크림,"1,2,5"
세현고등학교,7010764,2024-06-28,금,중식,505.0,제육야채덮밥,"5,6,10,13,18"
세현고등학교,7010764,2024-06-28,금,중식,505.0,실파장국,"5,6,9"
세현고등학교,7010764,2024-06-28,금,중식,505.0,피자에그오믈렛,"1,2,5,6,12,16"
세현고등학교,7010764,2024-06-28,금,중식,505.0,치커리유자청무침,13
세현고등학교,7010764,2024-06-28,금,중식,505.0,배추김치,9
세현고등학교,7010764,2024-06-28,금,중식,505.0,비타민담은파인망고스무디,
세현고등학교,7010764,2024-07-08,월,중식,497.0,구운주먹밥,
세현고등학교,7010764,2024-07-08,월,중식,497.0,블루베리베이글&크림치즈,"1,2,5,6"
세현고등학교,7010764,2024-07-08,월,중식,497.0,김치콩나물국,"5,6,9"
세현고등학교,7010764,2024-07-08,월,중식,497.0,경양식돈까스&소스,"1,2,5,6,10,12,13,16"
세현고등학교,7010764,2024-07-08,월,중식,497.0,배추김치,9
세현고등학교,7010764,2024-07-08,월,중식,497.0,요구르트,2
세현고등학교,7010764,2024-07-08,월,중식,497.0,그린샐러드,"1,2,5,6,12"
세현고등학교,7010764,2024-07-09,화,중식,185.0,추억의도시락,"1,2,5,6,9,10,13,15,16"
세현고등학교,7010764,2024-07-09,화,중식,185.0,실파장국,"5,6,9"
세현고등학교,7010764,2024-07-09,화,중식,185.0,우엉땅콩조림,"4,5,6,13"
세현고등학교,7010764,2024-07-09,화,중식,185.0,회오리감자,"5,6"
세현고등학교,7010764,2024-07-09,화,중식,185.0,열무김치,9
세현고등학교,7010764,2024-07-09,화,중식,185.0,수박(생과일),
세현고등학교,7010764,2024-07-10,수,중식,495.0,떠먹는유부초밥,"1,2,5,6,9,13,16,18"
세현고등학교,7010764,2024-07-10,수,중식,495.0,어묵우동,"1,2,5,6,9"
세현고등학교,7010764,2024-07-10,수,중식,495.0,새우튀김,"1,5,6,9,12,13,15"
세현고등학교,7010764,2024-07-10,수,중식,495.0,배추김치,9
세현고등학교,7010764,2024-07-10,수,중식,495.0,단무지무침,
세현고등학교,7010764,2024-07-10,수,중식,495.0,포도푸딩,
세현고등학교,7010764,2024-07-11,목,중식,495.0,칼슘기장밥,
세현고등학교,7010764,2024-07-11,목,중식,495.0,오징어무국,"5,6,9,17"
세현고등학교,7010764,2024-07-11,목,중식,495.0,머위대나물,
세현고등학교,7010764,2024-07-11,목,중식,495.0,납잡만두&비빔채소,"1,5,6,13"
세현고등학교,7010764,2024-07-11,목,중식,495.0,돈육숙주볶음,10
세현고등학교,7010764,2024-07-11,목,중식,495.0,배추김치,9
세현고등학교,7010764,2024-07-11,목,중식,495.0,플럼주스,
세현고등학교,7010764,2024-07-12,금,중식,495.0,뱅글뱅글소시지롤,"2,5,6,10,15"
세현고등학교,7010764,2024-07-12,금,중식,495.0,팽이버섯국,"5,6,9"
세현고등학교,7010764,2024-07-12,금,중식,495.0,키마커리라이스,"2,5,6,10,12,13,16,18"
세현고등학교,7010764,2024-07-12,금,중식,495.0,치커리파인무침,13
세현고등학교,7010764,2024-07-12,금,중식,495.0,달걀후라이,"1,2,9"
세현고등학교,7010764,2024-07-12,금,중식,495.0,배추김치,9
세현고등학교,7010764,2024-07-12,금,중식,495.0,레몬라임주스,13
세현고등학교,7010764,2024-07-15,월,중식,503.0,게살볶음밥(미니),"1,5,6,8,9,13,18"
세현고등학교,7010764,2024-07-15,월,중식,503.0,아삭고추무침,"5,6"
세현고등학교,7010764,2024-07-15,월,중식,503.0,반마리직화구이치킨,"1,5,6,13,15"
세현고등학교,7010764,2024-07-15,월,중식,503.0,배추김치,9
세현고등학교,7010764,2024-07-15,월,중식,503.0,양배추샐러드,"1,2,5,6,13"
세현고등학교,7010764,2024-07-15,월,중식,503.0,수박과일화채,"11,13"
세현고등학교,7010764,2024-07-16,화,중식,495.0,혼합잡곡밥,5
세현고등학교,7010764,2024-07-16,화,중식,495.0,부산돼지국밥,"2,5,9,10,13,15,16,18"
세현고등학교,7010764,2024-07-16,화,중식,495.0,올방개묵무침,
세현고등학교,7010764,2024-07-16,화,중식,495.0,부추액젓무침,"5,6,13"
세현고등학교,7010764,2024-07-16,화,중식,495.0,순살가자미까스,"1,5,6,13"
세현고등학교,7010764,2024-07-16,화,중식,495.0,깍두기,9
세현고등학교,7010764,2024-07-16,화,중식,495.0,파인애플(생과일),
세현고등학교,7010764,2024-07-17,수,중식,495.0,주꾸미야채비빔밥,"5,6,13,18"
세현고등학교,7010764,2024-07-17,수,중식,495.0,바질치즈치아바타샌드위치,"1,2,5,6"
세현고등학교,7010764,2024-07-17,수,중식,495.0,미역오이냉국,"5,6,13,16"
세현고등학교,7010764,2024-07-17,수,중식,495.0,견과류멸치볶음,"5,6,13,14"
세현고등학교,7010764,2024-07-17,수,중식,495.0,백김치,9
세현고등학교,7010764,2024-07-17,수,중식,495.0,애플키위주스,13
세현고등학교,7010764,2024-07-18,목,중식,495.0,추가밥,
세현고등학교,7010764,2024-07-18,목,중식,495.0,제주산방식당밀면,"3,5,6"
세현고등학교,7010764,2024-07-18,목,중식,495.0,냉면육수,"5,6,16"
세현고등학교,7010764,2024-07-18,목,중식,495.0,수제양파초절임,"5,6,13"
세현고등학교,7010764,2024-07-18,목,중식,495.0,고기완자전,"1,2,5,6,10,15,16"
세현고등학교,7010764,2024-07-18,목,중식,495.0,열무김치,9
세현고등학교,7010764,2024-07-18,목,중식,495.0,감귤한라봉주스,13
세현고등학교,7010764,2024-08-16,금,중식,495.0,스파게티면&볼로레제소스,"1,2,5,6,10,12,13,16"
세현고등학교,7010764,2024-08-16,금,중식,495.0,김치콩나물국(알레르기대체식),"5,6,9"
세현고등학교,7010764,2024-08-16,금,중식,495.0,콘슬로우샐러드,"1,5,6,8,13"
세현고등학교,7010764,2024-08-16,금,중식,495.0,콤비네이션피자,"1,2,5,6,9,10,12,13,15,16,18"
세현고등학교,7010764,2024-08-16,금,중식,495.0,배추김치,9
세현고등학교,7010764,2024-08-16,금,중식,495.0,오미자야채피클,
세현고등학교,7010764,2024-08-16,금,중식,495.0,제로스파클링음료,
세현고등학교,7010764,2024-08-19,월,중식,495.0,칼슘기장밥,
세현고등학교,7010764,2024-08-19,월,중식,495.0,소고기미역국,"5,6,9,16"
세현고등학교,7010764,2024-08-19,월,중식,495.0,오이지무침,
세현고등학교,7010764,2024-08-19,월,중식,495.0,한식잡채,"5,6,13"
세현고등학교,7010764,2024-08-19,월,중식,495.0,명륜진사갈비맛구이,"5,6,10,13"
세현고등학교,7010764,2024-08-19,월,중식,495.0,배추김치,9
세현고등학교,7010764,2024-08-19,월,중식,495.0,마카롱,"1,2,6"
세현고등학교,7010764,2024-08-20,화,중식,495.0,보리밥,
세현고등학교,7010764,2024-08-20,화,중식,495.0,황태국,"5,6,9"
세현고등학교,7010764,2024-08-20,화,중식,495.0,방풍나물고추장무침,"5,6"
세현고등학교,7010764,2024-08-20,화,중식,495.0,감자채볶음,5
세현고등학교,7010764,2024-08-20,화,중식,495.0,쫄깃한닭목살조림,"5,6,12,13,15"
세현고등학교,7010764,2024-08-20,화,중식,495.0,열무김치,9
세현고등학교,7010764,2024-08-20,화,중식,495.0,매실음료,
세현고등학교,7010764,2024-08-21,수,중식,495.0,추가밥,
세현고등학교,7010764,2024-08-21,수,중식,495.0,소고기쌀국수,"5,6,15,16,18"
세현고등학교,7010764,2024-08-21,수,중식,495.0,반미샌드위치,"1,2,5,6,16"
세현고등학교,7010764,2024-08-21,수,중식,495.0,공심채나물,"5,6,13,18"
세현고등학교,7010764,2024-08-21,수,중식,495.0,배추김치,9
세현고등학교,7010764,2024-08-21,수,중식,495.0,아이스망고,
세현고등학교,7010764,2024-08-21,수,중식,495.0,모짜치즈샐러드,"1,2,5,6,12"
세현고등학교,7010764,2024-08-22,목,중식,495.0,카테킨녹차밥,
세현고등학교,7010764,2024-08-22,목,중식,495.0,순두부찌개,"1,5,6,9,10,13,17,18"
세현고등학교,7010764,2024-08-22,목,중식,495.0,가지나물,"5,6"
세현고등학교,7010764,2024-08-22,목,중식,495.0,장어살모듬강정,"1,5,6,10,12,13,15"
세현고등학교,7010764,2024-08-22,목,중식,495.0,스팸(국내산)구이&케찹,"1,2,5,6,10,12,13,15,16"
세현고등학교,7010764,2024-08-22,목,중식,495.0,배추김치,9
세현고등학교,7010764,2024-08-22,목,중식,495.0,사과(생과일),
세현고등학교,7010764,2024-08-23,금,중식,495.0,콩나물밥&양념장,"5,6,13"
세현고등학교,7010764,2024-08-23,금,중식,495.0,차돌박이된장찌개,"5,6,9,16"
세현고등학교,7010764,2024-08-23,금,중식,495.0,문어방울오징어조림,"5,6,13,18"
세현고등학교,7010764,2024-08-23,금,중식,495.0,닭꼬치튀김&양념치킨소스,"1,5,6,15"
세현고등학교,7010764,2024-08-23,금,중식,495.0,배추김치,9
세현고등학교,7010764,2024-08-23,금,중식,495.0,유기농포도주스,13
세현고등학교,7010764,2024-08-23,금,중식,495.0,열대과일무침(자율),
세현고등학교,7010764,2024-08-26,월,중식,447.0,찹쌀밥,
세현고등학교,7010764,2024-08-26,월,중식,447.0,미역오이냉국,"5,6,13,16"
세현고등학교,7010764,2024-08-26,월,중식,447.0,쌈채소겉절이,"5,6,13"
세현고등학교,7010764,2024-08-26,월,중식,447.0,볶음김치,"5,6,9,13"
세현고등학교,7010764,2024-08-26,월,중식,447.0,쭈삼새볶음,"5,6,9,10,13,18"
세현고등학교,7010764,2024-08-26,월,중식,447.0,들기름두부구이,5
세현고등학교,7010764,2024-08-26,월,중식,447.0,컵과일(한입),
세현고등학교,7010764,2024-08-27,화,중식,495.0,칼슘기장흑미밥,
세현고등학교,7010764,2024-08-27,화,중식,495.0,나주식소고기곰탕(큰그릇),"1,5,9,16"
세현고등학교,7010764,2024-08-27,화,중식,495.0,스테이크볼꼬치,"1,2,5,6,10,15,16"
세현고등학교,7010764,2024-08-27,화,중식,495.0,통도라지양념구이,"5,6,13"
세현고등학교,7010764,2024-08-27,화,중식,495.0,깍두기,9
세현고등학교,7010764,2024-08-27,화,중식,495.0,짜먹는요거트,2
세현고등학교,7010764,2024-08-27,화,중식,495.0,연근사과무침,"1,2,5,6"
세현고등학교,7010764,2024-08-28,수,중식,495.0,백미밥,
세현고등학교,7010764,2024-08-28,수,중식,495.0,짬뽕국,"6,9,10,13,17,18"
세현고등학교,7010764,2024-08-28,수,중식,495.0,유니짜장소스,"1,5,6,10,13"
세현고등학교,7010764,2024-08-28,수,중식,495.0,달걀후라이,"1,2,9"
세현고등학교,7010764,2024-08-28,수,중식,495.0,탕수육&소스,"1,5,6,10,11,12,13,18"
세현고등학교,7010764,2024-08-28,수,중식,495.0,배추김치,9
세현고등학교,7010764,2024-08-28,수,중식,495.0,블루레몬에이드,
세현고등학교,7010764,2024-08-28,수,중식,495.0,단무지무침,
세현고등학교,7010764,2024-08-29,목,중식,495.0,혼합잡곡밥,5
세현고등학교,7010764,2024-08-29,목,중식,495.0,우렁된장찌개,"5,6,9"
세현고등학교,7010764,2024-08-29,목,중식,495.0,순살대파족발구이,10
세현고등학교,7010764,2024-08-29,목,중식,495.0,숙주유부겨자채,"1,5,6,8,13"
세현고등학교,7010764,2024-08-29,목,중식,495.0,고추잡채군만두,"1,5,6,10,16,18"
세현고등학교,7010764,2024-08-29,목,중식,495.0,배추김치,9
세현고등학교,7010764,2024-08-29,목,중식,495.0,워터젤리(샤인머스켓),
세현고등학교,7010764,2024-08-30,금,중식,495.0,지코바치밥,"2,5,6,12,13,15"
세현고등학교,7010764,2024-08-30,금,중식,495.0,수제갈릭크림치즈피자,"1,2,5,6,13"
세현고등학교,7010764,2024-08-30,금,중식,495.0,우동국물,"1,2,5,6,9"
세현고등학교,7010764,2024-08-30,금,중식,495.0,배추김치,9
세현고등학교,7010764,2024-08-30,금,중식,495.0,사과주스,13
세현고등학교,7010764,2024-08-30,금,중식,495.0,토마토푸실리샐러드*,"1,2,5,6,12"
세현고등학교,7010764,2024-09-02,월,중식,491.0,칼슘기장밥,
세현고등학교,7010764,2024-09-02,월,중식,491.0,순두부찌개,"1,5,6,9,10,13,17,18"
세현고등학교,7010764,2024-09-02,월,중식,491.0,실곤약김치무침,"5,6,9,13"
세현고등학교,7010764,2024-09-02,월,중식,491.0,취나물볶음,
세현고등학교,7010764,2024-09-02,월,중식,491.0,수제크리미닭안심튀김,"1,2,5,6,12,13,15,16"
세현고등학교,7010764,2024-09-02,월,중식,491.0,배추김치,9
세현고등학교,7010764,2024-09-02,월,중식,491.0,망고패션후르츠샤베트,
세현고등학교,7010764,2024-09-03,화,중식,491.0,차수수밥,
세현고등학교,7010764,2024-09-03,화,중식,491.0,순살감자탕,"5,6,9,10"
세현고등학교,7010764,2024-09-03,화,중식,491.0,메추리알곤약조림,"1,5,6,13,18"
세현고등학교,7010764,2024-09-03,화,중식,491.0,소고기샐러드,"1,2,5,6,16"
세현고등학교,7010764,2024-09-03,화,중식,491.0,매콤코다리살양념구이,
세현고등학교,7010764,2024-09-03,화,중식,491.0,오이소박이,9
세현고등학교,7010764,2024-09-03,화,중식,491.0,블루베리듬뿍주스,
세현고등학교,7010764,2024-09-04,수,중식,491.0,콩나물국,"5,6,9"
세현고등학교,7010764,2024-09-04,수,중식,491.0,마크니커리라이스,"2,5,6,12,13,15,16,18"
세현고등학교,7010764,2024-09-04,수,중식,491.0,오븐에굽는치즈돈까스&소스,"1,2,5,6,10,12,13,18"
세현고등학교,7010764,2024-09-04,수,중식,491.0,배추김치,9
세현고등학교,7010764,2024-09-04,수,중식,491.0,기분좋은활력비타민D,13
세현고등학교,7010764,2024-09-04,수,중식,491.0,양배추샐러드,"1,2,5,6,13"
세현고등학교,7010764,2024-09-05,목,중식,491.0,곤드레나물밥&양념장,"5,6"
세현고등학교,7010764,2024-09-05,목,중식,491.0,호박고추장찌개,"5,6,9,10"
세현고등학교,7010764,2024-09-05,목,중식,491.0,죽순들깨볶음,"5,6"
세현고등학교,7010764,2024-09-05,목,중식,491.0,감자전,"5,6"
세현고등학교,7010764,2024-09-05,목,중식,491.0,싸이양념치킨스테이크,"1,2,5,6,12,15,16"
세현고등학교,7010764,2024-09-05,목,중식,491.0,배추김치,9
세현고등학교,7010764,2024-09-05,목,중식,491.0,수제과일요거트,2
세현고등학교,7010764,2024-09-06,금,중식,491.0,추가밥,
세현고등학교,7010764,2024-09-06,금,중식,491.0,제주돔베고기국수,"1,2,5,6,9,10,13,15,16,18"
세현고등학교,7010764,2024-09-06,금,중식,491.0,부추액젓무침,"5,6,13"
세현고등학교,7010764,2024-09-06,금,중식,491.0,새우튀김,"1,5,6,9,12,13,15,18"
세현고등학교,7010764,2024-09-06,금,중식,491.0,배추겉절이,9
세현고등학교,7010764,2024-09-06,금,중식,491.0,애플망고찰바,"1,2,5,6"
세현고등학교,7010764,2024-09-09,월,중식,491.0,차조밥,
세현고등학교,7010764,2024-09-09,월,중식,491.0,브로콜리크림스프,"2,5,6,13,16"
세현고등학교,7010764,2024-09-09,월,중식,491.0,하와이안등심스테이크,"6,10,12,13,16,1,2,5"
세현고등학교,7010764,2024-09-09,월,중식,491.0,수제토마토라자냐,"1,2,5,6,12,13"
세현고등학교,7010764,2024-09-09,월,중식,491.0,배추김치,9
세현고등학교,7010764,2024-09-09,월,중식,491.0,푸룻푸룻매실듬뿍,
세현고등학교,7010764,2024-09-09,월,중식,491.0,그린샐러드,"1,2,5,6,12"
세현고등학교,7010764,2024-09-10,화,중식,491.0,율무밥,
세현고등학교,7010764,2024-09-10,화,중식,491.0,돼지고기김치찌개,"5,6,9,10"
세현고등학교,7010764,2024-09-10,화,중식,491.0,닭다리살훈제구이,15
세현고등학교,7010764,2024-09-10,화,중식,491.0,또띠아&채소무침,"1,2,5,6,13"
세현고등학교,7010764,2024-09-10,화,중식,491.0,견과류멸치볶음,"5,6,13,14"
세현고등학교,7010764,2024-09-10,화,중식,491.0,알타리김치,9
세현고등학교,7010764,2024-09-10,화,중식,491.0,비타500젤리,
세현고등학교,7010764,2024-09-11,수,중식,491.0,후리카케주먹밥,"1,2,5,6,9,13,16,18"
세현고등학교,7010764,2024-09-11,수,중식,491.0,국물떡볶이,"1,5,6,13"
세현고등학교,7010764,2024-09-11,수,중식,491.0,꼬치어묵국,"1,5,6,9"
세현고등학교,7010764,2024-09-11,수,중식,491.0,"오징어,김말이튀김","1,5,6,16,17"
세현고등학교,7010764,2024-09-11,수,중식,491.0,배추김치,9
세현고등학교,7010764,2024-09-11,수,중식,491.0,단무지,
세현고등학교,7010764,2024-09-11,수,중식,491.0,쿨피스자두,
세현고등학교,7010764,2024-09-12,목,중식,491.0,혼합잡곡밥,5
세현고등학교,7010764,2024-09-12,목,중식,491.0,건새우아욱국,"5,6,9"
세현고등학교,7010764,2024-09-12,목,중식,491.0,오이부추무침,13
세현고등학교,7010764,2024-09-12,목,중식,491.0,해물아귀살콩나물찜,"5,6,9,13,17,18"
세현고등학교,7010764,2024-09-12,목,중식,491.0,소시지달걀볶음,"1,2,5,6,10,12,13,15,16,18"
세현고등학교,7010764,2024-09-12,목,중식,491.0,배추김치,9
세현고등학교,7010764,2024-09-12,목,중식,491.0,골드키위(생과일),
세현고등학교,7010764,2024-09-13,금,중식,491.0,오곡잡곡밥,5
세현고등학교,7010764,2024-09-13,금,중식,491.0,소고기토란국,"5,6,9,16"
세현고등학교,7010764,2024-09-13,금,중식,491.0,돼지고기매운찜,"5,6,10,13,18"
세현고등학교,7010764,2024-09-13,금,중식,491.0,삼색나물(볶음),"5,6"
세현고등학교,7010764,2024-09-13,금,중식,491.0,녹두가들어간만두전,"1,5,6,10"
세현고등학교,7010764,2024-09-13,금,중식,491.0,배추겉절이,9
세현고등학교,7010764,2024-09-13,금,중식,491.0,식혜,
세현고등학교,7010764,2024-09-13,금,중식,491.0,송편,
세현고등학교,7010764,2024-09-19,목,중식,490.0,카테킨녹차밥,
세현고등학교,7010764,2024-09-19,목,중식,490.0,소고기미역국,"5,6,9,16"
세현고등학교,7010764,2024-09-19,목,중식,490.0,참나물무침,"5,6,13"
세현고등학교,7010764,2024-09-19,목,중식,490.0,돈육숙주볶음,10
세현고등학교,7010764,2024-09-19,목,중식,490.0,낙지호롱꼬치구이,
세현고등학교,7010764,2024-09-19,목,중식,490.0,배추김치,9
세현고등학교,7010764,2024-09-19,목,중식,490.0,브라우니,"1,2,5,6"
세현고등학교,7010764,2024-09-20,금,중식,490.0,귀리밥,
세현고등학교,7010764,2024-09-20,금,중식,490.0,마라탕,"2,5,6,9,10,13,15,16,17,18"
세현고등학교,7010764,2024-09-20,금,중식,490.0,육즙팡팡버섯만두,"1,5,6,10,16,18"
세현고등학교,7010764,2024-09-20,금,중식,490.0,간장무채장아찌무침,
세현고등학교,7010764,2024-09-20,금,중식,490.0,꿔바로우탕수,"1,5,6,10,11,12,13,18"
세현고등학교,7010764,2024-09-20,금,중식,490.0,배추김치,9
세현고등학교,7010764,2024-09-20,금,중식,490.0,수제망고사고,"2,13"
세현고등학교,7010764,2024-09-23,월,중식,491.0,칼슘기장밥,
세현고등학교,7010764,2024-09-23,월,중식,491.0,수제쇼콜라크루키,"1,2,5,6"
세현고등학교,7010764,2024-09-23,월,중식,491.0,해물된장찌개,"5,6,8,9,13"
세현고등학교,7010764,2024-09-23,월,중식,491.0,순살슈바인학센&무쌈,"10,13"
세현고등학교,7010764,2024-09-23,월,중식,491.0,머스터드채소무침,"1,5,6,13"
세현고등학교,7010764,2024-09-23,월,중식,491.0,쌈채소겉절이,"5,6,13"
세현고등학교,7010764,2024-09-23,월,중식,491.0,배추김치,9
세현고등학교,7010764,2024-09-24,화,중식,491.0,혼합잡곡밥,5
세현고등학교,7010764,2024-09-24,화,중식,491.0,육개장,"5,6,9,16"
세현고등학교,7010764,2024-09-24,화,중식,491.0,삼색묵&양념장,"5,6"
세현고등학교,7010764,2024-09-24,화,중식,491.0,반반순살치킨(허니간장&매콤달콤),"1,2,5,6,12,15"
세현고등학교,7010764,2024-09-24,화,중식,491.0,싸먹는햄,"1,2,5,6,10,15,16"
세현고등학교,7010764,2024-09-24,화,중식,491.0,배추김치,9
세현고등학교,7010764,2024-09-24,화,중식,491.0,짜먹는요거트,2
세현고등학교,7010764,2024-09-25,수,중식,491.0,햄야채볶음밥,"1,2,5,6,10,13,15,16,18"
세현고등학교,7010764,2024-09-25,수,중식,491.0,김치콩나물국,"5,6,9"
세현고등학교,7010764,2024-09-25,수,중식,491.0,큐브치즈샐러드,"2,12,13"
세현고등학교,7010764,2024-09-25,수,중식,491.0,홍새우치즈구이,"1,2,5,9,12,13"
세현고등학교,7010764,2024-09-25,수,중식,491.0,돈마호크스테이크구이,"2,6,10,12,13"
세현고등학교,7010764,2024-09-25,수,중식,491.0,깍두기,9
세현고등학교,7010764,2024-09-25,수,중식,491.0,레몬라임주스,13
세현고등학교,7010764,2024-09-26,목,중식,491.0,칼슘기장현미밥,
세현고등학교,7010764,2024-09-26,목,중식,491.0,소고기샤브샤브국,"5,6,7,9,13,16,18"
세현고등학교,7010764,2024-09-26,목,중식,491.0,더덕생율무침,"5,6,13"
세현고등학교,7010764,2024-09-26,목,중식,491.0,베이컨감자채볶음,"5,10"
세현고등학교,7010764,2024-09-26,목,중식,491.0,춘천식뼈없는닭갈비,"6,13,15,18,5"
세현고등학교,7010764,2024-09-26,목,중식,491.0,배추김치,9
세현고등학교,7010764,2024-09-26,목,중식,491.0,사과(생과일),
세현고등학교,7010764,2024-09-27,금,중식,491.0,큐브참치채소비빔밥,"3,5,6,13,16,18"
세현고등학교,7010764,2024-09-27,금,중식,491.0,겉바속쫄핫도그,"1,2,5,6,10,12,13,16"
세현고등학교,7010764,2024-09-27,금,중식,491.0,유부된장국,"5,6,9"
세현고등학교,7010764,2024-09-27,금,중식,491.0,백김치,9
세현고등학교,7010764,2024-09-27,금,중식,491.0,유기농포도주스,13
세현고등학교,7010764,2024-09-27,금,중식,491.0,열대과일무침(자율),
세현고등학교,7010764,2024-09-30,월,중식,491.0,차조밥,
세현고등학교,7010764,2024-09-30,월,중식,491.0,새싹삼품은한방바쿠테,"1,5,6,9,10,13,16"
세현고등학교,7010764,2024-09-30,월,중식,491.0,비엔나소시지칠리소스볶음,"1,2,5,6,10,12,13,15,16"
세현고등학교,7010764,2024-09-30,월,중식,491.0,치커리파인무침,13
세현고등학교,7010764,2024-09-30,월,중식,491.0,주꾸미브로콜리무침,"5,6,13"
세현고등학교,7010764,2024-09-30,월,중식,491.0,깍두기,9
세현고등학교,7010764,2024-09-30,월,중식,491.0,유기농ABC주스,13
세현고등학교,7010764,2024-10-02,수,중식,491.0,짜장면,"5,6,10"
세현고등학교,7010764,2024-10-02,수,중식,491.0,파송송크레미달걀국,"1,5,6,7,8,9,18"
세현고등학교,7010764,2024-10-02,수,중식,491.0,쫀득이 복만두,"1,5,6,10,16,18"
세현고등학교,7010764,2024-10-02,수,중식,491.0,순살유린기,"1,5,6,13,15"
세현고등학교,7010764,2024-10-02,수,중식,491.0,단무지,
세현고등학교,7010764,2024-10-02,수,중식,491.0,청귤에이드,13
세현고등학교,7010764,2024-10-14,월,중식,491.0,칼슘기장밥,
세현고등학교,7010764,2024-10-14,월,중식,491.0,무청된장국,"5,6,9"
세현고등학교,7010764,2024-10-14,월,중식,491.0,실곤약야채무침,"5,6,13"
세현고등학교,7010764,2024-10-14,월,중식,491.0,애호박볶음,9
세현고등학교,7010764,2024-10-14,월,중식,491.0,수제돼지갈비후라이드&소스,"1,5,6,10"
세현고등학교,7010764,2024-10-14,월,중식,491.0,배추김치,9
세현고등학교,7010764,2024-10-14,월,중식,491.0,멜론,
세현고등학교,7010764,2024-10-15,화,중식,491.0,찹쌀밥,
세현고등학교,7010764,2024-10-15,화,중식,491.0,닭곰탕&당면사리(큰그릇),"1,5,9,15"
세현고등학교,7010764,2024-10-15,화,중식,491.0,시금치무침,
세현고등학교,7010764,2024-10-15,화,중식,491.0,납작만두&비빔채소,"1,5,6,13"
세현고등학교,7010764,2024-10-15,화,중식,491.0,고등어구이,7
세현고등학교,7010764,2024-10-15,화,중식,491.0,깍두기,9
세현고등학교,7010764,2024-10-15,화,중식,491.0,배도라지젤리스틱,13
세현고등학교,7010764,2024-10-15,화,중식,491.0,딸기에반한 아몬드,"2,4,14,19"
세현고등학교,7010764,2024-10-16,수,중식,491.0,김치볶음밥,"1,2,5,6,9,10,15,16"
세현고등학교,7010764,2024-10-16,수,중식,491.0,우동국물,"1,2,5,6,7,9,18"
세현고등학교,7010764,2024-10-16,수,중식,491.0,시저샐러드,"1,2,5,6,10,13"
세현고등학교,7010764,2024-10-16,수,중식,491.0,달걀후라이,"1,5"
세현고등학교,7010764,2024-10-16,수,중식,491.0,소떡소떡,"1,5,6,10,12,13,15,16"
세현고등학교,7010764,2024-10-16,수,중식,491.0,백김치,9
세현고등학교,7010764,2024-10-16,수,중식,491.0,오미자체리에이드,13
세현고등학교,7010764,2024-10-17,목,중식,491.0,칼슘기장흑미밥,
세현고등학교,7010764,2024-10-17,목,중식,491.0,소고기무국,"5,6,9,16"
세현고등학교,7010764,2024-10-17,목,중식,491.0,브로콜리초회,"5,6,13"
세현고등학교,7010764,2024-10-17,목,중식,491.0,순살분모자찜닭,"2,5,6,13,15,18"
세현고등학교,7010764,2024-10-17,목,중식,491.0,칠리두부강정,"5,6,12,13"
세현고등학교,7010764,2024-10-17,목,중식,491.0,오이소박이,9
세현고등학교,7010764,2024-10-17,목,중식,491.0,하우스감귤(생과일),
세현고등학교,7010764,2024-10-18,금,중식,491.0,제육야채덮밥,"5,6,10,13,18"
세현고등학교,7010764,2024-10-18,금,중식,491.0,실파장국,"5,6,9"
세현고등학교,7010764,2024-10-18,금,중식,491.0,피자에그오믈렛,"1,2,5,6,12,16"
세현고등학교,7010764,2024-10-18,금,중식,491.0,치커리유자청무침,13
세현고등학교,7010764,2024-10-18,금,중식,491.0,배추김치,9
세현고등학교,7010764,2024-10-18,금,중식,491.0,마시는젤리뉴썬라이트,
세현고등학교,7010764,2024-10-21,월,중식,491.0,차조밥,
세현고등학교,7010764,2024-10-21,월,중식,491.0,황치즈타르트(수제),"1,2,5,6"
세현고등학교,7010764,2024-10-21,월,중식,491.0,소고기미역국,"5,6,9,16"
세현고등학교,7010764,2024-10-21,월,중식,491.0,유채나물,"5,6"
세현고등학교,7010764,2024-10-21,월,중식,491.0,한식잡채,"5,6,13"
세현고등학교,7010764,2024-10-21,월,중식,491.0,LA식돼지갈비찜,"2,5,6,10,13,18"
세현고등학교,7010764,2024-10-21,월,중식,491.0,배추김치,9
세현고등학교,7010764,2024-10-22,화,중식,491.0,귀리밥,
세현고등학교,7010764,2024-10-22,화,중식,491.0,부산돼지국밥,"2,5,9,10,13,15,16,18"
세현고등학교,7010764,2024-10-22,화,중식,491.0,부추액젓무침,"5,6,13"
세현고등학교,7010764,2024-10-22,화,중식,491.0,도토리묵김치무침,"5,6,9,13"
세현고등학교,7010764,2024-10-22,화,중식,491.0,순살가자미까스,"1,5,6,13"
세현고등학교,7010764,2024-10-22,화,중식,491.0,깍두기,9
세현고등학교,7010764,2024-10-22,화,중식,491.0,블루베리듬뿍주스,
세현고등학교,7010764,2024-10-23,수,중식,491.0,미니땡초고기볶음밥,"1,5,6,13,16"
세현고등학교,7010764,2024-10-23,수,중식,491.0,잔치국수,"5,6,9"
세현고등학교,7010764,2024-10-23,수,중식,491.0,유자단무지채무침,
세현고등학교,7010764,2024-10-23,수,중식,491.0,새우꼬치튀김&칠리소스,"1,5,6,9,12,13,15"
세현고등학교,7010764,2024-10-23,수,중식,491.0,열무김치,9
세현고등학교,7010764,2024-10-23,수,중식,491.0,망고푸딩,
세현고등학교,7010764,2024-10-24,목,중식,491.0,보리밥,
세현고등학교,7010764,2024-10-24,목,중식,491.0,짬뽕순두부찌개,"5,6,9,13,17,18"
세현고등학교,7010764,2024-10-24,목,중식,491.0,머스터드채소무침,"1,5,6,13"
세현고등학교,7010764,2024-10-24,목,중식,491.0,통오리바베큐&무쌈,"1,2,5,6,12,13"
세현고등학교,7010764,2024-10-24,목,중식,491.0,통도라지양념구이,"5,6,13"
세현고등학교,7010764,2024-10-24,목,중식,491.0,배추김치,9
세현고등학교,7010764,2024-10-24,목,중식,491.0,알프스오토메(생과일),
세현고등학교,7010764,2024-10-25,금,중식,491.0,혼합잡곡밥,5
세현고등학교,7010764,2024-10-25,금,중식,491.0,돼지고기김치찌개,"5,6,9,10"
세현고등학교,7010764,2024-10-25,금,중식,491.0,독도부지깽이나물,"5,6"
세현고등학교,7010764,2024-10-25,금,중식,491.0,감자채볶음,5
세현고등학교,7010764,2024-10-25,금,중식,491.0,한반도모양떡갈비&소스,"1,2,5,6,10,12,13,15,16,18"
세현고등학교,7010764,2024-10-25,금,중식,491.0,깍두기,9
세현고등학교,7010764,2024-10-25,금,중식,491.0,레몬라임주스,13
세현고등학교,7010764,2024-10-25,금,중식,491.0,도시락김,
세현고등학교,7010764,2024-10-28,월,중식,491.0,칼슘기장밥,
세현고등학교,7010764,2024-10-28,월,중식,491.0,차돌박이된장찌개,"5,6,9,16"
세현고등학교,7010764,2024-10-28,월,중식,491.0,비름나물무침,"5,6"
세현고등학교,7010764,2024-10-28,월,중식,491.0,스크램블에그,"1,5,12"
세현고등학교,7010764,2024-10-28,월,중식,491.0,코다리살강정,"1,5,6,10,12,13,15"
세현고등학교,7010764,2024-10-28,월,중식,491.0,배추김치,9
세현고등학교,7010764,2024-10-28,월,중식,491.0,푸룻푸룻매실듬뿍,
세현고등학교,7010764,2024-10-29,화,중식,491.0,혼합잡곡밥,5
세현고등학교,7010764,2024-10-29,화,중식,491.0,황태국,"5,6,9"
세현고등학교,7010764,2024-10-29,화,중식,491.0,찐두부,5
세현고등학교,7010764,2024-10-29,화,중식,491.0,삼색나물(볶음),"5,6"
세현고등학교,7010764,2024-10-29,화,중식,491.0,볶음김치,"5,6,9,13"
세현고등학교,7010764,2024-10-29,화,중식,491.0,대패오리불고기,"2,5,6,12,13,16,18"
세현고등학교,7010764,2024-10-29,화,중식,491.0,씨리얼요거트,2
세현고등학교,7010764,2024-10-30,수,중식,491.0,오므라이스,"1,2,5,6,10,12,13,15,16,18"
세현고등학교,7010764,2024-10-30,수,중식,491.0,팽이버섯국,"5,6,9"
세현고등학교,7010764,2024-10-30,수,중식,491.0,(알볼로)목동피자,"1,2,5,6,10,12,13,15,16"
세현고등학교,7010764,2024-10-30,수,중식,491.0,깍두기,9
세현고등학교,7010764,2024-10-30,수,중식,491.0,오미자야채피클,
세현고등학교,7010764,2024-10-30,수,중식,491.0,트로피컬주스,13
세현고등학교,7010764,2024-10-30,수,중식,491.0,열대과일무침,
세현고등학교,7010764,2024-10-31,목,중식,491.0,(미니)백미밥&김자반,
세현고등학교,7010764,2024-10-31,목,중식,491.0,콩나물국,"5,6,9"
세현고등학교,7010764,2024-10-31,목,중식,491.0,비타민겉절이,"5,6,13"
세현고등학교,7010764,2024-10-31,목,중식,491.0,해물볶음우동,"5,6,9,13,17,18"
세현고등학교,7010764,2024-10-31,목,중식,491.0,닭다리후라이드,"1,5,6,15,16"
세현고등학교,7010764,2024-10-31,목,중식,491.0,배추김치,9
세현고등학교,7010764,2024-10-31,목,중식,491.0,구름사탕,
세현고등학교,7010764,2024-11-01,금,중식,491.0,귀리밥,
세현고등학교,7010764,2024-11-01,금,중식,491.0,미나리완자탕,"1,5,6,16"
세현고등학교,7010764,2024-11-01,금,중식,491.0,더덕생율무침,"5,6,13"
세현고등학교,7010764,2024-11-01,금,중식,491.0,칠리새우,"1,5,6,9,12,13"
세현고등학교,7010764,2024-11-01,금,중식,491.0,배추김치,9
세현고등학교,7010764,2024-11-01,금,중식,491.0,멜론,
세현고등학교,7010764,2024-11-01,금,중식,491.0,연근사과무침,"1,2,5,6"
세현고등학교,7010764,2024-11-04,월,중식,491.0,차조밥,
세현고등학교,7010764,2024-11-04,월,중식,491.0,건새우아욱국,"5,6,9"
세현고등학교,7010764,2024-11-04,월,중식,491.0,방풍나물고추장무침,"5,6"
세현고등학교,7010764,2024-11-04,월,중식,491.0,돈육숙주볶음,10
세현고등학교,7010764,2024-11-04,월,중식,491.0,김말이강정,"1,5,6,10,12,13,16"
세현고등학교,7010764,2024-11-04,월,중식,491.0,배추김치,9
세현고등학교,7010764,2024-11-04,월,중식,491.0,노지귤(생과일),
세현고등학교,7010764,2024-11-05,화,중식,491.0,베이컨마늘볶음밥,"1,5,6,10,13,18"
세현고등학교,7010764,2024-11-05,화,중식,491.0,김치콩나물국,"5,6,9"
세현고등학교,7010764,2024-11-05,화,중식,491.0,참나물무침,"5,6,13"
세현고등학교,7010764,2024-11-05,화,중식,491.0,랍스타치즈오븐구이,"1,2,5,6,10"
세현고등학교,7010764,2024-11-05,화,중식,491.0,알타리김치,9
세현고등학교,7010764,2024-11-05,화,중식,491.0,블루베리듬뿍주스,
세현고등학교,7010764,2024-11-05,화,중식,491.0,아망치샐러드,"2,13"
세현고등학교,7010764,2024-11-06,수,중식,491.0,후리카케주먹밥,"1,2,5,6,9,13,16,18"
세현고등학교,7010764,2024-11-06,수,중식,491.0,국물떡볶이,"1,6"
세현고등학교,7010764,2024-11-06,수,중식,491.0,꼬치어묵국,"1,5,6,9"
세현고등학교,7010764,2024-11-06,수,중식,491.0,오징어&고구마튀김,"1,5,6,10,16,17,18"
세현고등학교,7010764,2024-11-06,수,중식,491.0,단무지,
세현고등학교,7010764,2024-11-06,수,중식,491.0,쿨피스자두,
세현고등학교,7010764,2024-11-07,목,중식,491.0,찰현미밥,
세현고등학교,7010764,2024-11-07,목,중식,491.0,돌체케이크,"1,2,5,6"
세현고등학교,7010764,2024-11-07,목,중식,491.0,우렁된장찌개,"5,6,9"
세현고등학교,7010764,2024-11-07,목,중식,491.0,콩나물무침,5
세현고등학교,7010764,2024-11-07,목,중식,491.0,햄감자채볶음,"1,2,5,6,10,13,15,16"
세현고등학교,7010764,2024-11-07,목,중식,491.0,쫄깃한닭목살조림,"5,6,12,13,15,18"
세현고등학교,7010764,2024-11-07,목,중식,491.0,배추김치,9
세현고등학교,7010764,2024-11-08,금,중식,491.0,주꾸미야채비빔밥,"5,6,13,18"
세현고등학교,7010764,2024-11-08,금,중식,491.0,실파장국,"5,6,9"
세현고등학교,7010764,2024-11-08,금,중식,491.0,견과류멸치볶음,"5,6,13,14"
세현고등학교,7010764,2024-11-08,금,중식,491.0,고르곤졸라피자,"6,12,13"
세현고등학교,7010764,2024-11-08,금,중식,491.0,백김치,9
세현고등학교,7010764,2024-11-08,금,중식,491.0,플랜또(식물성아이스크림),"1,2,5"
세현고등학교,7010764,2024-11-11,월,중식,491.0,칼슘기장밥,
세현고등학교,7010764,2024-11-11,월,중식,491.0,호박고추장찌개,"5,6,9,10"
세현고등학교,7010764,2024-11-11,월,중식,491.0,마늘보쌈,"6,10,12,13,18"
세현고등학교,7010764,2024-11-11,월,중식,491.0,탕평채,16
세현고등학교,7010764,2024-11-11,월,중식,491.0,아삭이고추된장무침,"5,6"
세현고등학교,7010764,2024-11-11,월,중식,491.0,배추겉절이,9
세현고등학교,7010764,2024-11-11,월,중식,491.0,크런치초코스틱(뺴빼로),"1,2,5,6"
세현고등학교,7010764,2024-11-12,화,중식,491.0,백미밥,
세현고등학교,7010764,2024-11-12,화,중식,491.0,카레소스,"2,5,6,10,12,13,16,18"
세현고등학교,7010764,2024-11-12,화,중식,491.0,다시마무채국,"5,6,9"
세현고등학교,7010764,2024-11-12,화,중식,491.0,고추마요치킨렉,15
세현고등학교,7010764,2024-11-12,화,중식,491.0,배추김치,9
세현고등학교,7010764,2024-11-12,화,중식,491.0,양배추샐러드,"1,2,5,6,13"
세현고등학교,7010764,2024-11-12,화,중식,491.0,유기농포도주스,13
세현고등학교,7010764,2024-11-18,월,중식,342.0,차조밥,
세현고등학교,7010764,2024-11-18,월,중식,342.0,수제쇼콜라크루키,"1,2,5,6"
세현고등학교,7010764,2024-11-18,월,중식,342.0,소고기미역국,"5,6,9,16"
세현고등학교,7010764,2024-11-18,월,중식,342.0,머위대나물,5
세현고등학교,7010764,2024-11-18,월,중식,342.0,한식잡채,"5,6,13"
세현고등학교,7010764,2024-11-18,월,중식,342.0,명륜진사갈비맛구이,"5,6,10,13"
세현고등학교,7010764,2024-11-18,월,중식,342.0,배추김치,9
세현고등학교,7010764,2024-11-19,화,중식,342.0,혼합잡곡밥,5
세현고등학교,7010764,2024-11-19,화,중식,342.0,돼지고기김치찌개,"5,6,9,10"
세현고등학교,7010764,2024-11-19,화,중식,342.0,유채나물,"5,6"
세현고등학교,7010764,2024-11-19,화,중식,342.0,(어린잎)언양식불고기구이,"2,5,13,16"
세현고등학교,7010764,2024-11-19,화,중식,342.0,옥수수콘구이,"1,2,5,6,8,13"
세현고등학교,7010764,2024-11-19,화,중식,342.0,배추김치,9
세현고등학교,7010764,2024-11-19,화,중식,342.0,푸룻푸룻매실듬뿍,
세현고등학교,7010764,2024-11-20,수,중식,344.0,간장계란함바그덮밥,"1,2,5,6,10,12,13,15,16,18"
세현고등학교,7010764,2024-11-20,수,중식,344.0,유부된장국,"5,6,9"
세현고등학교,7010764,2024-11-20,수,중식,344.0,양념웨지감자,"5,6"
세현고등학교,7010764,2024-11-20,수,중식,344.0,알타리김치,9
세현고등학교,7010764,2024-11-20,수,중식,344.0,오렌지당근주스,13
세현고등학교,7010764,2024-11-20,수,중식,344.0,그린샐러드,"1,2,5,6,12"
세현고등학교,7010764,2024-11-21,목,중식,344.0,보리밥,
세현고등학교,7010764,2024-11-21,목,중식,344.0,순살동태살찌개,"5,6,9,13"
세현고등학교,7010764,2024-11-21,목,중식,344.0,브로콜리초회,"5,6,13"
세현고등학교,7010764,2024-11-21,목,중식,344.0,찹쌀가마보꼬어묵조림,"1,5,6,13,18"
세현고등학교,7010764,2024-11-21,목,중식,344.0,뿌링클크런키페스츄리돈파이,"1,5,6,10"
세현고등학교,7010764,2024-11-21,목,중식,344.0,오이소박이,9
세현고등학교,7010764,2024-11-21,목,중식,344.0,파인애플(생과일),
세현고등학교,7010764,2024-11-22,금,중식,344.0,지코바치밥,"2,5,6,12,13,15"
세현고등학교,7010764,2024-11-22,금,중식,344.0,수제파게트,"1,2,5,6"
세현고등학교,7010764,2024-11-22,금,중식,344.0,우동국물,"1,2,5,6,7,9,18"
세현고등학교,7010764,2024-11-22,금,중식,344.0,배추김치,9
세현고등학교,7010764,2024-11-22,금,중식,344.0,레몬라임주스,13
세현고등학교,7010764,2024-11-22,금,중식,344.0,토마토푸실리샐러드*,"1,2,5,6,12"
세현고등학교,7010764,2024-11-25,월,중식,344.0,카테킨녹차밥,
세현고등학교,7010764,2024-11-25,월,중식,344.0,브로콜리크림스프,"2,5,6,13,16"
세현고등학교,7010764,2024-11-25,월,중식,344.0,한입목살찹스테이크&스마일감자,"1,2,5,6,10,12,13,16"
세현고등학교,7010764,2024-11-25,월,중식,344.0,실곤약야채무침,"5,6,13"
세현고등학교,7010764,2024-11-25,월,중식,344.0,채소오븐구이,"5,6"
세현고등학교,7010764,2024-11-25,월,중식,344.0,배추김치,9
세현고등학교,7010764,2024-11-25,월,중식,344.0,석류에이드,
세현고등학교,7010764,2024-11-26,화,중식,344.0,칼슘기장현미밥,
세현고등학교,7010764,2024-11-26,화,중식,344.0,황태국,"5,6,9"
세현고등학교,7010764,2024-11-26,화,중식,344.0,세발나물무침,"5,6,13"
세현고등학교,7010764,2024-11-26,화,중식,344.0,해물아귀살콩나물찜,"6,9,13,17,18,5"
세현고등학교,7010764,2024-11-26,화,중식,344.0,소시지달걀볶음,"1,2,5,6,10,12,13,15,16,18"
세현고등학교,7010764,2024-11-26,화,중식,344.0,알타리김치,9
세현고등학교,7010764,2024-11-26,화,중식,344.0,노지귤(생과일),
세현고등학교,7010764,2024-11-27,수,중식,344.0,추가밥,
세현고등학교,7010764,2024-11-27,수,중식,344.0,소고기쌀국수,"5,6,15,16,18"
세현고등학교,7010764,2024-11-27,수,중식,344.0,크리미갈릭핫도그,"1,2,5,6,10,15,16"
세현고등학교,7010764,2024-11-27,수,중식,344.0,카프레제샐러드,"2,12,13"
세현고등학교,7010764,2024-11-27,수,중식,344.0,배추김치,9
세현고등학교,7010764,2024-11-27,수,중식,344.0,유기농ABC주스,13
세현고등학교,7010764,2024-11-27,수,중식,344.0,단무지무침,
세현고등학교,7010764,2024-11-28,목,중식,344.0,혼합잡곡밥,5
세현고등학교,7010764,2024-11-28,목,중식,344.0,나주식소고기곰탕(큰그릇),"1,5,9,16"
세현고등학교,7010764,2024-11-28,목,중식,344.0,통도라지양념구이,"5,6,13"
세현고등학교,7010764,2024-11-28,목,중식,344.0,직꾸닭&머스타드,"1,5,6,12,13,15"
세현고등학교,7010764,2024-11-28,목,중식,344.0,깍두기,9
세현고등학교,7010764,2024-11-28,목,중식,344.0,짜먹는요거트,2
세현고등학교,7010764,2024-11-28,목,중식,344.0,과일샐러드,"1,4,5,13"
세현고등학교,7010764,2024-11-29,금,중식,344.0,귀리밥,
세현고등학교,7010764,2024-11-29,금,중식,344.0,마라탕,"2,5,6,9,10,13,15,16,17,18"
세현고등학교,7010764,2024-11-29,금,중식,344.0,육즙팡팡버섯만두,"1,5,6,10,16,18"
세현고등학교,7010764,2024-11-29,금,중식,344.0,공심채나물,"5,6,13,18"
세현고등학교,7010764,2024-11-29,금,중식,344.0,꿔바로우탕수,"1,5,6,10,11,12,13,18"
세현고등학교,7010764,2024-11-29,금,중식,344.0,배추김치,9
세현고등학교,7010764,2024-11-29,금,중식,344.0,망고패션후르츠샤베트,
세현고등학교,7010764,2024-12-02,월,중식,344.0,칼슘기장밥,
세현고등학교,7010764,2024-12-02,월,중식,344.0,호박고추장찌개,"5,6,9,10"
세현고등학교,7010764,2024-12-02,월,중식,344.0,닭다리살훈제구이,15
세현고등학교,7010764,2024-12-02,월,중식,344.0,오절판무쌈,"5,6,13,16,19"
세현고등학교,7010764,2024-12-02,월,중식,344.0,견과류멸치볶음,"5,6,13,14"
세현고등학교,7010764,2024-12-02,월,중식,344.0,알타리김치,9
세현고등학교,7010764,2024-12-02,월,중식,344.0,노지귤(생과일),
세현고등학교,7010764,2024-12-03,화,중식,344.0,귀리밥,
세현고등학교,7010764,2024-12-03,화,중식,344.0,순살감자탕,"5,6,9,10"
세현고등학교,7010764,2024-12-03,화,중식,344.0,골뱅이무침,"5,6,13,17"
세현고등학교,7010764,2024-12-03,화,중식,344.0,김부각,"5,6"
세현고등학교,7010764,2024-12-03,화,중식,344.0,파인함박스테이크&소스,"1,2,5,6,10,12,13,15,16,18"
세현고등학교,7010764,2024-12-03,화,중식,344.0,갓김치,9
세현고등학교,7010764,2024-12-03,화,중식,344.0,자몽허니블랙티,13
세현고등학교,7010764,2024-12-04,수,중식,344.0,산채비빔밥&약고추장,"5,6"
세현고등학교,7010764,2024-12-04,수,중식,344.0,냉이된장국,"5,6,9"
세현고등학교,7010764,2024-12-04,수,중식,344.0,회오리감자,"5,6"
세현고등학교,7010764,2024-12-04,수,중식,344.0,백김치,9
세현고등학교,7010764,2024-12-04,수,중식,344.0,열대과일무침,
세현고등학교,7010764,2024-12-04,수,중식,344.0,덴마크요구르트,2
세현고등학교,7010764,2024-12-05,목,중식,344.0,추가밥,
세현고등학교,7010764,2024-12-05,목,중식,344.0,제주돔베고기국수,"1,2,5,6,9,10,13,15,16,18"
세현고등학교,7010764,2024-12-05,목,중식,344.0,부추액젓무침,"5,6,13"
세현고등학교,7010764,2024-12-05,목,중식,344.0,새우튀김,"1,5,6,9,12,13,15,18"
세현고등학교,7010764,2024-12-05,목,중식,344.0,배추겉절이,9
세현고등학교,7010764,2024-12-05,목,중식,344.0,망고푸딩,
세현고등학교,7010764,2024-12-06,금,중식,300.0,대체식제공,"1,2,4,5,6,14,19"
세현고등학교,7010764,2024-12-09,월,중식,344.0,추가밥,
세현고등학교,7010764,2024-12-09,월,중식,344.0,미트볼투움바파스타,"1,2,5,6,12,13"
세현고등학교,7010764,2024-12-09,월,중식,344.0,김치콩나물국(알레르기대체식),"5,6,9"
세현고등학교,7010764,2024-12-09,월,중식,344.0,마늘빵,"2,5,6"
세현고등학교,7010764,2024-12-09,월,중식,344.0,배추김치,9
세현고등학교,7010764,2024-12-09,월,중식,344.0,모듬피클,
세현고등학교,7010764,2024-12-09,월,중식,344.0,청귤에이드,13
세현고등학교,7010764,2024-12-09,월,중식,344.0,그린샐러드,"1,2,5,6,12"
세현고등학교,7010764,2024-12-10,화,중식,344.0,콩나물밥&양념장,"5,6,13"
세현고등학교,7010764,2024-12-10,화,중식,344.0,실파장국,"5,6,9"
세현고등학교,7010764,2024-12-10,화,중식,344.0,문어방울오징어조림,"5,6,13,18"
세현고등학교,7010764,2024-12-10,화,중식,344.0,닭다리구이&붐바소스,"2,5,6,12,15"
세현고등학교,7010764,2024-12-10,화,중식,344.0,배추김치,9
세현고등학교,7010764,2024-12-10,화,중식,344.0,휘낭시에,"1,2,5,6"
세현고등학교,7010764,2024-12-10,화,중식,344.0,애플키위주스,13
세현고등학교,7010764,2024-12-18,수,중식,340.0,치킨마요덮밥,"1,2,5,6,9,13,15,16,18"
세현고등학교,7010764,2024-12-18,수,중식,340.0,스텔라st동물농장별볶이,"1,5,6"
세현고등학교,7010764,2024-12-18,수,중식,340.0,김치국,"5,6,9"
세현고등학교,7010764,2024-12-18,수,중식,340.0,배추김치,9
세현고등학교,7010764,2024-12-18,수,중식,340.0,레몬라임주스,13
세현고등학교,7010764,2024-12-18,수,중식,340.0,아망치샐러드,"2,13"
세현고등학교,7010764,2024-12-19,목,중식,340.0,찰흑미밥,
세현고등학교,7010764,2024-12-19,목,중식,340.0,해물된장찌개,"5,6,8,9,13"
세현고등학교,7010764,2024-12-19,목,중식,340.0,실곤약김치무침,"5,6,9,13"
세현고등학교,7010764,2024-12-19,목,중식,340.0,유채나물,"5,6"
세현고등학교,7010764,2024-12-19,목,중식,340.0,수제돼지갈비후라이드&소스,"1,5,6,10"
세현고등학교,7010764,2024-12-19,목,중식,340.0,배추김치,9
세현고등학교,7010764,2024-12-19,목,중식,340.0,파인애플(생과일),
세현고등학교,7010764,2024-12-20,금,중식,344.0,(미니)백미밥&김자반,
세현고등학교,7010764,2024-12-20,금,중식,344.0,콩나물국,"5,6,9"
세현고등학교,7010764,2024-12-20,금,중식,344.0,비타민겉절이,"5,6,13"
세현고등학교,7010764,2024-12-20,금,중식,344.0,해물볶음우동,"5,6,9,13,17,18"
세현고등학교,7010764,2024-12-20,금,중식,344.0,순살닭꼬치구이,"5,6,15"
세현고등학교,7010764,2024-12-20,금,중식,344.0,백김치,9
세현고등학교,7010764,2024-12-20,금,중식,344.0,푸룻푸룻매실듬뿍,
세현고등학교,7010764,2024-12-23,월,중식,344.0,구운주먹밥,
세현고등학교,7010764,2024-12-23,월,중식,344.0,팽이버섯국,"5,6,9"
세현고등학교,7010764,2024-12-23,월,중식,344.0,수제등심돈까스&소스,"1,5,6,10,12,13,18"
세현고등학교,7010764,2024-12-23,월,중식,344.0,배추김치,9
세현고등학교,7010764,2024-12-23,월,중식,344.0,오미자야채피클,
세현고등학교,7010764,2024-12-23,월,중식,344.0,트리모양초콜릿스틱,"1,2,5,6"
세현고등학교,7010764,2024-12-23,월,중식,344.0,저당요구르트,2
세현고등학교,7010764,2024-12-23,월,중식,344.0,양배추샐러드,"1,2,5,6,13"
세현고등학교,7010764,2024-12-26,목,중식,344.0,소고기야채죽,16
세현고등학교,7010764,2024-12-26,목,중식,344.0,필리치즈직화핫도그,"1,2,5,6,10,15,18"
세현고등학교,7010764,2024-12-26,목,중식,344.0,무말랭이무침,
세현고등학교,7010764,2024-12-26,목,중식,344.0,해쉬브라운&케찹,"5,6,12"
세현고등학교,7010764,2024-12-26,목,중식,344.0,백김치,9
세현고등학교,7010764,2024-12-26,목,중식,344.0,탄산수,
세현고등학교,7010764,2024-12-27,금,중식,344.0,마파두부덮밥,"5,6,10,12,13,18"
세현고등학교,7010764,2024-12-27,금,중식,344.0,파송송크레미달걀국,"1,5,6,7,8,9,18"
세현고등학교,7010764,2024-12-27,금,중식,344.0,쫀득이 복만두,"1,5,6,10,16,18"
세현고등학교,7010764,2024-12-27,금,중식,344.0,순살유린기,"1,5,6,15"
세현고등학교,7010764,2024-12-27,금,중식,344.0,배추김치,9
세현고등학교,7010764,2024-12-27,금,중식,344.0,단무지무침,
세현고등학교,7010764,2024-12-27,금,중식,344.0,오렌지당근주스,13
세현고등학교,7010764,2024-12-30,월,중식,344.0,차조밥,
세현고등학교,7010764,2024-12-30,월,중식,344.0,티라미수케이크,"1,2,5,6"
세현고등학교,7010764,2024-12-30,월,중식,344.0,소고기미역국,"5,6,9,16"
세현고등학교,7010764,2024-12-30,월,중식,344.0,한식잡채,"5,6,13"
세현고등학교,7010764,2024-12-30,월,중식,344.0,포항초무침,
세현고등학교,7010764,2024-12-30,월,중식,344.0,LA식돼지갈비찜,"2,5,6,10,13,18"
세현고등학교,7010764,2024-12-30,월,중식,344.0,배추김치,9
동양고등학교,7010965,2024-03-04,월,중식,540.0,보리밥*,
동양고등학교,7010965,2024-03-04,월,중식,540.0,쇠고기미역국*,"5,6,9,16"
동양고등학교,7010965,2024-03-04,월,중식,540.0,비빔국수,"3,5,6,9,13"
동양고등학교,7010965,2024-03-04,월,중식,540.0,삼색숙주나물^,
동양고등학교,7010965,2024-03-04,월,중식,540.0,돼지갈비구이(오븐)^^,"5,6,10,13,18"
동양고등학교,7010965,2024-03-04,월,중식,540.0,포기김치*,9
동양고등학교,7010965,2024-03-04,월,중식,540.0,이벤트케익,"1,2,5,6"
동양고등학교,7010965,2024-03-04,월,석식,300.0,동양스밥버거,"1,2,5,6,9,13,16,18"
동양고등학교,7010965,2024-03-04,월,석식,300.0,김치어묵우동*,"1,2,5,6,7,9,13,18"
동양고등학교,7010965,2024-03-04,월,석식,300.0,김말이튀김,"1,5,6,10,16"
동양고등학교,7010965,2024-03-04,월,석식,300.0,포기김치*,9
동양고등학교,7010965,2024-03-04,월,석식,300.0,단무지*,
동양고등학교,7010965,2024-03-04,월,석식,300.0,빅썬,13
동양고등학교,7010965,2024-03-05,화,중식,540.0,제육야채비빔밥,"5,6,10,13"
동양고등학교,7010965,2024-03-05,화,중식,540.0,순두부김치국*,"5,9"
동양고등학교,7010965,2024-03-05,화,중식,540.0,계란후라이*,"1,2"
동양고등학교,7010965,2024-03-05,화,중식,540.0,깍두기*,9
동양고등학교,7010965,2024-03-05,화,중식,540.0,한라봉주스,13
동양고등학교,7010965,2024-03-05,화,중식,540.0,갈릭만두강정,"1,2,5,6,10,13,16,18"
동양고등학교,7010965,2024-03-05,화,석식,300.0,현미밥*,
동양고등학교,7010965,2024-03-05,화,석식,300.0,경상도식쇠고기무국^^,"5,6,9,16"
동양고등학교,7010965,2024-03-05,화,석식,300.0,명엽채볶음*,"5,6,13"
동양고등학교,7010965,2024-03-05,화,석식,300.0,파채돈까스,"1,5,6,10,13"
동양고등학교,7010965,2024-03-05,화,석식,300.0,깍두기*,9
동양고등학교,7010965,2024-03-05,화,석식,300.0,복숭아주스^,11
동양고등학교,7010965,2024-03-06,수,중식,540.0,오므라이스*소스*,"1,2,5,6,10,12,13,15,16,18"
동양고등학교,7010965,2024-03-06,수,중식,540.0,유부된장국*,"5,6,9"
동양고등학교,7010965,2024-03-06,수,중식,540.0,양념치킨,"2,5,6,12,13,15,16,18"
동양고등학교,7010965,2024-03-06,수,중식,540.0,깍두기*,9
동양고등학교,7010965,2024-03-06,수,중식,540.0,초코파이,"1,2,5,6"
동양고등학교,7010965,2024-03-06,수,중식,540.0,코울슬로,"1,5,13"
동양고등학교,7010965,2024-03-07,목,중식,540.0,백미밥*,
동양고등학교,7010965,2024-03-07,목,중식,540.0,육개장*,"1,2,5,6,9,16,18"
동양고등학교,7010965,2024-03-07,목,중식,540.0,야채계란찜*,"1,9"
동양고등학교,7010965,2024-03-07,목,중식,540.0,직화떡갈비*소스,"1,2,5,6,10,12,13,15,16,18"
동양고등학교,7010965,2024-03-07,목,중식,540.0,포기김치*,9
동양고등학교,7010965,2024-03-07,목,중식,540.0,달콤새콤주스,13
동양고등학교,7010965,2024-03-07,목,석식,300.0,백미밥*,
동양고등학교,7010965,2024-03-07,목,석식,300.0,카레라이스*,"2,5,6,10,12,13,16,18"
동양고등학교,7010965,2024-03-07,목,석식,300.0,진미채야채무침*,"5,6,13,17"
동양고등학교,7010965,2024-03-07,목,석식,300.0,포기김치*,9
동양고등학교,7010965,2024-03-07,목,석식,300.0,딸기우유,2
동양고등학교,7010965,2024-03-07,목,석식,300.0,고추잡채누들떡볶이,"1,5,6,10,12,13,18"
동양고등학교,7010965,2024-03-08,금,중식,540.0,보리밥*,
동양고등학교,7010965,2024-03-08,금,중식,540.0,팽이버섯된장국*,"5,6,9"
동양고등학교,7010965,2024-03-08,금,중식,540.0,탕평채*,16
동양고등학교,7010965,2024-03-08,금,중식,540.0,포기김치*,9
동양고등학교,7010965,2024-03-08,금,중식,540.0,깻잎무쌈,
동양고등학교,7010965,2024-03-08,금,중식,540.0,수제닭다리살스테이크*파채소스,"1,5,6,10,12,13,15"
동양고등학교,7010965,2024-03-08,금,석식,300.0,백미밥*,
동양고등학교,7010965,2024-03-08,금,석식,300.0,돼지국밥*소면,"5,6,9,10,13,16"
동양고등학교,7010965,2024-03-08,금,석식,300.0,볼어묵간장조림*,"1,5,6,13"
동양고등학교,7010965,2024-03-08,금,석식,300.0,석박지*,9
동양고등학교,7010965,2024-03-08,금,석식,300.0,순대^^,"2,5,6,10,13,16"
동양고등학교,7010965,2024-03-08,금,석식,300.0,애플소다(탄산),
동양고등학교,7010965,2024-03-11,월,중식,540.0,백미밥*,
동양고등학교,7010965,2024-03-11,월,중식,540.0,호박된장국*,"5,6,9"
동양고등학교,7010965,2024-03-11,월,중식,540.0,보쌈*쌈장,"5,6,10"
동양고등학교,7010965,2024-03-11,월,중식,540.0,부추겉절이*,"5,6,13"
동양고등학교,7010965,2024-03-11,월,중식,540.0,깻잎김치전*,"5,6,9,17"
동양고등학교,7010965,2024-03-11,월,중식,540.0,포기김치*,9
동양고등학교,7010965,2024-03-11,월,석식,300.0,후리가케주먹밥,"1,2,5,6,9,13,16,18"
동양고등학교,7010965,2024-03-11,월,석식,300.0,얼큰돈코츠라멘,"1,2,5,6,9,10,15,16,18"
동양고등학교,7010965,2024-03-11,월,석식,300.0,꼬들단무지무침,
동양고등학교,7010965,2024-03-11,월,석식,300.0,크리스피돈강정,"1,5,6,10,13"
동양고등학교,7010965,2024-03-11,월,석식,300.0,포기김치*,9
동양고등학교,7010965,2024-03-11,월,석식,300.0,망고주스,13
동양고등학교,7010965,2024-03-12,화,중식,540.0,현미밥*,
동양고등학교,7010965,2024-03-12,화,중식,540.0,물만두설렁탕^^,"1,2,5,6,10,13,16,18"
동양고등학교,7010965,2024-03-12,화,중식,540.0,치커리사과무침*,"5,6,13"
동양고등학교,7010965,2024-03-12,화,중식,540.0,에그랑땡*케찹,"1,2,5,6,10,12,15,16"
동양고등학교,7010965,2024-03-12,화,중식,540.0,석박지*,9
동양고등학교,7010965,2024-03-12,화,중식,540.0,요구르트*,2
동양고등학교,7010965,2024-03-12,화,석식,300.0,유부볶음밥,"1,2,5,6,9,10,13,16,18"
동양고등학교,7010965,2024-03-12,화,석식,300.0,마카로니샐러드^^,"1,2,5,6,13"
동양고등학교,7010965,2024-03-12,화,석식,300.0,국물떡볶이,"1,2,5,6,10,12,13,15,16,18"
동양고등학교,7010965,2024-03-12,화,석식,300.0,야채튀김*초간장,"1,5,6,13,18"
동양고등학교,7010965,2024-03-12,화,석식,300.0,포기김치*,9
동양고등학교,7010965,2024-03-12,화,석식,300.0,초코에몽(캔),2
동양고등학교,7010965,2024-03-13,수,중식,540.0,추가밥,
동양고등학교,7010965,2024-03-13,수,중식,540.0,중화제육비빔면,"1,5,6,10,13"
동양고등학교,7010965,2024-03-13,수,중식,540.0,오이무침*,"5,6,13"
동양고등학교,7010965,2024-03-13,수,중식,540.0,포기김치*,9
동양고등학교,7010965,2024-03-13,수,중식,540.0,링파인애플,
동양고등학교,7010965,2024-03-13,수,중식,540.0,광동식찹쌀꿔바로우,"1,5,6,10,13"
동양고등학교,7010965,2024-03-14,목,중식,540.0,보리밥*,
동양고등학교,7010965,2024-03-14,목,중식,540.0,돼지고기김치찌개*,"5,6,9,10"
동양고등학교,7010965,2024-03-14,목,중식,540.0,캠핑모듬구이(깍둑),"2,5,6,10,12,13,15,16"
동양고등학교,7010965,2024-03-14,목,중식,540.0,깍두기*,9
동양고등학교,7010965,2024-03-14,목,중식,540.0,초코칩쿠키^,"1,2,5,6"
동양고등학교,7010965,2024-03-14,목,중식,540.0,콩나물김가루무침,5
동양고등학교,7010965,2024-03-14,목,석식,300.0,찜닭비빔덮밥,"5,6,13,15"
동양고등학교,7010965,2024-03-14,목,석식,300.0,부추계란국*,"1,9"
동양고등학교,7010965,2024-03-14,목,석식,300.0,양념깻잎지,"5,6"
동양고등학교,7010965,2024-03-14,목,석식,300.0,포기김치*,9
동양고등학교,7010965,2024-03-14,목,석식,300.0,C쥬스,"1,2,5,6,13"
동양고등학교,7010965,2024-03-14,목,석식,300.0,롱떡꼬치,"5,6,12,13"
동양고등학교,7010965,2024-03-15,금,중식,540.0,콩나물밥*양념장*,"5,6,10"
동양고등학교,7010965,2024-03-15,금,중식,540.0,삼색수제비국*,"5,6,9,18"
동양고등학교,7010965,2024-03-15,금,중식,540.0,제육볶음*,"5,6,10,13"
동양고등학교,7010965,2024-03-15,금,중식,540.0,깍두기*,9
동양고등학교,7010965,2024-03-15,금,중식,540.0,도시락김,
동양고등학교,7010965,2024-03-15,금,중식,540.0,"파스퇴르우유(바나나,딸기)","2,13"
동양고등학교,7010965,2024-03-15,금,석식,300.0,보리밥*,
동양고등학교,7010965,2024-03-15,금,석식,300.0,떡만두국*,"1,2,5,6,9,10,13,16,18"
동양고등학교,7010965,2024-03-15,금,석식,300.0,돼지고기장조림*,"1,5,6,10,13,18"
동양고등학교,7010965,2024-03-15,금,석식,300.0,숙주나물무침*,
동양고등학교,7010965,2024-03-15,금,석식,300.0,포기김치*,9
동양고등학교,7010965,2024-03-15,금,석식,300.0,콘아이스크림,"1,2,4,5,6"
동양고등학교,7010965,2024-03-18,월,중식,540.0,현미밥*,
동양고등학교,7010965,2024-03-18,월,중식,540.0,황태해장국*,"1,5,9"
동양고등학교,7010965,2024-03-18,월,중식,540.0,얼갈이된장무침*,"5,6"
동양고등학교,7010965,2024-03-18,월,중식,540.0,돈육김치볶음&온두부^^,"5,6,9,10,13"
동양고등학교,7010965,2024-03-18,월,중식,540.0,스팸감자버터구이,"1,2,5,6,10,13,15,16"
동양고등학교,7010965,2024-03-18,월,중식,540.0,깍두기*,9
동양고등학교,7010965,2024-03-18,월,석식,300.0,야채계란볶음밥*,"1,2,5,6,9,13,16,18"
동양고등학교,7010965,2024-03-18,월,석식,300.0,마라탕,"1,2,5,6,10,15,16"
동양고등학교,7010965,2024-03-18,월,석식,300.0,콩나물겨자냉채,"1,5,6,8,13"
동양고등학교,7010965,2024-03-18,월,석식,300.0,칠리탕수육*,"1,5,6,10,12,13"
동양고등학교,7010965,2024-03-18,월,석식,300.0,포기김치*,9
동양고등학교,7010965,2024-03-18,월,석식,300.0,드링크요거트^,2
동양고등학교,7010965,2024-03-19,화,중식,540.0,참치김치볶음밥*,"5,6,9,13,16,18"
동양고등학교,7010965,2024-03-19,화,중식,540.0,어묵국*,"1,5,6,9"
동양고등학교,7010965,2024-03-19,화,중식,540.0,수제봄동겉절이^,
동양고등학교,7010965,2024-03-19,화,중식,540.0,닭다리오븐구이*,"5,6,12,13,15"
동양고등학교,7010965,2024-03-19,화,중식,540.0,깍두기*,9
동양고등학교,7010965,2024-03-19,화,중식,540.0,바나나,
동양고등학교,7010965,2024-03-19,화,석식,300.0,백미밥*,
동양고등학교,7010965,2024-03-19,화,석식,300.0,소갈비탕,"1,5,16"
동양고등학교,7010965,2024-03-19,화,석식,300.0,참나물겉절이,"5,6,13"
동양고등학교,7010965,2024-03-19,화,석식,300.0,석박지*,9
동양고등학교,7010965,2024-03-19,화,석식,300.0,카프리썬,13
동양고등학교,7010965,2024-03-19,화,석식,300.0,데리야끼갈릭미트볼,"1,2,5,6,10,12,13,15,16"
동양고등학교,7010965,2024-03-20,수,중식,540.0,후리가케주먹밥,"1,2,5,6,9,13,16,18"
동양고등학교,7010965,2024-03-20,수,중식,540.0,깍두기*,9
동양고등학교,7010965,2024-03-20,수,중식,540.0,피크닉,13
동양고등학교,7010965,2024-03-20,수,중식,540.0,미트소스스파게티*,"1,2,5,6,9,10,12,13,15,16,18"
동양고등학교,7010965,2024-03-20,수,중식,540.0,4쪽마늘빵,"2,5,6"
동양고등학교,7010965,2024-03-20,수,중식,540.0,오지치즈후렌치후라이,"1,2,5,6,10,12,13,15,16"
동양고등학교,7010965,2024-03-21,목,중식,540.0,보리밥*,
동양고등학교,7010965,2024-03-21,목,중식,540.0,뼈없는감자탕*,"2,5,6,10,13,16"
동양고등학교,7010965,2024-03-21,목,중식,540.0,오이무침*,"5,6,13"
동양고등학교,7010965,2024-03-21,목,중식,540.0,석박지*,9
동양고등학교,7010965,2024-03-21,목,중식,540.0,딸기퐁당아몬드,"2,5"
동양고등학교,7010965,2024-03-21,목,중식,540.0,생선까스*스리랏차소스,"1,5,6,13"
동양고등학교,7010965,2024-03-21,목,석식,300.0,참치주먹밥*,"1,2,5,6,9,13,16,18"
동양고등학교,7010965,2024-03-21,목,석식,300.0,가쓰오유부국,"1,2,5,6,7,8,9,18"
동양고등학교,7010965,2024-03-21,목,석식,300.0,쫄면야채무침*,"3,5,6,13"
동양고등학교,7010965,2024-03-21,목,석식,300.0,깍둑단무지^^,
동양고등학교,7010965,2024-03-21,목,석식,300.0,왕돈까스&소스^^,"1,5,6,10"
동양고등학교,7010965,2024-03-21,목,석식,300.0,포기김치*,9
동양고등학교,7010965,2024-03-21,목,석식,300.0,요구르트*,2
동양고등학교,7010965,2024-03-22,금,중식,540.0,추가밥,
동양고등학교,7010965,2024-03-22,금,중식,540.0,해물볶음우동,"5,6,13,17,18"
동양고등학교,7010965,2024-03-22,금,중식,540.0,마늘닭강정^^,"1,5,6,13,15"
동양고등학교,7010965,2024-03-22,금,중식,540.0,포기김치*,9
동양고등학교,7010965,2024-03-22,금,중식,540.0,시리얼과일샐러드^^,"1,2,5,6,11,12"
동양고등학교,7010965,2024-03-22,금,중식,540.0,오라떼,"2,13"
동양고등학교,7010965,2024-03-22,금,석식,300.0,현미밥*,
동양고등학교,7010965,2024-03-22,금,석식,300.0,시래기된장국,"5,6,9"
동양고등학교,7010965,2024-03-22,금,석식,300.0,매운돼지갈비찜*,"5,6,10,13,16,18"
동양고등학교,7010965,2024-03-22,금,석식,300.0,콩나물어묵조림,"1,5,6,12,13"
동양고등학교,7010965,2024-03-22,금,석식,300.0,포기김치*,9
동양고등학교,7010965,2024-03-22,금,석식,300.0,플리또주스,13
동양고등학교,7010965,2024-03-25,월,중식,540.0,멸치주먹밥*,"1,2,5,6,9,13,16,18"
동양고등학교,7010965,2024-03-25,월,중식,540.0,잔치국수*,"1,5,6,9"
동양고등학교,7010965,2024-03-25,월,중식,540.0,치커리토마토유자청무침^^,"12,13"
동양고등학교,7010965,2024-03-25,월,중식,540.0,포기김치*,9
동양고등학교,7010965,2024-03-25,월,중식,540.0,칠리오징어까스,"1,5,6,12,13,17"
동양고등학교,7010965,2024-03-25,월,중식,540.0,요플레,2
동양고등학교,7010965,2024-03-25,월,석식,300.0,현미밥*,
동양고등학교,7010965,2024-03-25,월,석식,300.0,부대찌개*,"1,2,5,6,9,10,12,13,15,16"
동양고등학교,7010965,2024-03-25,월,석식,300.0,청양크림함박스테이크,"1,2,5,6,10,12,13,15,16"
동양고등학교,7010965,2024-03-25,월,석식,300.0,깍두기*,9
동양고등학교,7010965,2024-03-25,월,석식,300.0,유기농포도주스,13
동양고등학교,7010965,2024-03-25,월,석식,300.0,코울슬로,"1,5,13"
동양고등학교,7010965,2024-03-26,화,중식,540.0,보리밥*,
동양고등학교,7010965,2024-03-26,화,중식,540.0,쇠고기무국*,"5,6,9,16"
동양고등학교,7010965,2024-03-26,화,중식,540.0,볼어묵간장조림*,"1,5,6,13"
동양고등학교,7010965,2024-03-26,화,중식,540.0,해물파전*,"5,6,9,13,17"
동양고등학교,7010965,2024-03-26,화,중식,540.0,깍두기*,9
동양고등학교,7010965,2024-03-26,화,중식,540.0,등뼈김치찜,"5,6,9,10,13"
동양고등학교,7010965,2024-03-26,화,석식,300.0,갈비볶음밥,"5,6,9,10,13"
동양고등학교,7010965,2024-03-26,화,석식,300.0,미소장국^^,"5,6,9"
동양고등학교,7010965,2024-03-26,화,석식,300.0,실곤약오리엔탈무침,"6,13,5"
동양고등학교,7010965,2024-03-26,화,석식,300.0,꼬마등심돈까스&매콤로제소스^^,"1,5,6,10,13"
동양고등학교,7010965,2024-03-26,화,석식,300.0,포기김치*,9
동양고등학교,7010965,2024-03-26,화,석식,300.0,살구에이드,
동양고등학교,7010965,2024-03-27,수,중식,540.0,팽이버섯된장국*,"5,6,9"
동양고등학교,7010965,2024-03-27,수,중식,540.0,핫도그,"1,2,5,6,10,12,13,16"
동양고등학교,7010965,2024-03-27,수,중식,540.0,부추겉절이*,"5,6,13"
동양고등학교,7010965,2024-03-27,수,중식,540.0,포기김치*,9
동양고등학교,7010965,2024-03-27,수,중식,540.0,Dole하이주스,"2,13"
동양고등학교,7010965,2024-03-27,수,중식,540.0,깐부치밥,"1,5,6,9,13,15"
동양고등학교,7010965,2024-03-28,목,중식,540.0,현미밥*,
동양고등학교,7010965,2024-03-28,목,중식,540.0,김치콩나물국*,"5,9"
동양고등학교,7010965,2024-03-28,목,중식,540.0,돈사태떡찜*,"5,6,10,13,18"
동양고등학교,7010965,2024-03-28,목,중식,540.0,배미나리무생채^^,
동양고등학교,7010965,2024-03-28,목,중식,540.0,김가루계란말이*,1
동양고등학교,7010965,2024-03-28,목,중식,540.0,깍두기*,9
동양고등학교,7010965,2024-03-29,금,중식,540.0,보리밥*,
동양고등학교,7010965,2024-03-29,금,중식,540.0,어묵잡채*,"1,5,6,13,18"
동양고등학교,7010965,2024-03-29,금,중식,540.0,포기김치*,9
동양고등학교,7010965,2024-03-29,금,중식,540.0,타코야끼*,"1,2,5,6,13"
동양고등학교,7010965,2024-03-29,금,중식,540.0,얼라이브^^,13
동양고등학교,7010965,2024-03-29,금,중식,540.0,물닭갈비,"2,5,6,12,13,15,16,18"
동양고등학교,7010965,2024-03-29,금,석식,300.0,백미밥*,
동양고등학교,7010965,2024-03-29,금,석식,300.0,얼갈이된장국*,"5,6,9"
동양고등학교,7010965,2024-03-29,금,석식,300.0,상추겉절이*,"5,6,13"
동양고등학교,7010965,2024-03-29,금,석식,300.0,마늘삼겹살(한입)*,"5,6,10,12,13,18"
동양고등학교,7010965,2024-03-29,금,석식,300.0,포기김치*,9
동양고등학교,7010965,2024-03-29,금,석식,300.0,토레타^^,
동양고등학교,7010965,2024-04-01,월,중식,540.0,스팸장볶음밥*김가루*계란후라이,"1,2,5,6,10,13,15,16"
동양고등학교,7010965,2024-04-01,월,중식,540.0,파스타샐러드,"1,2,5,6,12,13"
동양고등학교,7010965,2024-04-01,월,중식,540.0,어묵국*,"1,5,6,9"
동양고등학교,7010965,2024-04-01,월,중식,540.0,포기김치*,9
동양고등학교,7010965,2024-04-01,월,중식,540.0,갈떡갈떡,"5,6,10,15,16"
동양고등학교,7010965,2024-04-01,월,중식,540.0,초코쌀뻥튀김,"1,2,5"
동양고등학교,7010965,2024-04-01,월,석식,280.0,추가밥,
동양고등학교,7010965,2024-04-01,월,석식,280.0,비빔국수(주)*,"3,5,6,9"
동양고등학교,7010965,2024-04-01,월,석식,280.0,바싹돼지양념구이,"5,6,10,13"
동양고등학교,7010965,2024-04-01,월,석식,280.0,롱김말이튀김,"1,5,6,16"
동양고등학교,7010965,2024-04-01,월,석식,280.0,깍두기*,9
동양고등학교,7010965,2024-04-01,월,석식,280.0,오레오와플,"1,2,4,5,6"
동양고등학교,7010965,2024-04-02,화,중식,540.0,현미밥*,
동양고등학교,7010965,2024-04-02,화,중식,540.0,얼큰순대국*,"2,5,6,9,10,13,16"
동양고등학교,7010965,2024-04-02,화,중식,540.0,부추양파무침^^,13
동양고등학교,7010965,2024-04-02,화,중식,540.0,진미채고추장볶음*,"5,6,13,17"
동양고등학교,7010965,2024-04-02,화,중식,540.0,석박지*,9
동양고등학교,7010965,2024-04-02,화,중식,540.0,포도푸딩,
동양고등학교,7010965,2024-04-02,화,중식,540.0,너비아니구이,"1,5,6,10,13,16,18"
동양고등학교,7010965,2024-04-02,화,석식,280.0,매콤잡채덮밥*,"5,6,9,10,13,17,18"
동양고등학교,7010965,2024-04-02,화,석식,280.0,감자국(양파)^^,"5,6,9"
동양고등학교,7010965,2024-04-02,화,석식,280.0,오이무침*,"5,6,13"
동양고등학교,7010965,2024-04-02,화,석식,280.0,순살파닭*,"1,2,5,6,13,15"
동양고등학교,7010965,2024-04-02,화,석식,280.0,포기김치*,9
동양고등학교,7010965,2024-04-02,화,석식,280.0,오예스,"1,2,5,6"
동양고등학교,7010965,2024-04-03,수,중식,540.0,참치주먹밥*,"1,2,5,6,9,13,16,18"
동양고등학교,7010965,2024-04-03,수,중식,540.0,치커리사과무침*,"5,6,13"
동양고등학교,7010965,2024-04-03,수,중식,540.0,깍두기*,9
동양고등학교,7010965,2024-04-03,수,중식,540.0,쥬시쿨*,"11,12"
동양고등학교,7010965,2024-04-03,수,중식,540.0,들기름막국수(大),"3,5,6,13,16"
동양고등학교,7010965,2024-04-03,수,중식,540.0,돼지목살고추장구이,"5,6,10,13"
동양고등학교,7010965,2024-04-04,목,중식,540.0,보리밥*,
동양고등학교,7010965,2024-04-04,목,중식,540.0,얼큰수제비,"5,6,9,13,17,18"
동양고등학교,7010965,2024-04-04,목,중식,540.0,안동찜닭*,"5,6,13,15,16,18"
동양고등학교,7010965,2024-04-04,목,중식,540.0,사각어묵볶음*,"1,5,6"
동양고등학교,7010965,2024-04-04,목,중식,540.0,포기김치*,9
동양고등학교,7010965,2024-04-04,목,중식,540.0,매콤순두부찜,"5,6,13"
동양고등학교,7010965,2024-04-04,목,석식,280.0,현미밥*,
동양고등학교,7010965,2024-04-04,목,석식,280.0,닭개장*,"5,6,15"
동양고등학교,7010965,2024-04-04,목,석식,280.0,아삭고추된장무침*,"5,6,13"
동양고등학교,7010965,2024-04-04,목,석식,280.0,햄감자채볶음*,"1,2,5,6,10,15,16"
동양고등학교,7010965,2024-04-04,목,석식,280.0,탕수육*소스*,"1,5,6,10,11,12,13"
동양고등학교,7010965,2024-04-04,목,석식,280.0,포기김치*,9
동양고등학교,7010965,2024-04-05,금,중식,540.0,황태해장국*,"1,5,9"
동양고등학교,7010965,2024-04-05,금,중식,540.0,깍두기*,9
동양고등학교,7010965,2024-04-05,금,중식,540.0,오꼬노미어묵바,"1,5,6,13"
동양고등학교,7010965,2024-04-05,금,중식,540.0,청포묵어린잎무침,"5,6,13"
동양고등학교,7010965,2024-04-05,금,중식,540.0,비벼주는비빔밥,"5,6,10,13"
동양고등학교,7010965,2024-04-05,금,중식,540.0,요거얌얌(플레인),2
동양고등학교,7010965,2024-04-05,금,석식,280.0,추가밥,
동양고등학교,7010965,2024-04-05,금,석식,280.0,불고기카레우동,"2,5,6,7,10,12,13,16,18"
동양고등학교,7010965,2024-04-05,금,석식,280.0,오이지무침^^,"5,6"
동양고등학교,7010965,2024-04-05,금,석식,280.0,포기김치*,9
동양고등학교,7010965,2024-04-05,금,석식,280.0,셀프치킨또띠아*,"1,2,5,6,12,13,15,18"
동양고등학교,7010965,2024-04-05,금,석식,280.0,아이스슈,"1,2,5,6"
동양고등학교,7010965,2024-04-08,월,중식,540.0,보리밥*,
동양고등학교,7010965,2024-04-08,월,중식,540.0,들깨미역국*,"9,16"
동양고등학교,7010965,2024-04-08,월,중식,540.0,매콤콩나물잡채,"1,5,6,13,18"
동양고등학교,7010965,2024-04-08,월,중식,540.0,포기김치*,9
동양고등학교,7010965,2024-04-08,월,중식,540.0,이벤트케익,"1,2,5,6"
동양고등학교,7010965,2024-04-08,월,중식,540.0,버섯소불고기,"5,6,13,16"
동양고등학교,7010965,2024-04-08,월,석식,280.0,참치김치볶음밥*,"5,6,9,13,16,18"
동양고등학교,7010965,2024-04-08,월,석식,280.0,북어채계란국*,"1,9"
동양고등학교,7010965,2024-04-08,월,석식,280.0,치즈볼^^,"1,2,5,6"
동양고등학교,7010965,2024-04-08,월,석식,280.0,포기김치*,9
동양고등학교,7010965,2024-04-08,월,석식,280.0,블루베리무피클*,
동양고등학교,7010965,2024-04-08,월,석식,280.0,간장양념치킨,"1,2,5,6,12,13,15,16,18"
동양고등학교,7010965,2024-04-09,화,중식,540.0,현미밥*,
동양고등학교,7010965,2024-04-09,화,중식,540.0,샤브샤브버섯매운탕,"5,6,9,16"
동양고등학교,7010965,2024-04-09,화,중식,540.0,명엽채볶음*,"5,6,13"
동양고등학교,7010965,2024-04-09,화,중식,540.0,포기김치*,9
동양고등학교,7010965,2024-04-09,화,중식,540.0,복숭아주스^,11
동양고등학교,7010965,2024-04-09,화,중식,540.0,돈까스샐러드,"1,5,6,10,13"
동양고등학교,7010965,2024-04-09,화,석식,280.0,햄계란주먹밥,"1,2,5,6,10,15,16"
동양고등학교,7010965,2024-04-09,화,석식,280.0,불닭볶음우동,"5,6,13,15,18"
동양고등학교,7010965,2024-04-09,화,석식,280.0,모듬피클,
동양고등학교,7010965,2024-04-09,화,석식,280.0,포기김치*,9
동양고등학교,7010965,2024-04-09,화,석식,280.0,허쉬드링크,2
동양고등학교,7010965,2024-04-09,화,석식,280.0,불고기퀘사디아,"2,5,6,10,13"
동양고등학교,7010965,2024-04-11,목,중식,540.0,보리밥*,
동양고등학교,7010965,2024-04-11,목,중식,540.0,사골떡국*,"1,2,5,6,9,13,16"
동양고등학교,7010965,2024-04-11,목,중식,540.0,야채계란찜*,"1,9"
동양고등학교,7010965,2024-04-11,목,중식,540.0,포기김치*,9
동양고등학교,7010965,2024-04-11,목,중식,540.0,콩나물김가루무침,5
동양고등학교,7010965,2024-04-11,목,중식,540.0,짬뽕오징어불고기,"5,6,9,10,13,17,18"
동양고등학교,7010965,2024-04-11,목,석식,280.0,김밥주먹밥,"1,2,5,6,8,10,13,15,16,18"
동양고등학교,7010965,2024-04-11,목,석식,280.0,신전st로제떡볶이,"1,2,5,6,10,13,15,16"
동양고등학교,7010965,2024-04-11,목,석식,280.0,단무지*,
동양고등학교,7010965,2024-04-11,목,석식,280.0,포도봉봉,13
동양고등학교,7010965,2024-04-11,목,석식,280.0,고구마튀김,"5,6"
동양고등학교,7010965,2024-04-11,목,석식,280.0,신전st튀김어묵,"1,5,6"
동양고등학교,7010965,2024-04-12,금,중식,540.0,보리밥*,
동양고등학교,7010965,2024-04-12,금,중식,540.0,호박된장국*,"5,6,9"
동양고등학교,7010965,2024-04-12,금,중식,540.0,미역줄기맛살볶음*,"1,5,6,8"
동양고등학교,7010965,2024-04-12,금,중식,540.0,포기김치*,9
동양고등학교,7010965,2024-04-12,금,중식,540.0,홀그레인콘마요샐러드,"1,5,6,13"
동양고등학교,7010965,2024-04-12,금,중식,540.0,수제닭다리살스테이크*파채소스,"5,6,13,15"
동양고등학교,7010965,2024-04-12,금,석식,280.0,김치어묵국*,"1,5,6,9"
동양고등학교,7010965,2024-04-12,금,석식,280.0,깍두기*,9
동양고등학교,7010965,2024-04-12,금,석식,280.0,매실주스,
동양고등학교,7010965,2024-04-12,금,석식,280.0,깻잎불고기덮밥,"1,5,6,10,13,18"
동양고등학교,7010965,2024-04-12,금,석식,280.0,올방개묵김가루무침,"5,6"
동양고등학교,7010965,2024-04-12,금,석식,280.0,카스타드호떡,"1,2,5,6"
동양고등학교,7010965,2024-04-15,월,중식,540.0,짬뽕탕^^,"1,6,9,10,13,17,18"
동양고등학교,7010965,2024-04-15,월,중식,540.0,콩나물겨자냉채,"1,5,6,8,13"
동양고등학교,7010965,2024-04-15,월,중식,540.0,깍두기*,9
동양고등학교,7010965,2024-04-15,월,중식,540.0,짜계치덮밥 (짜장계란치즈),"1,2,5,6,9,10,13,16,17"
동양고등학교,7010965,2024-04-15,월,중식,540.0,비피더스,2
동양고등학교,7010965,2024-04-15,월,중식,540.0,지코바닭봉구이,"5,6,12,13,15"
동양고등학교,7010965,2024-04-15,월,석식,280.0,보리밥*,
동양고등학교,7010965,2024-04-15,월,석식,280.0,돼지고기짜글이찌개,"5,6,9,10,16,18"
동양고등학교,7010965,2024-04-15,월,석식,280.0,스팸구이,"1,2,5,6,10,13,15,16"
동양고등학교,7010965,2024-04-15,월,석식,280.0,깍두기*,9
동양고등학교,7010965,2024-04-15,월,석식,280.0,도시락김,
동양고등학교,7010965,2024-04-15,월,석식,280.0,망고바,
동양고등학교,7010965,2024-04-15,월,석식,280.0,야채계란말이*,1
동양고등학교,7010965,2024-04-16,화,중식,540.0,보리밥*,
동양고등학교,7010965,2024-04-16,화,중식,540.0,근대된장국*,"5,6,9"
동양고등학교,7010965,2024-04-16,화,중식,540.0,돼지갈비찜*,"5,6,10,13,16,18"
동양고등학교,7010965,2024-04-16,화,중식,540.0,실곤약야채무침*,"5,6,13"
동양고등학교,7010965,2024-04-16,화,중식,540.0,아몬드멸치볶음^^,13
동양고등학교,7010965,2024-04-16,화,중식,540.0,포기김치*,9
동양고등학교,7010965,2024-04-16,화,석식,280.0,보리밥*,
동양고등학교,7010965,2024-04-16,화,석식,280.0,치즈불닭,"2,5,6,13,15,18"
동양고등학교,7010965,2024-04-16,화,석식,280.0,포기김치*,9
동양고등학교,7010965,2024-04-16,화,석식,280.0,설레임,"1,2,5"
동양고등학교,7010965,2024-04-16,화,석식,280.0,무쌈*,
동양고등학교,7010965,2024-04-16,화,석식,280.0,천사채샐러드,"1,5,13"
동양고등학교,7010965,2024-04-16,화,석식,280.0,소고기우거지콩나물국,"5,6,9,13,16"
동양고등학교,7010965,2024-04-17,수,중식,540.0,아라비아따스파게티*,"1,2,5,6,9,10,12,13,15,16,18"
동양고등학교,7010965,2024-04-17,수,중식,540.0,깍두기*,9
동양고등학교,7010965,2024-04-17,수,중식,540.0,오이피클(캔)^^,
동양고등학교,7010965,2024-04-17,수,중식,540.0,요구르트*,2
동양고등학교,7010965,2024-04-17,수,중식,540.0,훈제오리또띠아,"1,2,5,6,13"
동양고등학교,7010965,2024-04-17,수,중식,540.0,불고기주먹밥,"1,2,5,6,9,10,13,16,18"
동양고등학교,7010965,2024-04-18,목,중식,540.0,보리밥*,
동양고등학교,7010965,2024-04-18,목,중식,540.0,쇠고기무국*,"5,6,9,16"
동양고등학교,7010965,2024-04-18,목,중식,540.0,매콤닭볶음,"2,5,6,12,13,15,16,18"
동양고등학교,7010965,2024-04-18,목,중식,540.0,양념깻잎지,"5,6"
동양고등학교,7010965,2024-04-18,목,중식,540.0,햄전,"1,2,5,6,10,15,16"
동양고등학교,7010965,2024-04-18,목,중식,540.0,포기김치*,9
동양고등학교,7010965,2024-04-18,목,석식,280.0,현미밥*,
동양고등학교,7010965,2024-04-18,목,석식,280.0,부대찌개*라면사리,"1,2,5,6,9,10,12,13,15,16"
동양고등학교,7010965,2024-04-18,목,석식,280.0,숙주나물무침*,
동양고등학교,7010965,2024-04-18,목,석식,280.0,깍두기*,9
동양고등학교,7010965,2024-04-18,목,석식,280.0,함박스테이크*소스*,"1,2,5,6,10,12,13,15,16,18"
동양고등학교,7010965,2024-04-18,목,석식,280.0,키짱유산균음료,2
동양고등학교,7010965,2024-04-19,금,중식,540.0,김가루주먹밥*,"1,2,5,6,9,13,16,18"
동양고등학교,7010965,2024-04-19,금,중식,540.0,육개장칼국수^^,"1,5,6,16"
동양고등학교,7010965,2024-04-19,금,중식,540.0,언양식바싹불고기,"1,2,5,6,10,12,13,15,16"
동양고등학교,7010965,2024-04-19,금,중식,540.0,포기김치*,9
동양고등학교,7010965,2024-04-19,금,중식,540.0,플리또주스,13
동양고등학교,7010965,2024-04-19,금,중식,540.0,참나물샐러드,"5,6,13"
동양고등학교,7010965,2024-04-19,금,석식,280.0,부추계란국*,"1,9"
동양고등학교,7010965,2024-04-19,금,석식,280.0,시금치나물*,
동양고등학교,7010965,2024-04-19,금,석식,280.0,제육김치덮밥(+눈꽃치즈),"2,5,6,9,10,13"
동양고등학교,7010965,2024-04-19,금,석식,280.0,깍두기*,9
동양고등학교,7010965,2024-04-19,금,석식,280.0,케이준치킨샐러드*,"1,2,5,6,12,13,15,18"
동양고등학교,7010965,2024-04-19,금,석식,280.0,"파스퇴르우유(바나나,딸기)","2,13"
동양고등학교,7010965,2024-04-22,월,중식,540.0,현미밥*,
동양고등학교,7010965,2024-04-22,월,중식,540.0,콩나물국*,"5,6,9"
동양고등학교,7010965,2024-04-22,월,중식,540.0,청경채나물,"5,6"
동양고등학교,7010965,2024-04-22,월,중식,540.0,구멍어묵볶음,"13,1,5,6"
동양고등학교,7010965,2024-04-22,월,중식,540.0,포기김치*,9
동양고등학교,7010965,2024-04-22,월,중식,540.0,동파육,"5,6,10,13,18"
동양고등학교,7010965,2024-04-22,월,석식,280.0,보리밥*,
동양고등학교,7010965,2024-04-22,월,석식,280.0,뼈없는감자탕*,"2,5,6,10,13,16"
동양고등학교,7010965,2024-04-22,월,석식,280.0,부추겉절이*,"5,6,13"
동양고등학교,7010965,2024-04-22,월,석식,280.0,순대깻잎볶음*,"2,5,6,10,13,16"
동양고등학교,7010965,2024-04-22,월,석식,280.0,석박지*,9
동양고등학교,7010965,2024-04-22,월,석식,280.0,비락식혜,
동양고등학교,7010965,2024-04-23,화,중식,540.0,보리밥*,
동양고등학교,7010965,2024-04-23,화,중식,540.0,소고기된장찌개,"5,6,9,16"
동양고등학교,7010965,2024-04-23,화,중식,540.0,꽈리고추계란장조림*,"1,5,6,13"
동양고등학교,7010965,2024-04-23,화,중식,540.0,부추오이무침*,"5,6,13"
동양고등학교,7010965,2024-04-23,화,중식,540.0,포기김치*,9
동양고등학교,7010965,2024-04-23,화,중식,540.0,매콤돈사태떡찜,"5,6,10,13,18"
동양고등학교,7010965,2024-04-23,화,석식,280.0,추가밥,
동양고등학교,7010965,2024-04-23,화,석식,280.0,돈코츠라멘,"1,2,5,6,10,15,16"
동양고등학교,7010965,2024-04-23,화,석식,280.0,만두튀김*,"1,5,6,10,16,18"
동양고등학교,7010965,2024-04-23,화,석식,280.0,포기김치*,9
동양고등학교,7010965,2024-04-23,화,석식,280.0,타코야끼*,"1,2,5,6,10,13"
동양고등학교,7010965,2024-04-23,화,석식,280.0,얼라이브^^,13
동양고등학교,7010965,2024-04-24,수,중식,540.0,멸치주먹밥*,"1,2,5,6,9,13,16,18"
동양고등학교,7010965,2024-04-24,수,중식,540.0,김치말이냉국수*,"1,3,5,6,9,13,16"
동양고등학교,7010965,2024-04-24,수,중식,540.0,아삭고추된장무침*,"5,6,13"
동양고등학교,7010965,2024-04-24,수,중식,540.0,꿔바로우탕수육*,"1,5,6,10,11,12,13"
동양고등학교,7010965,2024-04-24,수,중식,540.0,깍두기*,9
동양고등학교,7010965,2024-04-24,수,중식,540.0,코코팜,
동양고등학교,7010965,2024-04-25,목,중식,540.0,현미밥*,
동양고등학교,7010965,2024-04-25,목,중식,540.0,볼어묵간장조림*,"1,5,6,13"
동양고등학교,7010965,2024-04-25,목,중식,540.0,숙주나물무침*,
동양고등학교,7010965,2024-04-25,목,중식,540.0,파채불고기,"5,6,10,13,16"
동양고등학교,7010965,2024-04-25,목,중식,540.0,깍두기*,9
동양고등학교,7010965,2024-04-25,목,중식,540.0,스팸김치찌개,"1,2,5,6,9,10,13,15,16"
동양고등학교,7010965,2024-04-25,목,석식,280.0,어묵국*,"1,5,6,9"
동양고등학교,7010965,2024-04-25,목,석식,280.0,회오리감자,"5,6"
동양고등학교,7010965,2024-04-25,목,석식,280.0,깍두기*,9
동양고등학교,7010965,2024-04-25,목,석식,280.0,요플레,2
동양고등학교,7010965,2024-04-25,목,석식,280.0,멕시칸샐러드,"1,2,5,6,10,12,13,15,16"
동양고등학교,7010965,2024-04-25,목,석식,280.0,팟카파오무쌉(태국식덮밥),"5,6,10,13,18"
동양고등학교,7010965,2024-04-26,금,중식,540.0,볶음김치*,"9,13"
동양고등학교,7010965,2024-04-26,금,중식,540.0,감자튀김*,"5,6"
동양고등학교,7010965,2024-04-26,금,중식,540.0,수제햄버거*,"1,2,5,6,10,12,13,15,16,18"
동양고등학교,7010965,2024-04-26,금,중식,540.0,시험뿌셔,"1,2,5,6"
동양고등학교,7010965,2024-04-26,금,중식,540.0,쿨피스450ml,2
동양고등학교,7010965,2024-04-26,금,중식,540.0,시리얼양배추샐러드,"1,2,5,6,12,13"
동양고등학교,7010965,2024-04-26,금,중식,540.0,치즈할라피뇨주먹밥,"1,2,5,6,13,16,18"
동양고등학교,7010965,2024-04-26,금,석식,280.0,현미밥*,
동양고등학교,7010965,2024-04-26,금,석식,280.0,한방닭곰탕*,15
동양고등학교,7010965,2024-04-26,금,석식,280.0,진미채야채무침*,"5,6,13,17"
동양고등학교,7010965,2024-04-26,금,석식,280.0,비엔나소시지볶음,"2,5,6,10,12,13,15,16"
동양고등학교,7010965,2024-04-26,금,석식,280.0,석박지*,9
동양고등학교,7010965,2024-04-26,금,석식,280.0,캔디바아이스크림,"1,2,5"
동양고등학교,7010965,2024-05-03,금,중식,540.0,김치치즈볶음밥*,"1,2,5,6,9,10,13,15,16"
동양고등학교,7010965,2024-05-03,금,중식,540.0,미소장국^^,"5,6,9"
동양고등학교,7010965,2024-05-03,금,중식,540.0,함박카츠*소스,"1,2,5,6,10,12,13,16,18"
동양고등학교,7010965,2024-05-03,금,중식,540.0,깍두기*,9
동양고등학교,7010965,2024-05-03,금,중식,540.0,포카리스웨트,
동양고등학교,7010965,2024-05-03,금,중식,540.0,코울슬로,"1,5,13"
동양고등학교,7010965,2024-05-08,수,중식,200.0,나시고랭볶음밥(닭)^^,"1,5,6,13,15,16"
동양고등학교,7010965,2024-05-08,수,중식,200.0,춘권,"1,5,6,10,16,18"
동양고등학교,7010965,2024-05-08,수,중식,200.0,깍두기*,9
동양고등학교,7010965,2024-05-08,수,중식,200.0,요구르트*,2
동양고등학교,7010965,2024-05-08,수,중식,200.0,마카로니샐러드*,"1,5,6,13"
동양고등학교,7010965,2024-05-08,수,중식,200.0,나트랑분짜,"5,6,10,12,13"
동양고등학교,7010965,2024-05-09,목,중식,200.0,백미밥*,
동양고등학교,7010965,2024-05-09,목,중식,200.0,상추오이무침,"5,6,13"
동양고등학교,7010965,2024-05-09,목,중식,200.0,포기김치*,9
동양고등학교,7010965,2024-05-09,목,중식,200.0,오라떼,"2,13"
동양고등학교,7010965,2024-05-09,목,중식,200.0,아비꼬카레,"1,2,5,6,10,12,13,16,18"
동양고등학교,7010965,2024-05-09,목,중식,200.0,해쉬브라운,"5,6"
동양고등학교,7010965,2024-05-09,목,중식,200.0,소시지구이,"2,5,6,10,12,15,16"
동양고등학교,7010965,2024-05-13,월,중식,540.0,참치야채비빔밥,"5,6,10,13,16,18"
동양고등학교,7010965,2024-05-13,월,중식,540.0,열무된장국*,"5,6,9"
동양고등학교,7010965,2024-05-13,월,중식,540.0,부추문어커틀렛*잠발라소스,"1,5,6,17"
동양고등학교,7010965,2024-05-13,월,중식,540.0,포기김치*,9
동양고등학교,7010965,2024-05-13,월,중식,540.0,비락식혜,
동양고등학교,7010965,2024-05-13,월,중식,540.0,오븐팽이버섯계란전,"1,12"
동양고등학교,7010965,2024-05-13,월,석식,270.0,보리밥*,
동양고등학교,7010965,2024-05-13,월,석식,270.0,조랭이떡국*,"2,5,6,9,13,16"
동양고등학교,7010965,2024-05-13,월,석식,270.0,포기김치*,9
동양고등학교,7010965,2024-05-13,월,석식,270.0,쌕쌕오렌지쥬스,
동양고등학교,7010965,2024-05-13,월,석식,270.0,콩나물김가루무침,5
동양고등학교,7010965,2024-05-13,월,석식,270.0,제육볶음,"5,6,9,10,13,17,18"
동양고등학교,7010965,2024-05-14,화,중식,540.0,보리밥*,
동양고등학교,7010965,2024-05-14,화,중식,540.0,들깨미역국*,"9,16"
동양고등학교,7010965,2024-05-14,화,중식,540.0,소갈비찜*,"5,6,13,16,18"
동양고등학교,7010965,2024-05-14,화,중식,540.0,포기김치*,9
동양고등학교,7010965,2024-05-14,화,중식,540.0,이벤트케익,"1,2,5,6"
동양고등학교,7010965,2024-05-14,화,중식,540.0,콩나물해파리냉채,"1,5,6,8,13"
동양고등학교,7010965,2024-05-14,화,중식,540.0,매콤잡채,"1,5,6,9,13,17,18"
동양고등학교,7010965,2024-05-14,화,석식,270.0,현미밥*,
동양고등학교,7010965,2024-05-14,화,석식,270.0,어묵국*,"1,5,6,9"
동양고등학교,7010965,2024-05-14,화,석식,270.0,볶음김치*,"9,13"
동양고등학교,7010965,2024-05-14,화,석식,270.0,돌김자반^,5
동양고등학교,7010965,2024-05-14,화,석식,270.0,언양식반달불고기&파채무침^^,"2,5,6,13,16"
동양고등학교,7010965,2024-05-14,화,석식,270.0,왕포도알아이스크림,"1,2,5"
동양고등학교,7010965,2024-05-16,목,중식,540.0,오므라이스*소스*,"1,2,5,6,10,12,13,15,16,18"
동양고등학교,7010965,2024-05-16,목,중식,540.0,유부된장국*,"5,6,9"
동양고등학교,7010965,2024-05-16,목,중식,540.0,치커리토마토유자청무침^^,"12,13"
동양고등학교,7010965,2024-05-16,목,중식,540.0,포기김치*,9
동양고등학교,7010965,2024-05-16,목,중식,540.0,옥수수듬뿍함박스테이크,"1,2,5,6,10,12,13,15,16,18"
동양고등학교,7010965,2024-05-16,목,중식,540.0,미니바나나라떼,"2,5"
동양고등학교,7010965,2024-05-16,목,석식,270.0,후리가케주먹밥,"1,2,5,6,9,13,16,18"
동양고등학교,7010965,2024-05-16,목,석식,270.0,짬뽕*,"2,5,6,9,10,13,17,18"
동양고등학교,7010965,2024-05-16,목,석식,270.0,부추겉절이*,"5,6,13"
동양고등학교,7010965,2024-05-16,목,석식,270.0,리얼통새우꼬치,"1,5,6,9,12,13"
동양고등학교,7010965,2024-05-16,목,석식,270.0,깍두기*,9
동양고등학교,7010965,2024-05-16,목,석식,270.0,청포도에이드,
동양고등학교,7010965,2024-05-17,금,중식,540.0,현미밥*,
동양고등학교,7010965,2024-05-17,금,중식,540.0,상추겉절이*,"5,6,13"
동양고등학교,7010965,2024-05-17,금,중식,540.0,포기김치*,9
동양고등학교,7010965,2024-05-17,금,중식,540.0,파인오렌지주스,"1,2,5"
동양고등학교,7010965,2024-05-17,금,중식,540.0,야채계란말이*,1
동양고등학교,7010965,2024-05-17,금,중식,540.0,전주식물갈비,"5,6,10,13"
동양고등학교,7010965,2024-05-17,금,석식,270.0,소고기버섯무밥*양념장,"5,6,16"
동양고등학교,7010965,2024-05-17,금,석식,270.0,맑은순두부탕^^,"1,5,6,9,18"
동양고등학교,7010965,2024-05-17,금,석식,270.0,순살파닭*,"1,2,5,6,13,15"
동양고등학교,7010965,2024-05-17,금,석식,270.0,포기김치*,9
동양고등학교,7010965,2024-05-17,금,석식,270.0,초코파이,"1,2,5,6"
동양고등학교,7010965,2024-05-17,금,석식,270.0,도시락김,
동양고등학교,7010965,2024-05-20,월,중식,540.0,보리밥*,
동양고등학교,7010965,2024-05-20,월,중식,540.0,시락국^^,"5,6,9"
동양고등학교,7010965,2024-05-20,월,중식,540.0,콩나물파채무침^^,"5,6"
동양고등학교,7010965,2024-05-20,월,중식,540.0,명엽채볶음*,"5,6,13"
동양고등학교,7010965,2024-05-20,월,중식,540.0,포기김치*,9
동양고등학교,7010965,2024-05-20,월,중식,540.0,대패돈육볶음,10
동양고등학교,7010965,2024-05-20,월,석식,270.0,현미밥*,
동양고등학교,7010965,2024-05-20,월,석식,270.0,부대찌개*,"1,2,5,6,9,10,12,13,15,16"
동양고등학교,7010965,2024-05-20,월,석식,270.0,오이무침*,"5,6,13"
동양고등학교,7010965,2024-05-20,월,석식,270.0,깍두기*,9
동양고등학교,7010965,2024-05-20,월,석식,270.0,Dole하이주스,"2,13"
동양고등학교,7010965,2024-05-20,월,석식,270.0,생선까스*명란마요소스,"1,5,6,13"
동양고등학교,7010965,2024-05-21,화,중식,540.0,현미밥*,
동양고등학교,7010965,2024-05-21,화,중식,540.0,설렁탕*당면사리,"2,5,6,13,16"
동양고등학교,7010965,2024-05-21,화,중식,540.0,돼지고기장조림*,"1,5,6,10,13,18"
동양고등학교,7010965,2024-05-21,화,중식,540.0,깍두기*,9
동양고등학교,7010965,2024-05-21,화,중식,540.0,참나물샐러드,"5,6,13"
동양고등학교,7010965,2024-05-21,화,중식,540.0,동글동글한라봉주스,13
동양고등학교,7010965,2024-05-21,화,석식,270.0,햄김치주먹밥*,"1,2,5,6,9,10,13,15,16,18"
동양고등학교,7010965,2024-05-21,화,석식,270.0,매콤투움바파스타,"1,2,5,6,10,13,16,18"
동양고등학교,7010965,2024-05-21,화,석식,270.0,깍두기*,9
동양고등학교,7010965,2024-05-21,화,석식,270.0,오이피클(캔)^^,
동양고등학교,7010965,2024-05-21,화,석식,270.0,나랑드사이다,
동양고등학교,7010965,2024-05-21,화,석식,270.0,오지치즈후렌치후라이,"1,2,5,6,10,12,13,15,16"
동양고등학교,7010965,2024-05-22,수,중식,540.0,햄계란볶음밥*,"1,2,5,6,10,15,16"
동양고등학교,7010965,2024-05-22,수,중식,540.0,마라탕,"1,2,5,6,10,15,16,18"
동양고등학교,7010965,2024-05-22,수,중식,540.0,치커리사과무침*,"5,6,13"
동양고등학교,7010965,2024-05-22,수,중식,540.0,잡채고로케,"1,2,5,6,15,16"
동양고등학교,7010965,2024-05-22,수,중식,540.0,깍두기*,9
동양고등학교,7010965,2024-05-22,수,중식,540.0,쁘띠첼,
동양고등학교,7010965,2024-05-23,목,중식,540.0,김가루주먹밥*,"1,2,5,6,9,13,16,18"
동양고등학교,7010965,2024-05-23,목,중식,540.0,깍둑단무지^^,
동양고등학교,7010965,2024-05-23,목,중식,540.0,등심돈까스*소스,"1,2,5,6,10,12,13,16,18"
동양고등학교,7010965,2024-05-23,목,중식,540.0,포기김치*,9
동양고등학교,7010965,2024-05-23,목,중식,540.0,꽃맛살샐러드^^,"1,5,6,8,12,13,18"
동양고등학교,7010965,2024-05-23,목,중식,540.0,얼큰잔치국수*,"1,5,6,9"
동양고등학교,7010965,2024-05-23,목,석식,270.0,보리밥*,
동양고등학교,7010965,2024-05-23,목,석식,270.0,안동찜닭*,"5,6,13,15,16,18"
동양고등학교,7010965,2024-05-23,목,석식,270.0,쫄면야채무침*,"3,5,6,13"
동양고등학교,7010965,2024-05-23,목,석식,270.0,깍두기*,9
동양고등학교,7010965,2024-05-23,목,석식,270.0,갈아만든배,13
동양고등학교,7010965,2024-05-23,목,석식,270.0,소고기우거지콩나물국,"5,6,9,13,16"
동양고등학교,7010965,2024-05-24,금,중식,540.0,갈릭베이컨볶음밥,"1,5,6,10,13,18"
동양고등학교,7010965,2024-05-24,금,중식,540.0,파스타샐러드,"1,2,5,6,12,13,16"
동양고등학교,7010965,2024-05-24,금,중식,540.0,동양앤쿡목살스테이크,"1,2,5,6,9,10,12,13,16,18"
동양고등학교,7010965,2024-05-24,금,중식,540.0,깍두기*,9
동양고등학교,7010965,2024-05-24,금,중식,540.0,얼라이브^^,13
동양고등학교,7010965,2024-05-24,금,중식,540.0,링파인애플,
동양고등학교,7010965,2024-05-24,금,석식,270.0,콩나물밥*양념장*,"5,6,10"
동양고등학교,7010965,2024-05-24,금,석식,270.0,삼색수제비국*,"5,6,9,18"
동양고등학교,7010965,2024-05-24,금,석식,270.0,도넛^^,"1,2,5,6"
동양고등학교,7010965,2024-05-24,금,석식,270.0,야채계란찜*,"1,9"
동양고등학교,7010965,2024-05-24,금,석식,270.0,갈릭만두강정,"1,2,5,6,10,12,13,16,18"
동양고등학교,7010965,2024-05-24,금,석식,270.0,깍두기*,9
동양고등학교,7010965,2024-05-27,월,중식,540.0,현미밥*,
동양고등학교,7010965,2024-05-27,월,중식,540.0,뼈없는감자탕*,"2,5,6,10,13,16"
동양고등학교,7010965,2024-05-27,월,중식,540.0,부추겉절이*,"5,6,13"
동양고등학교,7010965,2024-05-27,월,중식,540.0,김말이떡강정*,"1,5,6,12,13,16"
동양고등학교,7010965,2024-05-27,월,중식,540.0,석박지*,9
동양고등학교,7010965,2024-05-27,월,중식,540.0,매실주스,
동양고등학교,7010965,2024-05-27,월,석식,270.0,현미밥*,
동양고등학교,7010965,2024-05-27,월,석식,270.0,쇠고기무국*,"5,6,9,16"
동양고등학교,7010965,2024-05-27,월,석식,270.0,춘천닭갈비*,"2,5,6,12,13,15,16,18"
동양고등학교,7010965,2024-05-27,월,석식,270.0,콘치즈구이*,"1,2,5,6,8,10,13,15,16"
동양고등학교,7010965,2024-05-27,월,석식,270.0,포기김치*,9
동양고등학교,7010965,2024-05-27,월,석식,270.0,깻잎무쌈,
동양고등학교,7010965,2024-05-28,화,중식,540.0,보리밥*,
동양고등학교,7010965,2024-05-28,화,중식,540.0,얼갈이된장국*,"5,6,9"
동양고등학교,7010965,2024-05-28,화,중식,540.0,LA돼지갈비구이,"5,6,10,13,16,18"
동양고등학교,7010965,2024-05-28,화,중식,540.0,실곤약야채무침*,"5,6,13"
동양고등학교,7010965,2024-05-28,화,중식,540.0,해물파전*,"5,6,9,13,17"
동양고등학교,7010965,2024-05-28,화,중식,540.0,포기김치*,9
동양고등학교,7010965,2024-05-28,화,석식,270.0,고추참치볶음밥*,"5,9,12,13,16,18"
동양고등학교,7010965,2024-05-28,화,석식,270.0,부추계란국*,"1,9"
동양고등학교,7010965,2024-05-28,화,석식,270.0,콩나물무침*,5
동양고등학교,7010965,2024-05-28,화,석식,270.0,포기김치*,9
동양고등학교,7010965,2024-05-28,화,석식,270.0,뽕따,"1,2,5"
동양고등학교,7010965,2024-05-28,화,석식,270.0,칠리오징어볼,"1,5,6,12,13,17"
동양고등학교,7010965,2024-05-29,수,중식,540.0,추가밥,
동양고등학교,7010965,2024-05-29,수,중식,540.0,등촌st샤브샤브칼국수,"5,6,10,13,16"
동양고등학교,7010965,2024-05-29,수,중식,540.0,꽈리멸치볶음*,"5,6,13"
동양고등학교,7010965,2024-05-29,수,중식,540.0,군만두&미니간장^^,"1,5,6,10,16,18"
동양고등학교,7010965,2024-05-29,수,중식,540.0,포기김치*,9
동양고등학교,7010965,2024-05-29,수,중식,540.0,초코에몽,"1,2,5"
동양고등학교,7010965,2024-05-30,목,중식,540.0,현미밥*,
동양고등학교,7010965,2024-05-30,목,중식,540.0,육개장*,"1,2,5,6,9,16,18"
동양고등학교,7010965,2024-05-30,목,중식,540.0,수제닭다리살스테이크*파채소스,"5,6,12,13,15"
동양고등학교,7010965,2024-05-30,목,중식,540.0,깍두기*,9
동양고등학교,7010965,2024-05-30,목,중식,540.0,과일샐러드,"1,2,5,6,11,12"
동양고등학교,7010965,2024-05-30,목,중식,540.0,델몬트주스,"5,13"
동양고등학교,7010965,2024-05-30,목,석식,270.0,유부주먹밥,"1,2,5,6,9,10,13,16,18"
동양고등학교,7010965,2024-05-30,목,석식,270.0,냉모밀,"3,5,6,13,16"
동양고등학교,7010965,2024-05-30,목,석식,270.0,고구마치즈롤까스&소스^,"1,2,5,6,10,12,13,18"
동양고등학교,7010965,2024-05-30,목,석식,270.0,깍두기*,9
동양고등학교,7010965,2024-05-30,목,석식,270.0,레몬에이드,
동양고등학교,7010965,2024-05-30,목,석식,270.0,마카로니샐러드*,"1,5,6,13"
동양고등학교,7010965,2024-05-31,금,중식,540.0,참치주먹밥*,"1,2,5,6,9,13,16,18"
동양고등학교,7010965,2024-05-31,금,중식,540.0,소면*쭈꾸미불고기(大),"5,6,9,10,12,13,17,18"
동양고등학교,7010965,2024-05-31,금,중식,540.0,들깨다시마무채국^^,9
동양고등학교,7010965,2024-05-31,금,중식,540.0,부추오이무침*,"5,6,13"
동양고등학교,7010965,2024-05-31,금,중식,540.0,포기김치*,9
동양고등학교,7010965,2024-05-31,금,중식,540.0,요구르트*,2
동양고등학교,7010965,2024-05-31,금,석식,270.0,보리밥*,
동양고등학교,7010965,2024-05-31,금,석식,270.0,스팸김치찌개,"1,2,5,6,9,10,13,15,16"
동양고등학교,7010965,2024-05-31,금,석식,270.0,보쌈*쌈장,"5,6,10"
동양고등학교,7010965,2024-05-31,금,석식,270.0,진미채야채무침*,"5,6,13,17"
동양고등학교,7010965,2024-05-31,금,석식,270.0,깍두기*,9
동양고등학교,7010965,2024-05-31,금,석식,270.0,피크닉,13
동양고등학교,7010965,2024-06-03,월,중식,540.0,현미밥*,
동양고등학교,7010965,2024-06-03,월,중식,540.0,쇠고기미역국*,"5,6,9,16"
동양고등학교,7010965,2024-06-03,월,중식,540.0,동파육,"5,6,10,13,18"
동양고등학교,7010965,2024-06-03,월,중식,540.0,상추겉절이*,"5,6,13"
동양고등학교,7010965,2024-06-03,월,중식,540.0,어묵잡채*,"1,5,6,13,18"
동양고등학교,7010965,2024-06-03,월,중식,540.0,포기김치*,9
동양고등학교,7010965,2024-06-03,월,중식,540.0,이벤트케익,"1,2,5,6"
동양고등학교,7010965,2024-06-03,월,석식,260.0,스팸마요덮밥*,"1,2,5,6,10,13,15,16"
동양고등학교,7010965,2024-06-03,월,석식,260.0,돼지고기김치찌개*,"5,6,9,10"
동양고등학교,7010965,2024-06-03,월,석식,260.0,부추오이무침*,"5,6,13"
동양고등학교,7010965,2024-06-03,월,석식,260.0,포기김치*,9
동양고등학교,7010965,2024-06-03,월,석식,260.0,Dole하이주스,"2,13"
동양고등학교,7010965,2024-06-03,월,석식,260.0,케이준치킨샐러드*,"1,2,5,6,12,13,15,18"
동양고등학교,7010965,2024-06-04,화,중식,540.0,보리밥*,
동양고등학교,7010965,2024-06-04,화,중식,540.0,사골곰탕*소면,"2,5,6,13,16"
동양고등학교,7010965,2024-06-04,화,중식,540.0,떡갈비*파채겉절이,"5,6,10,13,15,16,18"
동양고등학교,7010965,2024-06-04,화,중식,540.0,청포묵김가루무침,
동양고등학교,7010965,2024-06-04,화,중식,540.0,석박지*,9
동양고등학교,7010965,2024-06-04,화,중식,540.0,요구르트*,2
동양고등학교,7010965,2024-06-04,화,석식,170.0,추가밥,
동양고등학교,7010965,2024-06-04,화,석식,170.0,짬짜면,"2,5,6,9,10,13,16,17,18"
동양고등학교,7010965,2024-06-04,화,석식,170.0,깍둑단무지^^,
동양고등학교,7010965,2024-06-04,화,석식,170.0,깐풍꿔바로우탕슉*,"1,4,5,6,10,12,13"
동양고등학교,7010965,2024-06-04,화,석식,170.0,포기김치*,9
동양고등학교,7010965,2024-06-04,화,석식,170.0,쌕쌕오렌지쥬스,
동양고등학교,7010965,2024-06-05,수,중식,540.0,김가루주먹밥*,"1,2,5,6,9,13,16,18"
동양고등학교,7010965,2024-06-05,수,중식,540.0,오복채무침^^,13
동양고등학교,7010965,2024-06-05,수,중식,540.0,신전st로제떡볶이,"1,2,5,6,10,13,15,16"
동양고등학교,7010965,2024-06-05,수,중식,540.0,치즈볼^^,"1,2,5,6"
동양고등학교,7010965,2024-06-05,수,중식,540.0,반마리옛날통닭,"5,6,12,13,15"
동양고등학교,7010965,2024-06-05,수,중식,540.0,포기김치*,9
동양고등학교,7010965,2024-06-05,수,중식,540.0,설레임,"1,2,5"
동양고등학교,7010965,2024-06-10,월,중식,540.0,김치콩나물국*,"5,9"
동양고등학교,7010965,2024-06-10,월,중식,540.0,부추겉절이*,"5,6,13"
동양고등학교,7010965,2024-06-10,월,중식,540.0,해물굴소스볶음밥^^,"1,2,5,6,9,13,16,17,18"
동양고등학교,7010965,2024-06-10,월,중식,540.0,오꼬노미어묵바,"1,5,6,13"
동양고등학교,7010965,2024-06-10,월,중식,540.0,깍두기*,9
동양고등학교,7010965,2024-06-10,월,중식,540.0,살구에이드,
동양고등학교,7010965,2024-06-10,월,석식,260.0,현미밥*,
동양고등학교,7010965,2024-06-10,월,석식,260.0,시래기된장국,"5,6,9"
동양고등학교,7010965,2024-06-10,월,석식,260.0,꽈리고추메추리알조림^^,"1,5,6,13"
동양고등학교,7010965,2024-06-10,월,석식,260.0,매운돼지갈비찜*,"5,6,10,13,18"
동양고등학교,7010965,2024-06-10,월,석식,260.0,포기김치*,9
동양고등학교,7010965,2024-06-10,월,석식,260.0,달콤새콤주스,13
동양고등학교,7010965,2024-06-11,화,중식,540.0,현미밥*,
동양고등학교,7010965,2024-06-11,화,중식,540.0,샤브샤브버섯매운탕,"5,6,9,16"
동양고등학교,7010965,2024-06-11,화,중식,540.0,안동찜닭*,"5,6,13,15,16,18"
동양고등학교,7010965,2024-06-11,화,중식,540.0,콩나물어묵조림,"1,5,6,12,13"
동양고등학교,7010965,2024-06-11,화,중식,540.0,양념깻잎지,"5,6"
동양고등학교,7010965,2024-06-11,화,중식,540.0,포기김치*,9
동양고등학교,7010965,2024-06-11,화,석식,260.0,보리밥*,
동양고등학교,7010965,2024-06-11,화,석식,260.0,해물짬뽕순두부*,"2,5,6,9,13,17,18"
동양고등학교,7010965,2024-06-11,화,석식,260.0,볶음김치*,"9,13"
동양고등학교,7010965,2024-06-11,화,석식,260.0,돌김자반^,5
동양고등학교,7010965,2024-06-11,화,석식,260.0,청양마요어니언치킨까스^,"1,2,5,6,15,18"
동양고등학교,7010965,2024-06-11,화,석식,260.0,몽쉘,"1,2,5,6"
동양고등학교,7010965,2024-06-12,수,중식,540.0,참치주먹밥*,"1,2,5,6,9,13,16,18"
동양고등학교,7010965,2024-06-12,수,중식,540.0,미트소스스파게티*,"1,2,5,6,9,10,12,13,15,16,18"
동양고등학교,7010965,2024-06-12,수,중식,540.0,웨지감자,"5,6"
동양고등학교,7010965,2024-06-12,수,중식,540.0,깍두기*,9
동양고등학교,7010965,2024-06-12,수,중식,540.0,매실주스,
동양고등학교,7010965,2024-06-12,수,중식,540.0,훈제오리또띠아,"1,2,5,6,13"
동양고등학교,7010965,2024-06-12,수,중식,540.0,오이피클(캔)^^,
동양고등학교,7010965,2024-06-13,목,중식,540.0,곤드레들기름묵은지밥^^,"5,6,9"
동양고등학교,7010965,2024-06-13,목,중식,540.0,호박된장국*,"5,6,9"
동양고등학교,7010965,2024-06-13,목,중식,540.0,돈사태떡찜*,"5,6,10,13,18"
동양고등학교,7010965,2024-06-13,목,중식,540.0,불닭팽이버섯^,"5,6,13"
동양고등학교,7010965,2024-06-13,목,중식,540.0,깍두기*,9
동양고등학교,7010965,2024-06-13,목,중식,540.0,빠삐코초코,"1,2,5"
동양고등학교,7010965,2024-06-13,목,석식,260.0,나시고랭주먹밥,"1,5,6,13,15,16"
동양고등학교,7010965,2024-06-13,목,석식,260.0,베트남쌀국수,"2,5,6,9,13,16"
동양고등학교,7010965,2024-06-13,목,석식,260.0,양파부추절임(참소스)^,"5,6,13"
동양고등학교,7010965,2024-06-13,목,석식,260.0,춘권&스위트칠리소스^^,"1,5,6,10,12,13,16,18"
동양고등학교,7010965,2024-06-13,목,석식,260.0,포기김치*,9
동양고등학교,7010965,2024-06-13,목,석식,260.0,비피더스,2
동양고등학교,7010965,2024-06-14,금,중식,540.0,중화제육덮밥,"1,5,6,10,13"
동양고등학교,7010965,2024-06-14,금,중식,540.0,어묵국*,"1,5,6,9"
동양고등학교,7010965,2024-06-14,금,중식,540.0,닭다리오븐구이*,"5,6,12,13,15"
동양고등학교,7010965,2024-06-14,금,중식,540.0,깍두기*,9
동양고등학교,7010965,2024-06-14,금,중식,540.0,파워에이드,12
동양고등학교,7010965,2024-06-14,금,중식,540.0,멕시칸샐러드,"1,2,5,6,10,12,13,15,16"
동양고등학교,7010965,2024-06-14,금,석식,260.0,보리밥*,
동양고등학교,7010965,2024-06-14,금,석식,260.0,얼큰돼지국밥,"5,6,9,10,13,16"
동양고등학교,7010965,2024-06-14,금,석식,260.0,부추오이무침*,"5,6,13"
동양고등학교,7010965,2024-06-14,금,석식,260.0,에그랑땡*케찹,"1,2,5,6,10,12,15,16"
동양고등학교,7010965,2024-06-14,금,석식,260.0,석박지*,9
동양고등학교,7010965,2024-06-14,금,석식,260.0,아이스슈,"1,2,5,6"
동양고등학교,7010965,2024-06-17,월,중식,540.0,카레라이스*,"2,5,6,10,12,13,16,18"
동양고등학교,7010965,2024-06-17,월,중식,540.0,백미밥*,
동양고등학교,7010965,2024-06-17,월,중식,540.0,바베큐등갈비조림,"1,2,5,6,10,12,13"
동양고등학교,7010965,2024-06-17,월,중식,540.0,진미채야채무침*,"5,6,13,17"
동양고등학교,7010965,2024-06-17,월,중식,540.0,포기김치*,9
동양고등학교,7010965,2024-06-17,월,중식,540.0,딸기우유,2
동양고등학교,7010965,2024-06-17,월,석식,260.0,매콤잡채덮밥*,"5,6,9,10,13,17,18"
동양고등학교,7010965,2024-06-17,월,석식,260.0,콩나물국*,"5,6,9"
동양고등학교,7010965,2024-06-17,월,석식,260.0,얼갈이된장무침*,"5,6"
동양고등학교,7010965,2024-06-17,월,석식,260.0,스틱돈카츠강정,"1,2,5,6,10,12,13"
동양고등학교,7010965,2024-06-17,월,석식,260.0,깍두기*,9
동양고등학교,7010965,2024-06-17,월,석식,260.0,감귤주스^,13
동양고등학교,7010965,2024-06-18,화,중식,540.0,현미밥*,
동양고등학교,7010965,2024-06-18,화,중식,540.0,육개장*,"1,2,5,6,9,16,18"
동양고등학교,7010965,2024-06-18,화,중식,540.0,야채계란찜*,"1,9"
동양고등학교,7010965,2024-06-18,화,중식,540.0,참나물샐러드,"5,6,13"
동양고등학교,7010965,2024-06-18,화,중식,540.0,순대깻잎볶음*,"2,5,6,10,13,16"
동양고등학교,7010965,2024-06-18,화,중식,540.0,포기김치*,9
동양고등학교,7010965,2024-06-18,화,석식,260.0,찜닭비빔덮밥,"5,6,13,15"
동양고등학교,7010965,2024-06-18,화,석식,260.0,부추계란국*,"1,9"
동양고등학교,7010965,2024-06-18,화,석식,260.0,양념깻잎지,"5,6"
동양고등학교,7010965,2024-06-18,화,석식,260.0,소떡소떡,"1,2,5,6,12,13"
동양고등학교,7010965,2024-06-18,화,석식,260.0,포기김치*,9
동양고등학교,7010965,2024-06-18,화,석식,260.0,쥬시쿨*,"11,12"
동양고등학교,7010965,2024-06-19,수,중식,540.0,멸치주먹밥*,"1,2,5,6,9,13,16,18"
동양고등학교,7010965,2024-06-19,수,중식,540.0,망향비빔국수,"16,5,6,9,13"
동양고등학교,7010965,2024-06-19,수,중식,540.0,아삭고추된장무침*,"5,6,13"
동양고등학교,7010965,2024-06-19,수,중식,540.0,바싹돼지양념구이,"5,6,13,10"
동양고등학교,7010965,2024-06-19,수,중식,540.0,깍두기*,9
동양고등학교,7010965,2024-06-19,수,중식,540.0,코코팜,
동양고등학교,7010965,2024-06-20,목,중식,540.0,햄김치볶음밥*,"1,2,5,6,9,10,13,15,16"
동양고등학교,7010965,2024-06-20,목,중식,540.0,유부된장국*,"5,6,9"
동양고등학교,7010965,2024-06-20,목,중식,540.0,간장양념치킨,"1,2,5,6,12,13,15,16,18"
동양고등학교,7010965,2024-06-20,목,중식,540.0,깍두기*,9
동양고등학교,7010965,2024-06-20,목,중식,540.0,카프리썬,13
동양고등학교,7010965,2024-06-20,목,중식,540.0,코울슬로,"1,5,13"
동양고등학교,7010965,2024-06-20,목,석식,260.0,백미밥*,
동양고등학교,7010965,2024-06-20,목,석식,260.0,소갈비탕,"1,5,16"
동양고등학교,7010965,2024-06-20,목,석식,260.0,부추겉절이*,"5,6,13"
동양고등학교,7010965,2024-06-20,목,석식,260.0,사각어묵볶음*,"1,5,6"
동양고등학교,7010965,2024-06-20,목,석식,260.0,메밀김치전병*,"2,3,5,6,16,18"
동양고등학교,7010965,2024-06-20,목,석식,260.0,석박지*,9
동양고등학교,7010965,2024-06-21,금,중식,540.0,현미밥*,
동양고등학교,7010965,2024-06-21,금,중식,540.0,얼큰만두전골,"1,5,6,9,10,16,18"
동양고등학교,7010965,2024-06-21,금,중식,540.0,오이무침*,"5,6,13"
동양고등학교,7010965,2024-06-21,금,중식,540.0,꽈리멸치볶음*,"5,6,13"
동양고등학교,7010965,2024-06-21,금,중식,540.0,데리야끼갈릭미트볼,"1,2,5,6,10,12,13,15,16"
동양고등학교,7010965,2024-06-21,금,중식,540.0,깍두기*,9
동양고등학교,7010965,2024-06-21,금,석식,260.0,참치김치볶음밥,"1,2,5,6,9,13,16,18"
동양고등학교,7010965,2024-06-21,금,석식,260.0,김치어묵우동*,"1,2,5,6,7,9,13,18"
동양고등학교,7010965,2024-06-21,금,석식,260.0,꼬들단무지무침,
동양고등학교,7010965,2024-06-21,금,석식,260.0,김말이튀김,"1,5,6,10,16"
동양고등학교,7010965,2024-06-21,금,석식,260.0,깍두기*,9
동양고등학교,7010965,2024-06-21,금,석식,260.0,빅썬,13
동양고등학교,7010965,2024-06-24,월,중식,540.0,보리밥*,
동양고등학교,7010965,2024-06-24,월,중식,540.0,소고기된장찌개,"5,6,9,16"
동양고등학교,7010965,2024-06-24,월,중식,540.0,볼어묵간장조림*,"1,5,6,13"
동양고등학교,7010965,2024-06-24,월,중식,540.0,치커리사과무침*,"5,6,13"
동양고등학교,7010965,2024-06-24,월,중식,540.0,춘천닭갈비*,"2,5,6,12,13,15,16,18"
동양고등학교,7010965,2024-06-24,월,중식,540.0,포기김치*,9
동양고등학교,7010965,2024-06-24,월,석식,260.0,현미밥*,
동양고등학교,7010965,2024-06-24,월,석식,260.0,부대찌개*,"1,2,5,6,9,10,12,13,15,16"
동양고등학교,7010965,2024-06-24,월,석식,260.0,양배추부추겨자무침,"5,6,13"
동양고등학교,7010965,2024-06-24,월,석식,260.0,진미채고추장볶음*,"5,6,13,17"
동양고등학교,7010965,2024-06-24,월,석식,260.0,너비아니구이,"1,5,6,10,13,16,18"
동양고등학교,7010965,2024-06-24,월,석식,260.0,깍두기*,9
동양고등학교,7010965,2024-06-24,월,석식,260.0,요플레,2
동양고등학교,7010965,2024-06-25,화,중식,540.0,보리밥*,
동양고등학교,7010965,2024-06-25,화,중식,540.0,쇠고기무국*,"5,6,9,16"
동양고등학교,7010965,2024-06-25,화,중식,540.0,제육볶음*,"5,6,10,13"
동양고등학교,7010965,2024-06-25,화,중식,540.0,미역줄기맛살볶음*,"1,5,6,8"
동양고등학교,7010965,2024-06-25,화,중식,540.0,오븐팽이버섯계란전,"1,12"
동양고등학교,7010965,2024-06-25,화,중식,540.0,포기김치*,9
동양고등학교,7010965,2024-06-25,화,석식,260.0,보리밥*,
동양고등학교,7010965,2024-06-25,화,석식,260.0,크림스프*,"2,5,6,13,16"
동양고등학교,7010965,2024-06-25,화,석식,260.0,볶음김치*,"9,13"
동양고등학교,7010965,2024-06-25,화,석식,260.0,등심돈까스(100)&소스^,"1,5,6,10,12,13,18"
동양고등학교,7010965,2024-06-25,화,석식,260.0,모닝빵*딸기쨈,"1,2,5,6,13"
동양고등학교,7010965,2024-06-25,화,석식,260.0,양배추케찹마요샐러드,"1,5,12,13"
동양고등학교,7010965,2024-06-26,수,중식,540.0,소고기할라피뇨주먹밥,"1,2,5,6,13,16,18"
동양고등학교,7010965,2024-06-26,수,중식,540.0,해물볶음짬뽕,"2,5,6,9,13,17,18"
동양고등학교,7010965,2024-06-26,수,중식,540.0,파채겉절이,"5,6,13"
동양고등학교,7010965,2024-06-26,수,중식,540.0,탕수육*소스*,"1,5,6,10,11,12,13"
동양고등학교,7010965,2024-06-26,수,중식,540.0,깍두기*,9
동양고등학교,7010965,2024-06-26,수,중식,540.0,포도봉봉,13
동양고등학교,7010965,2024-06-27,목,중식,540.0,보리밥*,
동양고등학교,7010965,2024-06-27,목,중식,540.0,뼈없는감자탕*,"2,5,6,10,13,16"
동양고등학교,7010965,2024-06-27,목,중식,540.0,실곤약야채무침*,"5,6,13"
동양고등학교,7010965,2024-06-27,목,중식,540.0,생선까스*스리랏차소스,"1,5,6,13"
동양고등학교,7010965,2024-06-27,목,중식,540.0,석박지*,9
동양고등학교,7010965,2024-06-27,목,중식,540.0,애플망고주스^^,13
동양고등학교,7010965,2024-06-27,목,석식,260.0,대패삼겹쌈장비빔밥,"5,6,10,13"
동양고등학교,7010965,2024-06-27,목,석식,260.0,부추계란국*,"1,9"
동양고등학교,7010965,2024-06-27,목,석식,260.0,핫도그,"1,2,5,6,10,12,13,16"
동양고등학교,7010965,2024-06-27,목,석식,260.0,콘치즈구이*,"1,2,5,6,8,10,13,15,16"
동양고등학교,7010965,2024-06-27,목,석식,260.0,포기김치*,9
동양고등학교,7010965,2024-06-27,목,석식,260.0,피크닉,13
동양고등학교,7010965,2024-06-28,금,중식,540.0,보리밥*,
동양고등학교,7010965,2024-06-28,금,중식,540.0,스팸김치찌개,"1,2,5,6,9,10,13,15,16"
동양고등학교,7010965,2024-06-28,금,중식,540.0,탕평채*,16
동양고등학교,7010965,2024-06-28,금,중식,540.0,숯불이닭떡강정,"1,5,6,10,12,13,15"
동양고등학교,7010965,2024-06-28,금,중식,540.0,깍두기*,9
동양고등학교,7010965,2024-06-28,금,중식,540.0,깻잎무쌈,
동양고등학교,7010965,2024-06-28,금,석식,260.0,유부주먹밥,"1,2,5,6,9,10,13,16,18"
동양고등학교,7010965,2024-06-28,금,석식,260.0,냉모밀,"3,5,6,13,16"
동양고등학교,7010965,2024-06-28,금,석식,260.0,갈비만두,"1,5,6,10,16,18"
동양고등학교,7010965,2024-06-28,금,석식,260.0,오이지무침^^,"5,6"
동양고등학교,7010965,2024-06-28,금,석식,260.0,깍두기*,9
동양고등학교,7010965,2024-06-28,금,석식,260.0,빨미까레(패스츄리),"1,2,5,6"
동양고등학교,7010965,2024-07-05,금,중식,540.0,김가루주먹밥*,"1,2,5,6,9,13,16,18"
동양고등학교,7010965,2024-07-05,금,중식,540.0,소갈비국수,"5,6,9,16"
동양고등학교,7010965,2024-07-05,금,중식,540.0,참나물샐러드,"5,6,13"
동양고등학교,7010965,2024-07-05,금,중식,540.0,호밍스바삭고기만두,"1,5,6,10,16,18"
동양고등학교,7010965,2024-07-05,금,중식,540.0,포기김치*,9
동양고등학교,7010965,2024-07-05,금,중식,540.0,동글동글한라봉주스,13
동양고등학교,7010965,2024-07-05,금,석식,220.0,현미밥*,
동양고등학교,7010965,2024-07-05,금,석식,220.0,김치콩나물국*,"5,9"
동양고등학교,7010965,2024-07-05,금,석식,220.0,LA돼지갈비구이,"5,6,10,13,16,18"
동양고등학교,7010965,2024-07-05,금,석식,220.0,쫄면야채무침*,"3,5,6,13"
동양고등학교,7010965,2024-07-05,금,석식,220.0,깍두기*,9
동양고등학교,7010965,2024-07-05,금,석식,220.0,요구르트*,2
동양고등학교,7010965,2024-07-08,월,중식,540.0,현미밥*,
동양고등학교,7010965,2024-07-08,월,중식,540.0,소고기된장찌개,"5,6,9,16"
동양고등학교,7010965,2024-07-08,월,중식,540.0,매콤닭볶음,"2,5,6,12,13,15,16,18"
동양고등학교,7010965,2024-07-08,월,중식,540.0,탕평채*,16
동양고등학교,7010965,2024-07-08,월,중식,540.0,포기김치*,9
동양고등학교,7010965,2024-07-08,월,중식,540.0,타코야끼*,"1,2,5,6,13"
동양고등학교,7010965,2024-07-08,월,석식,230.0,팟카파오무쌉(태국식덮밥),"5,6,10,13,18"
동양고등학교,7010965,2024-07-08,월,석식,230.0,어묵국*,"1,5,6,9"
동양고등학교,7010965,2024-07-08,월,석식,230.0,마카로니샐러드^^,"1,2,5,6,13"
동양고등학교,7010965,2024-07-08,월,석식,230.0,크리스피돈강정,"1,5,6,10,13"
동양고등학교,7010965,2024-07-08,월,석식,230.0,깍두기*,9
동양고등학교,7010965,2024-07-08,월,석식,230.0,샤인머스켓음료^^,
동양고등학교,7010965,2024-07-09,화,중식,540.0,보리밥*,
동양고등학교,7010965,2024-07-09,화,중식,540.0,들깨미역국*,"9,16"
동양고등학교,7010965,2024-07-09,화,중식,540.0,등갈비김치찜,"5,6,9,10,13"
동양고등학교,7010965,2024-07-09,화,중식,540.0,콩나물해파리냉채,"1,5,6,8,13"
동양고등학교,7010965,2024-07-09,화,중식,540.0,어묵잡채*,"1,5,6,13,18"
동양고등학교,7010965,2024-07-09,화,중식,540.0,깍두기*,9
동양고등학교,7010965,2024-07-09,화,중식,540.0,이벤트케익,"1,2,5,6"
동양고등학교,7010965,2024-07-09,화,석식,230.0,고추참치볶음밥*,"5,9,12,13,16,18"
동양고등학교,7010965,2024-07-09,화,석식,230.0,두부맑은국^^,"5,9"
동양고등학교,7010965,2024-07-09,화,석식,230.0,사과오이초무침,13
동양고등학교,7010965,2024-07-09,화,석식,230.0,더블치즈스테이크*소스,"1,2,5,6,10,12,13,15,16,18"
동양고등학교,7010965,2024-07-09,화,석식,230.0,깍두기*,9
동양고등학교,7010965,2024-07-09,화,석식,230.0,감귤주스^,13
동양고등학교,7010965,2024-07-10,수,중식,540.0,야채계란볶음밥*,"1,2,5,6,9,13,16,18"
동양고등학교,7010965,2024-07-10,수,중식,540.0,마라탕,"1,2,5,6,10,15,16,18"
동양고등학교,7010965,2024-07-10,수,중식,540.0,깍둑단무지^^,
동양고등학교,7010965,2024-07-10,수,중식,540.0,유린기,"1,5,6,10,12,13,15,18"
동양고등학교,7010965,2024-07-10,수,중식,540.0,포기김치*,9
동양고등학교,7010965,2024-07-10,수,중식,540.0,미닛메이드*,13
동양고등학교,7010965,2024-07-11,목,중식,540.0,현미밥*,
동양고등학교,7010965,2024-07-11,목,중식,540.0,얼갈이된장국*,"5,6,9"
동양고등학교,7010965,2024-07-11,목,중식,540.0,대패삼겹살숙주볶음,"5,6,10,13,18"
동양고등학교,7010965,2024-07-11,목,중식,540.0,콘치즈구이*,"1,2,5,6,8,10,13,15,16"
동양고등학교,7010965,2024-07-11,목,중식,540.0,포기김치*,9
동양고등학교,7010965,2024-07-11,목,중식,540.0,깻잎무쌈,
동양고등학교,7010965,2024-07-11,목,석식,140.0,동양스밥버거,"1,2,5,6,9,13,16,18"
동양고등학교,7010965,2024-07-11,목,석식,140.0,유부쫄우동,"1,2,5,6,7,8,9,13,18"
동양고등학교,7010965,2024-07-11,목,석식,140.0,치커리토마토유자청무침^^,"12,13"
동양고등학교,7010965,2024-07-11,목,석식,140.0,잡채고로케,"1,2,5,6,15,16"
동양고등학교,7010965,2024-07-11,목,석식,140.0,깍두기*,9
동양고등학교,7010965,2024-07-11,목,석식,140.0,"파스퇴르우유(바나나,딸기)","2,13"
동양고등학교,7010965,2024-07-12,금,중식,540.0,현미밥*,
동양고등학교,7010965,2024-07-12,금,중식,540.0,얼큰수제비,"5,6,9,13,17,18"
동양고등학교,7010965,2024-07-12,금,중식,540.0,훈제오리야채볶음,"5,6,13,18"
동양고등학교,7010965,2024-07-12,금,중식,540.0,부추겉절이*,"5,6,13"
동양고등학교,7010965,2024-07-12,금,중식,540.0,마늘쫑어묵볶음*,"1,5,6"
동양고등학교,7010965,2024-07-12,금,중식,540.0,포기김치*,9
동양고등학교,7010965,2024-07-12,금,석식,230.0,카레라이스*,"2,5,6,10,12,13,16,18"
동양고등학교,7010965,2024-07-12,금,석식,230.0,백미밥*,
동양고등학교,7010965,2024-07-12,금,석식,230.0,진미채야채무침*,"5,6,13,17"
동양고등학교,7010965,2024-07-12,금,석식,230.0,고추잡채누들떡볶이,"1,5,6,10,12,13,18"
동양고등학교,7010965,2024-07-12,금,석식,230.0,포기김치*,9
동양고등학교,7010965,2024-07-12,금,석식,230.0,캔디바아이스크림,"1,2,5"
동양고등학교,7010965,2024-07-15,월,중식,540.0,현미밥*,
동양고등학교,7010965,2024-07-15,월,중식,540.0,반계한방삼계탕,"1,2,5,6,13,15,16"
동양고등학교,7010965,2024-07-15,월,중식,540.0,오이무침*,"5,6,13"
동양고등학교,7010965,2024-07-15,월,중식,540.0,깻잎김치전(크게),"1,5,6,9,17"
동양고등학교,7010965,2024-07-15,월,중식,540.0,석박지*,9
동양고등학교,7010965,2024-07-15,월,중식,540.0,수박*,
동양고등학교,7010965,2024-07-15,월,석식,230.0,추가밥,
동양고등학교,7010965,2024-07-15,월,석식,230.0,매콤투움바파스타,"1,2,5,6,10,13,16,18"
동양고등학교,7010965,2024-07-15,월,석식,230.0,오지치즈후렌치후라이,"1,2,5,6,10,12,13,15,16"
동양고등학교,7010965,2024-07-15,월,석식,230.0,깍두기*,9
동양고등학교,7010965,2024-07-15,월,석식,230.0,4쪽마늘빵,"2,5,6"
동양고등학교,7010965,2024-07-15,월,석식,230.0,포도쥬스*,13
동양고등학교,7010965,2024-07-16,화,중식,540.0,보리밥*,
동양고등학교,7010965,2024-07-16,화,중식,540.0,부대찌개*,"1,2,5,6,9,10,12,13,15,16"
동양고등학교,7010965,2024-07-16,화,중식,540.0,진미채야채무침*,"5,6,13,17"
동양고등학교,7010965,2024-07-16,화,중식,540.0,등심돈까스(100)&소스^,"1,2,5,6,10,12,13,16,18"
동양고등학교,7010965,2024-07-16,화,중식,540.0,깍두기*,9
동양고등학교,7010965,2024-07-16,화,중식,540.0,청포도에이드,
동양고등학교,7010965,2024-07-16,화,석식,230.0,보리밥*,
동양고등학교,7010965,2024-07-16,화,석식,230.0,떡만두국^^,"1,2,5,6,9,10,13,16,18"
동양고등학교,7010965,2024-07-16,화,석식,230.0,돈육메추리알조림^^,"1,5,6,10,13,18"
동양고등학교,7010965,2024-07-16,화,석식,230.0,도토리묵야채무침*,"5,6,13"
동양고등학교,7010965,2024-07-16,화,석식,230.0,포기김치*,9
동양고등학교,7010965,2024-07-16,화,석식,230.0,콘아이스크림,"1,2,4,5,6"
동양고등학교,7010965,2024-07-17,수,중식,540.0,유부주먹밥,"1,2,5,6,9,10,13,16,18"
동양고등학교,7010965,2024-07-17,수,중식,540.0,김치말이냉국수*,"1,3,5,6,9,13,16"
동양고등학교,7010965,2024-07-17,수,중식,540.0,마늘쫑장아찌,
동양고등학교,7010965,2024-07-17,수,중식,540.0,순살파닭*,"1,2,5,6,12,13,15"
동양고등학교,7010965,2024-07-17,수,중식,540.0,깍두기*,9
동양고등학교,7010965,2024-07-17,수,중식,540.0,초코파이,"1,2,5,6"
동양고등학교,7010965,2024-07-18,목,중식,540.0,현미밥*,
동양고등학교,7010965,2024-07-18,목,중식,540.0,시락국^^,"5,6,9"
동양고등학교,7010965,2024-07-18,목,중식,540.0,야채계란찜*,"1,9"
동양고등학교,7010965,2024-07-18,목,중식,540.0,콩나물김가루무침,5
동양고등학교,7010965,2024-07-18,목,중식,540.0,제육볶음*,"5,6,10,13"
동양고등학교,7010965,2024-07-18,목,중식,540.0,포기김치*,9
동양고등학교,7010965,2024-07-18,목,석식,230.0,찜닭비빔덮밥,"5,6,13,15"
동양고등학교,7010965,2024-07-18,목,석식,230.0,순두부김치국*,"5,9"
동양고등학교,7010965,2024-07-18,목,석식,230.0,짬뽕군만두,"1,5,6,10,16,18"
동양고등학교,7010965,2024-07-18,목,석식,230.0,양념깻잎지,"5,6"
동양고등학교,7010965,2024-07-18,목,석식,230.0,깍두기*,9
동양고등학교,7010965,2024-07-18,목,석식,230.0,요플레,2
동양고등학교,7010965,2024-07-19,금,중식,540.0,보리밥*,
동양고등학교,7010965,2024-07-19,금,중식,540.0,경상도식쇠고기무국^^,"5,6,9,16"
동양고등학교,7010965,2024-07-19,금,중식,540.0,파채겉절이,"5,6,13"
동양고등학교,7010965,2024-07-19,금,중식,540.0,마늘삼겹살(한입)*,"5,6,10"
동양고등학교,7010965,2024-07-19,금,중식,540.0,포기김치*,9
동양고등학교,7010965,2024-07-19,금,중식,540.0,갈아만든배,13
동양고등학교,7010965,2024-07-19,금,석식,220.0,보리밥*,
동양고등학교,7010965,2024-07-19,금,석식,220.0,샤브샤브버섯매운탕,"5,6,9,16"
동양고등학교,7010965,2024-07-19,금,석식,220.0,언양식바싹불고기*부추겨자무침,"1,2,5,6,10,12,13,15,16"
동양고등학교,7010965,2024-07-19,금,석식,220.0,깍두기*,9
동양고등학교,7010965,2024-07-19,금,석식,220.0,왕포도알아이스크림,"1,2,5"
동양고등학교,7010965,2024-07-19,금,석식,220.0,도시락김,
동양고등학교,7010965,2024-07-23,화,중식,160.0,보리밥*,
동양고등학교,7010965,2024-07-23,화,중식,160.0,스팸김치찌개,"1,2,5,6,9,10,13,15,16"
동양고등학교,7010965,2024-07-23,화,중식,160.0,족발수육,"5,6,10,13,18"
동양고등학교,7010965,2024-07-23,화,중식,160.0,치커리사과무침*,"5,6,13"
동양고등학교,7010965,2024-07-23,화,중식,160.0,포기김치*,9
동양고등학교,7010965,2024-07-23,화,중식,160.0,매실주스,
동양고등학교,7010965,2024-07-24,수,중식,160.0,추가밥,
동양고등학교,7010965,2024-07-24,수,중식,160.0,불고기치아바타샌드위치,"1,2,5,6"
동양고등학교,7010965,2024-07-24,수,중식,160.0,비빔국수(주)*,"3,5,6,9"
동양고등학교,7010965,2024-07-24,수,중식,160.0,김말이튀김,"1,5,6,10,16"
동양고등학교,7010965,2024-07-24,수,중식,160.0,깍두기*,9
동양고등학교,7010965,2024-07-24,수,중식,160.0,달콤새콤주스,13
동양고등학교,7010965,2024-07-25,목,중식,160.0,백미밥*,
동양고등학교,7010965,2024-07-25,목,중식,160.0,뼈없는감자탕*,"2,5,6,10,13,16"
동양고등학교,7010965,2024-07-25,목,중식,160.0,볼어묵간장조림*,"1,5,6,13"
동양고등학교,7010965,2024-07-25,목,중식,160.0,부추겉절이*,"5,6,13"
동양고등학교,7010965,2024-07-25,목,중식,160.0,순대깻잎볶음*,"2,5,6,10,13,16"
동양고등학교,7010965,2024-07-25,목,중식,160.0,석박지*,9
동양고등학교,7010965,2024-07-25,목,중식,160.0,피크닉,13
동양고등학교,7010965,2024-07-26,금,중식,160.0,후리가케주먹밥,"1,2,5,6,9,13,16,18"
동양고등학교,7010965,2024-07-26,금,중식,160.0,닭가슴살가라아게냉우동,"1,2,3,5,6,13,15"
동양고등학교,7010965,2024-07-26,금,중식,160.0,무말랭이무침^^,"5,6,13"
동양고등학교,7010965,2024-07-26,금,중식,160.0,콘치즈구이*,"1,2,5,6,8,10,13,15,16"
동양고등학교,7010965,2024-07-26,금,중식,160.0,포기김치*,9
동양고등학교,7010965,2024-07-26,금,중식,160.0,뽕따,"1,2,5"
동양고등학교,7010965,2024-07-29,월,중식,160.0,장조림버터비빔밥^^,"1,2,5,6,10,13"
동양고등학교,7010965,2024-07-29,월,중식,160.0,김치콩나물국*,"5,9"
동양고등학교,7010965,2024-07-29,월,중식,160.0,실곤약야채무침*,"5,6,13"
동양고등학교,7010965,2024-07-29,월,중식,160.0,올반찰핫도그,"1,2,5,6,10,12,16"
동양고등학교,7010965,2024-07-29,월,중식,160.0,포기김치*,9
동양고등학교,7010965,2024-07-29,월,중식,160.0,플리또주스,13
동양고등학교,7010965,2024-07-30,화,중식,160.0,중화제육덮밥,"5,6,10,13"
동양고등학교,7010965,2024-07-30,화,중식,160.0,호박된장국*,"5,6,9"
동양고등학교,7010965,2024-07-30,화,중식,160.0,마늘쫑장아찌,
동양고등학교,7010965,2024-07-30,화,중식,160.0,깍두기*,9
동양고등학교,7010965,2024-07-30,화,중식,160.0,몽쉘,"1,2,5,6"
동양고등학교,7010965,2024-07-30,화,중식,160.0,케이준치킨샐러드*,"18,1,2,5,6,12,13,15"
동양고등학교,7010965,2024-07-31,수,중식,160.0,소고기할라피뇨주먹밥,"1,2,5,6,13,16,18"
동양고등학교,7010965,2024-07-31,수,중식,160.0,불고기크림파스타*,"1,2,5,6,13,16"
동양고등학교,7010965,2024-07-31,수,중식,160.0,데리야끼갈릭미트볼,"1,2,5,6,10,12,13,15,16"
동양고등학교,7010965,2024-07-31,수,중식,160.0,깍두기*,9
동양고등학교,7010965,2024-07-31,수,중식,160.0,쌕쌕오렌지쥬스,
동양고등학교,7010965,2024-07-31,수,중식,160.0,오이피클(캔)^^,
동양고등학교,7010965,2024-08-01,목,중식,160.0,백미밥*,
동양고등학교,7010965,2024-08-01,목,중식,160.0,쇠고기미역국*,"5,6,9,16"
동양고등학교,7010965,2024-08-01,목,중식,160.0,매콤닭볶음,"2,5,6,12,13,15,16,18"
동양고등학교,7010965,2024-08-01,목,중식,160.0,야채계란찜*,"1,9"
동양고등학교,7010965,2024-08-01,목,중식,160.0,부추무생채*,"5,6,13"
동양고등학교,7010965,2024-08-01,목,중식,160.0,포기김치*,9
동양고등학교,7010965,2024-08-01,목,중식,160.0,쥬시쿨*,"11,12"
동양고등학교,7010965,2024-08-02,금,중식,160.0,추가밥,
동양고등학교,7010965,2024-08-02,금,중식,160.0,짬짜면,"2,5,6,9,10,13,16,17,18"
동양고등학교,7010965,2024-08-02,금,중식,160.0,깍둑단무지^^,
동양고등학교,7010965,2024-08-02,금,중식,160.0,목화솜탕수육*소스*,"1,5,6,10,11,12,13"
동양고등학교,7010965,2024-08-02,금,중식,160.0,포기김치*,9
동양고등학교,7010965,2024-08-02,금,중식,160.0,탱크보이,2
동양고등학교,7010965,2024-08-05,월,중식,160.0,햄계란주먹밥,"1,2,5,6,10,15,16"
동양고등학교,7010965,2024-08-05,월,중식,160.0,얼큰잔치국수*,"1,5,6,9"
동양고등학교,7010965,2024-08-05,월,중식,160.0,오이무침*,"5,6,13"
동양고등학교,7010965,2024-08-05,월,중식,160.0,등심돈까스*소스,"1,2,5,6,10,12,13,16,18"
동양고등학교,7010965,2024-08-05,월,중식,160.0,깍두기*,9
동양고등학교,7010965,2024-08-05,월,중식,160.0,토레타^^,
동양고등학교,7010965,2024-08-06,화,중식,160.0,김치치즈볶음밥*,"1,2,5,6,9,10,13,15,16"
동양고등학교,7010965,2024-08-06,화,중식,160.0,유부된장국*,"5,6,9"
동양고등학교,7010965,2024-08-06,화,중식,160.0,닭다리오븐구이*,"5,6,12,13,15"
동양고등학교,7010965,2024-08-06,화,중식,160.0,깍두기*,9
동양고등학교,7010965,2024-08-06,화,중식,160.0,요구르트,"1,2,5"
동양고등학교,7010965,2024-08-06,화,중식,160.0,코울슬로,"1,5,13"
동양고등학교,7010965,2024-08-07,수,중식,160.0,참치주먹밥*,"1,2,5,6,9,13,16,18"
동양고등학교,7010965,2024-08-07,수,중식,160.0,불닭볶음우동,"5,6,13,15,18"
동양고등학교,7010965,2024-08-07,수,중식,160.0,단무지깻잎무침^^,
동양고등학교,7010965,2024-08-07,수,중식,160.0,스틱돈카츠강정,"1,2,5,6,10,12,13"
동양고등학교,7010965,2024-08-07,수,중식,160.0,포기김치*,9
동양고등학교,7010965,2024-08-07,수,중식,160.0,수박화채*,"2,11,12"
동양고등학교,7010965,2024-08-19,월,중식,540.0,보리밥*,
동양고등학교,7010965,2024-08-19,월,중식,540.0,쇠고기미역국*,"5,6,9,16"
동양고등학교,7010965,2024-08-19,월,중식,540.0,동파육,"5,6,10,13,18"
동양고등학교,7010965,2024-08-19,월,중식,540.0,매콤잡채,"1,5,6,9,13,17,18"
동양고등학교,7010965,2024-08-19,월,중식,540.0,청경채나물,"5,6"
동양고등학교,7010965,2024-08-19,월,중식,540.0,깍두기*,9
동양고등학교,7010965,2024-08-19,월,중식,540.0,이벤트케익,"1,2,5,6"
동양고등학교,7010965,2024-08-19,월,석식,230.0,백미밥*,
동양고등학교,7010965,2024-08-19,월,석식,230.0,육개장*,"1,2,5,6,9,16,18"
동양고등학교,7010965,2024-08-19,월,석식,230.0,쥐어채볶음*,13
동양고등학교,7010965,2024-08-19,월,석식,230.0,직화떡갈비*소스,"15,16,18,1,2,5,6,10,12,13"
동양고등학교,7010965,2024-08-19,월,석식,230.0,포기김치*,9
동양고등학교,7010965,2024-08-19,월,석식,230.0,스위풀오렌지주스,13
동양고등학교,7010965,2024-08-20,화,중식,540.0,추가밥,
동양고등학교,7010965,2024-08-20,화,중식,540.0,미트볼토마토스파게티*,"1,2,5,6,9,10,12,13,15,16,18"
동양고등학교,7010965,2024-08-20,화,중식,540.0,불고기크러스트피자(세종),"1,2,5,6,10,12,13,15,16"
동양고등학교,7010965,2024-08-20,화,중식,540.0,감자튀김*,"5,6"
동양고등학교,7010965,2024-08-20,화,중식,540.0,쿨피스450ml,2
동양고등학교,7010965,2024-08-20,화,중식,540.0,오이피클(캔)^^,
동양고등학교,7010965,2024-08-20,화,중식,540.0,황도어린잎샐러드,"1,2,5,6,11,12"
동양고등학교,7010965,2024-08-20,화,석식,230.0,보리밥*,
동양고등학교,7010965,2024-08-20,화,석식,230.0,뼈없는감자탕*,"2,5,6,10,13,16"
동양고등학교,7010965,2024-08-20,화,석식,230.0,부추겉절이*,"5,6,13"
동양고등학교,7010965,2024-08-20,화,석식,230.0,순대깻잎볶음*,"2,5,6,10,13,16"
동양고등학교,7010965,2024-08-20,화,석식,230.0,석박지*,9
동양고등학교,7010965,2024-08-20,화,석식,230.0,비락식혜,
동양고등학교,7010965,2024-08-21,수,중식,540.0,후리가케주먹밥,"1,2,5,6,9,13,16,18"
동양고등학교,7010965,2024-08-21,수,중식,540.0,얼큰돈코츠라멘,"1,2,5,6,9,10,15,16,18"
동양고등학교,7010965,2024-08-21,수,중식,540.0,꼬들단무지무침,
동양고등학교,7010965,2024-08-21,수,중식,540.0,웰던함박스테이크*소스,"1,2,5,6,10,12,13,16,18"
동양고등학교,7010965,2024-08-21,수,중식,540.0,포기김치*,9
동양고등학교,7010965,2024-08-21,수,중식,540.0,요구르트*,2
동양고등학교,7010965,2024-08-22,목,중식,540.0,현미밥*,
동양고등학교,7010965,2024-08-22,목,중식,540.0,설렁탕*당면사리,"2,5,6,13,16"
동양고등학교,7010965,2024-08-22,목,중식,540.0,참나물샐러드,"5,6,13"
동양고등학교,7010965,2024-08-22,목,중식,540.0,고기완자전,"1,5,6,10,15,16,18"
동양고등학교,7010965,2024-08-22,목,중식,540.0,석박지*,9
동양고등학교,7010965,2024-08-22,목,중식,540.0,플리또주스,13
동양고등학교,7010965,2024-08-22,목,석식,230.0,깐부치밥,"1,5,6,9,13,15"
동양고등학교,7010965,2024-08-22,목,석식,230.0,팽이버섯된장국*,"5,6,9"
동양고등학교,7010965,2024-08-22,목,석식,230.0,핫도그,"1,2,5,6,10,12,13,16"
동양고등학교,7010965,2024-08-22,목,석식,230.0,콩나물파채무침^^,"5,6"
동양고등학교,7010965,2024-08-22,목,석식,230.0,포기김치*,9
동양고등학교,7010965,2024-08-22,목,석식,230.0,Dole하이주스,"2,13"
동양고등학교,7010965,2024-08-23,금,중식,540.0,김치콩나물국*,"5,9"
동양고등학교,7010965,2024-08-23,금,중식,540.0,치커리사과무침*,"5,6,13"
동양고등학교,7010965,2024-08-23,금,중식,540.0,김말이떡강정*,"1,5,6,12,13,16"
동양고등학교,7010965,2024-08-23,금,중식,540.0,깍두기*,9
동양고등학교,7010965,2024-08-23,금,중식,540.0,짜계치덮밥 (짜장계란치즈),"1,2,5,6,9,10,13,16,17"
동양고등학교,7010965,2024-08-23,금,중식,540.0,카프리썬,13
동양고등학교,7010965,2024-08-23,금,석식,230.0,추가밥,
동양고등학교,7010965,2024-08-23,금,석식,230.0,묵은지들기름막국수,"3,5,6,9,13,16"
동양고등학교,7010965,2024-08-23,금,석식,230.0,로제크림돈까스,"1,2,5,6,10,13"
동양고등학교,7010965,2024-08-23,금,석식,230.0,포기김치*,9
동양고등학교,7010965,2024-08-23,금,석식,230.0,단무지*,
동양고등학교,7010965,2024-08-23,금,석식,230.0,토레타^^,
동양고등학교,7010965,2024-08-26,월,중식,540.0,백미밥*,
동양고등학교,7010965,2024-08-26,월,중식,540.0,오이무침*,"5,6,13"
동양고등학교,7010965,2024-08-26,월,중식,540.0,소시지구이,"1,2,5,6,10,12,13,15,16"
동양고등학교,7010965,2024-08-26,월,중식,540.0,포기김치*,9
동양고등학교,7010965,2024-08-26,월,중식,540.0,아비꼬카레,"1,2,5,6,10,12,13,16,18"
동양고등학교,7010965,2024-08-26,월,중식,540.0,설빙망고에이드,2
동양고등학교,7010965,2024-08-26,월,석식,220.0,현미밥*,
동양고등학교,7010965,2024-08-26,월,석식,220.0,시래기된장국,"5,6,9"
동양고등학교,7010965,2024-08-26,월,석식,220.0,매운돼지갈비찜*,"5,6,10,13,18"
동양고등학교,7010965,2024-08-26,월,석식,220.0,콩나물어묵조림,"1,5,6,12,13"
동양고등학교,7010965,2024-08-26,월,석식,220.0,포기김치*,9
동양고등학교,7010965,2024-08-26,월,석식,220.0,초코파이,"1,2,5,6"
동양고등학교,7010965,2024-08-27,화,중식,540.0,현미밥*,
동양고등학교,7010965,2024-08-27,화,중식,540.0,얼큰순대국*,"2,5,6,9,10,13,16"
동양고등학교,7010965,2024-08-27,화,중식,540.0,부추양파무침^^,13
동양고등학교,7010965,2024-08-27,화,중식,540.0,진미채고추장볶음*,"5,6,13,17"
동양고등학교,7010965,2024-08-27,화,중식,540.0,너비아니구이,"1,5,6,10,13,16,18"
동양고등학교,7010965,2024-08-27,화,중식,540.0,석박지*,9
동양고등학교,7010965,2024-08-27,화,중식,540.0,쥬시쿨*,"11,12"
동양고등학교,7010965,2024-08-27,화,석식,230.0,어묵국*,"1,5,6,9"
동양고등학교,7010965,2024-08-27,화,석식,230.0,치즈닭갈비덮밥,"2,5,6,9,12,13,15,16,18"
동양고등학교,7010965,2024-08-27,화,석식,230.0,회오리감자,"5,6"
동양고등학교,7010965,2024-08-27,화,석식,230.0,깍두기*,9
동양고등학교,7010965,2024-08-27,화,석식,230.0,쁘띠첼,
동양고등학교,7010965,2024-08-27,화,석식,230.0,멕시칸샐러드,"1,2,5,6,10,12,13,15,16"
동양고등학교,7010965,2024-08-28,수,중식,540.0,멸치주먹밥*,"1,2,5,6,9,13,16,18"
동양고등학교,7010965,2024-08-28,수,중식,540.0,망향비빔국수,"5,6,9,13,16"
동양고등학교,7010965,2024-08-28,수,중식,540.0,아삭고추된장무침*,"5,6,13"
동양고등학교,7010965,2024-08-28,수,중식,540.0,바싹돼지양념구이,"5,6,10,13"
동양고등학교,7010965,2024-08-28,수,중식,540.0,깍두기*,9
동양고등학교,7010965,2024-08-28,수,중식,540.0,코코팜,
동양고등학교,7010965,2024-08-29,목,중식,540.0,보리밥*,
동양고등학교,7010965,2024-08-29,목,중식,540.0,호박된장국*,"5,6,9"
동양고등학교,7010965,2024-08-29,목,중식,540.0,베이컨감자채볶음*,10
동양고등학교,7010965,2024-08-29,목,중식,540.0,닭고추장구이*파채,"5,6,12,13,15"
동양고등학교,7010965,2024-08-29,목,중식,540.0,포기김치*,9
동양고등학교,7010965,2024-08-29,목,중식,540.0,홀그레인콘마요샐러드,"1,5,6,13"
동양고등학교,7010965,2024-08-29,목,석식,220.0,콩나물밥*양념장*,"5,6,10"
동양고등학교,7010965,2024-08-29,목,석식,220.0,삼색수제비국*,"5,6,9,18"
동양고등학교,7010965,2024-08-29,목,석식,220.0,청포묵김가루무침,
동양고등학교,7010965,2024-08-29,목,석식,220.0,제육볶음*,"5,6,10,13"
동양고등학교,7010965,2024-08-29,목,석식,220.0,깍두기*,9
동양고등학교,7010965,2024-08-29,목,석식,220.0,얼려먹는야쿠르트(애플망고맛)^^,2
동양고등학교,7010965,2024-08-30,금,중식,540.0,현미밥*,
동양고등학교,7010965,2024-08-30,금,중식,540.0,스팸김치찌개,"1,2,5,6,9,10,13,15,16"
동양고등학교,7010965,2024-08-30,금,중식,540.0,볼어묵간장조림*,"1,5,6,13"
동양고등학교,7010965,2024-08-30,금,중식,540.0,돈사태떡찜*,"5,6,10,13,18"
동양고등학교,7010965,2024-08-30,금,중식,540.0,삼색숙주나물^,
동양고등학교,7010965,2024-08-30,금,중식,540.0,깍두기*,9
동양고등학교,7010965,2024-08-30,금,석식,230.0,추가밥,
동양고등학교,7010965,2024-08-30,금,석식,230.0,해물볶음우동,"5,6,13,17,18"
동양고등학교,7010965,2024-08-30,금,석식,230.0,오이지무침^^,"5,6"
동양고등학교,7010965,2024-08-30,금,석식,230.0,마늘닭강정^^,"1,5,6,13,15"
동양고등학교,7010965,2024-08-30,금,석식,230.0,포기김치*,9
동양고등학교,7010965,2024-08-30,금,석식,230.0,황도화채,"1,2,5,6,11"
동양고등학교,7010965,2024-09-02,월,중식,530.0,현미밥*,
동양고등학교,7010965,2024-09-02,월,중식,530.0,육개장*,"1,2,5,6,9,16,18"
동양고등학교,7010965,2024-09-02,월,중식,530.0,콩나물겨자냉채,"1,5,6,8,13"
동양고등학교,7010965,2024-09-02,월,중식,530.0,캠핑모듬구이^^,"2,5,6,10,12,15,16"
동양고등학교,7010965,2024-09-02,월,중식,530.0,포기김치*,9
동양고등학교,7010965,2024-09-02,월,중식,530.0,얼박,13
동양고등학교,7010965,2024-09-02,월,석식,200.0,비벼주는비빔밥,"5,6,10,13"
동양고등학교,7010965,2024-09-02,월,석식,200.0,근대된장국*,"5,6,9"
동양고등학교,7010965,2024-09-02,월,석식,200.0,실곤약오리엔탈무침,"5,6,13"
동양고등학교,7010965,2024-09-02,월,석식,200.0,포기김치*,9
동양고등학교,7010965,2024-09-02,월,석식,200.0,갈떡갈떡,"5,6,10,15,16"
동양고등학교,7010965,2024-09-02,월,석식,200.0,떠먹는아이스슈,"1,2,5,6"
동양고등학교,7010965,2024-09-03,화,중식,530.0,보리밥*,
동양고등학교,7010965,2024-09-03,화,중식,530.0,삼색수제비국*,"5,6,9,18"
동양고등학교,7010965,2024-09-03,화,중식,530.0,매콤닭볶음(떡x),"2,5,6,12,13,15,16,18"
동양고등학교,7010965,2024-09-03,화,중식,530.0,숙주미나리무침^^,
동양고등학교,7010965,2024-09-03,화,중식,530.0,해물파전*,"5,6,9,13,17"
동양고등학교,7010965,2024-09-03,화,중식,530.0,포기김치*,9
동양고등학교,7010965,2024-09-03,화,석식,200.0,보리밥*,
동양고등학교,7010965,2024-09-03,화,석식,200.0,부대찌개*,"1,2,5,6,9,10,12,13,15,16"
동양고등학교,7010965,2024-09-03,화,석식,200.0,양념깻잎지,"5,6"
동양고등학교,7010965,2024-09-03,화,석식,200.0,고구마치즈롤까스&소스^,"1,2,5,6,10,12,13,18"
동양고등학교,7010965,2024-09-03,화,석식,200.0,깍두기*,9
동양고등학교,7010965,2024-09-03,화,석식,200.0,청포도에이드,
동양고등학교,7010965,2024-09-04,수,중식,530.0,중화제육비빔면,"1,5,6,10,13"
동양고등학교,7010965,2024-09-04,수,중식,530.0,추가밥,
동양고등학교,7010965,2024-09-04,수,중식,530.0,단무지깻잎무침^^,
동양고등학교,7010965,2024-09-04,수,중식,530.0,유린기,"1,5,6,10,13"
동양고등학교,7010965,2024-09-04,수,중식,530.0,포기김치*,9
동양고등학교,7010965,2024-09-04,수,중식,530.0,딸기우유,2
동양고등학교,7010965,2024-09-05,목,중식,530.0,현미밥*,
동양고등학교,7010965,2024-09-05,목,중식,530.0,시래기된장국,"5,6,9"
동양고등학교,7010965,2024-09-05,목,중식,530.0,LA돼지갈비구이,"5,6,10,13,16,18"
동양고등학교,7010965,2024-09-05,목,중식,530.0,오이무침*,"5,6,13"
동양고등학교,7010965,2024-09-05,목,중식,530.0,햄감자채볶음*,"1,2,5,6,10,15,16"
동양고등학교,7010965,2024-09-05,목,중식,530.0,포기김치*,9
동양고등학교,7010965,2024-09-05,목,석식,200.0,백미밥*,
동양고등학교,7010965,2024-09-05,목,석식,200.0,얼큰오리탕*,"2,5,6,13,16"
동양고등학교,7010965,2024-09-05,목,석식,200.0,메추리알감자조림*,"1,5,6,13,18"
동양고등학교,7010965,2024-09-05,목,석식,200.0,언양식바싹불고기*부추겨자무침,"1,2,5,6,10,12,13,15,16"
동양고등학교,7010965,2024-09-05,목,석식,200.0,석박지*,9
동양고등학교,7010965,2024-09-05,목,석식,200.0,사과쥬스*,13
동양고등학교,7010965,2024-09-06,금,중식,530.0,곤드레들기름묵은지밥^^,"5,6,9"
동양고등학교,7010965,2024-09-06,금,중식,530.0,호박새우젓국^^,"5,6,9"
동양고등학교,7010965,2024-09-06,금,중식,530.0,닭다리오븐구이*,"5,6,12,13,15"
동양고등학교,7010965,2024-09-06,금,중식,530.0,포기김치*,9
동양고등학교,7010965,2024-09-06,금,중식,530.0,탱크보이,2
동양고등학교,7010965,2024-09-06,금,중식,530.0,도시락김,
동양고등학교,7010965,2024-09-09,월,중식,530.0,현미밥*,
동양고등학교,7010965,2024-09-09,월,중식,530.0,쇠고기미역국*,"5,6,9,16"
동양고등학교,7010965,2024-09-09,월,중식,530.0,족발수육,"5,6,10,13,18"
동양고등학교,7010965,2024-09-09,월,중식,530.0,매콤잡채,"1,5,6,9,13,17,18"
동양고등학교,7010965,2024-09-09,월,중식,530.0,부추겉절이*,"5,6,13"
동양고등학교,7010965,2024-09-09,월,중식,530.0,포기김치*,9
동양고등학교,7010965,2024-09-09,월,석식,200.0,추가밥,
동양고등학교,7010965,2024-09-09,월,석식,200.0,등촌st샤브샤브칼국수,"5,6,13,16"
동양고등학교,7010965,2024-09-09,월,석식,200.0,꽈리멸치볶음*,"5,6,13"
동양고등학교,7010965,2024-09-09,월,석식,200.0,교자찐만두,"1,5,6,10,16,18"
동양고등학교,7010965,2024-09-09,월,석식,200.0,포기김치*,9
동양고등학교,7010965,2024-09-09,월,석식,200.0,초코에몽(캔),2
동양고등학교,7010965,2024-09-10,화,중식,530.0,보리밥*,
동양고등학교,7010965,2024-09-10,화,중식,530.0,떡만두국*,"1,2,5,6,9,10,13,16,18"
동양고등학교,7010965,2024-09-10,화,중식,530.0,꽈리고추계란장조림*,"1,5,6,13"
동양고등학교,7010965,2024-09-10,화,중식,530.0,등갈비김치찜,"5,6,9,10,13"
동양고등학교,7010965,2024-09-10,화,중식,530.0,참나물샐러드,"5,6,13"
동양고등학교,7010965,2024-09-10,화,중식,530.0,깍두기*,9
동양고등학교,7010965,2024-09-10,화,석식,200.0,고추참치볶음밥*,"5,9,12,13,16,18"
동양고등학교,7010965,2024-09-10,화,석식,200.0,부추계란국*,"1,9"
동양고등학교,7010965,2024-09-10,화,석식,200.0,진미채야채무침*,"5,6,13,17"
동양고등학교,7010965,2024-09-10,화,석식,200.0,포기김치*,9
동양고등학교,7010965,2024-09-10,화,석식,200.0,폴라포아이스크림,"1,2,5"
동양고등학교,7010965,2024-09-10,화,석식,200.0,칠리오징어볼,"1,5,6,12,13,17"
동양고등학교,7010965,2024-09-11,수,중식,530.0,유부주먹밥,"1,2,5,6,9,10,13,16,18"
동양고등학교,7010965,2024-09-11,수,중식,530.0,해물볶음짬뽕,"2,5,6,9,13,17,18"
동양고등학교,7010965,2024-09-11,수,중식,530.0,부추문어커틀렛*잠발라소스,"1,5,6,17"
동양고등학교,7010965,2024-09-11,수,중식,530.0,콘치즈구이(그린데이)*,"1,2,5,6,8,10,13,15,16"
동양고등학교,7010965,2024-09-11,수,중식,530.0,포기김치*,9
동양고등학교,7010965,2024-09-11,수,중식,530.0,황도화채,"1,2,5,6,11"
동양고등학교,7010965,2024-09-12,목,중식,530.0,현미밥*,
동양고등학교,7010965,2024-09-12,목,중식,530.0,스팸김치찌개,"1,2,5,6,9,10,13,15,16"
동양고등학교,7010965,2024-09-12,목,중식,530.0,사각어묵볶음*,"1,5,6"
동양고등학교,7010965,2024-09-12,목,중식,530.0,춘천닭갈비*,"2,5,6,12,13,15,16,18"
동양고등학교,7010965,2024-09-12,목,중식,530.0,깍두기*,9
동양고등학교,7010965,2024-09-12,목,중식,530.0,깻잎무쌈,
동양고등학교,7010965,2024-09-12,목,석식,200.0,추가밥,
동양고등학교,7010965,2024-09-12,목,석식,200.0,비빔국수(주)*,"3,5,6,9"
동양고등학교,7010965,2024-09-12,목,석식,200.0,바싹돼지양념구이,"5,6,10,13"
동양고등학교,7010965,2024-09-12,목,석식,200.0,롱김말이튀김,"1,5,6,16"
동양고등학교,7010965,2024-09-12,목,석식,200.0,깍두기*,9
동양고등학교,7010965,2024-09-12,목,석식,200.0,오레오와플,"1,2,4,5,6"
동양고등학교,7010965,2024-09-13,금,중식,530.0,갈릭베이컨볶음밥,"1,5,6,10,13,18"
동양고등학교,7010965,2024-09-13,금,중식,530.0,파스타샐러드,"1,2,5,6,12,13"
동양고등학교,7010965,2024-09-13,금,중식,530.0,동양앤쿡목살스테이크,"1,2,5,6,10,12,13,16,18"
동양고등학교,7010965,2024-09-13,금,중식,530.0,깍두기*,9
동양고등학교,7010965,2024-09-13,금,중식,530.0,얼라이브^^,13
동양고등학교,7010965,2024-09-13,금,중식,530.0,링파인애플,
동양고등학교,7010965,2024-09-13,금,석식,200.0,보리밥*,
동양고등학교,7010965,2024-09-13,금,석식,200.0,사골조랭이떡국*,"2,5,6,9,13,16"
동양고등학교,7010965,2024-09-13,금,석식,200.0,콩나물김가루무침,5
동양고등학교,7010965,2024-09-13,금,석식,200.0,제육볶음*,"5,6,10,13"
동양고등학교,7010965,2024-09-13,금,석식,200.0,포기김치*,9
동양고등학교,7010965,2024-09-13,금,석식,200.0,쌕쌕오렌지쥬스,
동양고등학교,7010965,2024-09-19,목,중식,530.0,카레라이스*,"1,2,5,6,10,12,13,16,18"
동양고등학교,7010965,2024-09-19,목,중식,530.0,백미밥*,
동양고등학교,7010965,2024-09-19,목,중식,530.0,치커리토마토유자청무침^^,"12,13"
동양고등학교,7010965,2024-09-19,목,중식,530.0,고추잡채누들떡볶이,"1,5,6,10,12,13,18"
동양고등학교,7010965,2024-09-19,목,중식,530.0,포기김치*,9
동양고등학교,7010965,2024-09-19,목,중식,530.0,코코팜,
동양고등학교,7010965,2024-09-19,목,석식,200.0,장조림버터비빔밥^^,"1,2,5,6,10,13"
동양고등학교,7010965,2024-09-19,목,석식,200.0,김치콩나물국*,"5,9"
동양고등학교,7010965,2024-09-19,목,석식,200.0,실곤약야채무침*,"5,6,13"
동양고등학교,7010965,2024-09-19,목,석식,200.0,올반찰핫도그,"1,2,5,6,10,12,16"
동양고등학교,7010965,2024-09-19,목,석식,200.0,포기김치*,9
동양고등학교,7010965,2024-09-19,목,석식,200.0,콘아이스크림,"1,2,4,5,6"
동양고등학교,7010965,2024-09-20,금,중식,530.0,현미밥*,
동양고등학교,7010965,2024-09-20,금,중식,530.0,전주식물갈비,"5,6,10,13,16"
동양고등학교,7010965,2024-09-20,금,중식,530.0,야채계란찜*,"1,9"
동양고등학교,7010965,2024-09-20,금,중식,530.0,상추겉절이*,"5,6,13"
동양고등학교,7010965,2024-09-20,금,중식,530.0,포기김치*,9
동양고등학교,7010965,2024-09-20,금,중식,530.0,스위풀오렌지주스,13
동양고등학교,7010965,2024-09-20,금,석식,200.0,보리밥*,
동양고등학교,7010965,2024-09-20,금,석식,200.0,설렁탕*당면사리,"2,5,6,13,16"
동양고등학교,7010965,2024-09-20,금,석식,200.0,오이무침*,"5,6,13"
동양고등학교,7010965,2024-09-20,금,석식,200.0,에그랑땡*케찹,"1,2,5,6,10,12,15,16"
동양고등학교,7010965,2024-09-20,금,석식,200.0,석박지*,9
동양고등학교,7010965,2024-09-20,금,석식,200.0,약과,"1,5,6"
동양고등학교,7010965,2024-09-23,월,중식,530.0,대패삼겹쌈장비빔밥,"5,6,10,13"
동양고등학교,7010965,2024-09-23,월,중식,530.0,호박된장국*,"5,6,9"
동양고등학교,7010965,2024-09-23,월,중식,530.0,탕평채*,16
동양고등학교,7010965,2024-09-23,월,중식,530.0,올반찰핫도그,"1,2,5,6,10,12,16"
동양고등학교,7010965,2024-09-23,월,중식,530.0,깍두기*,9
동양고등학교,7010965,2024-09-23,월,중식,530.0,감귤주스^,13
동양고등학교,7010965,2024-09-23,월,석식,200.0,토마토스파게티*,"1,2,5,6,9,10,12,13,15,16,18"
동양고등학교,7010965,2024-09-23,월,석식,200.0,오지치즈후렌치후라이,"1,2,5,6,10,12,13,15,16"
동양고등학교,7010965,2024-09-23,월,석식,200.0,초코칩쿠키,"1,2,5,6"
동양고등학교,7010965,2024-09-23,월,석식,200.0,시리얼*우유,"2,5,6"
동양고등학교,7010965,2024-09-23,월,석식,200.0,오이피클(캔)^^,
동양고등학교,7010965,2024-09-23,월,석식,200.0,황도어린잎샐러드,"1,2,5,6,11,12"
동양고등학교,7010965,2024-09-24,화,중식,530.0,보리밥*,
동양고등학교,7010965,2024-09-24,화,중식,530.0,뼈없는감자탕*,"2,5,6,10,13,16"
동양고등학교,7010965,2024-09-24,화,중식,530.0,실곤약야채무침*,"5,6,13"
동양고등학교,7010965,2024-09-24,화,중식,530.0,치즈콘소스생선까스,"1,2,5,6,12,13,16,18"
동양고등학교,7010965,2024-09-24,화,중식,530.0,석박지*,9
동양고등학교,7010965,2024-09-24,화,중식,530.0,바나나,
동양고등학교,7010965,2024-09-24,화,석식,200.0,매콤잡채덮밥*,"5,6,9,10,13,17,18"
동양고등학교,7010965,2024-09-24,화,석식,200.0,계란파국^^,"1,9,13"
동양고등학교,7010965,2024-09-24,화,석식,200.0,무말랭이무침^^,"5,6,13"
동양고등학교,7010965,2024-09-24,화,석식,200.0,탕수육*소스*,"1,5,6,10,11,12,13"
동양고등학교,7010965,2024-09-24,화,석식,200.0,포기김치*,9
동양고등학교,7010965,2024-09-24,화,석식,200.0,비피더스,2
동양고등학교,7010965,2024-09-25,수,중식,430.0,오므라이스*소스*,"1,2,5,6,10,12,13,15,16,18"
동양고등학교,7010965,2024-09-25,수,중식,430.0,유부된장국*,"5,6,9"
동양고등학교,7010965,2024-09-25,수,중식,430.0,수제교촌식치킨윙,"1,2,5,6,12,13,15,16,18"
동양고등학교,7010965,2024-09-25,수,중식,430.0,깍두기*,9
동양고등학교,7010965,2024-09-25,수,중식,430.0,초코파이,"1,2,5,6"
동양고등학교,7010965,2024-09-25,수,중식,430.0,코울슬로,"1,5,13"
동양고등학교,7010965,2024-09-26,목,중식,430.0,현미밥*,
동양고등학교,7010965,2024-09-26,목,중식,430.0,해물순두부찌개*,"1,2,5,6,9,10,13,16,17,18"
동양고등학교,7010965,2024-09-26,목,중식,430.0,돈사태떡찜*,"5,6,10,13,18"
동양고등학교,7010965,2024-09-26,목,중식,430.0,배미나리무생채^^,
동양고등학교,7010965,2024-09-26,목,중식,430.0,김가루계란말이*,1
동양고등학교,7010965,2024-09-26,목,중식,430.0,깍두기*,9
동양고등학교,7010965,2024-09-26,목,석식,120.0,베트남쌀국수,"2,5,6,9,13,16"
동양고등학교,7010965,2024-09-26,목,석식,120.0,돼지불고기핫도그샌드위치,"1,2,5,6,12,13,16"
동양고등학교,7010965,2024-09-26,목,석식,120.0,춘권,"1,5,6,10,16,18"
동양고등학교,7010965,2024-09-26,목,석식,120.0,깍두기*,9
동양고등학교,7010965,2024-09-26,목,석식,120.0,망고바,
동양고등학교,7010965,2024-09-26,목,석식,120.0,단무지*,
동양고등학교,7010965,2024-09-27,금,중식,430.0,김밥주먹밥,"1,2,5,6,8,9,10,13,15,16,18"
동양고등학교,7010965,2024-09-27,금,중식,430.0,깍둑단무지^^,
동양고등학교,7010965,2024-09-27,금,중식,430.0,신전st로제떡볶이,"1,2,5,6,10,13,15,16"
동양고등학교,7010965,2024-09-27,금,중식,430.0,고구마튀김,"5,6"
동양고등학교,7010965,2024-09-27,금,중식,430.0,신전st튀김어묵,"1,5,6"
동양고등학교,7010965,2024-09-27,금,중식,430.0,갈아만든배,13
동양고등학교,7010965,2024-09-27,금,석식,120.0,간장달걀비빔밥*,"1,5,6"
동양고등학교,7010965,2024-09-27,금,석식,120.0,유부된장국*,"5,6,9"
동양고등학교,7010965,2024-09-27,금,석식,120.0,청경채나물,"5,6"
동양고등학교,7010965,2024-09-27,금,석식,120.0,멕시칸치킨커틀렛^^,"1,2,5,6,12,13,15,18"
동양고등학교,7010965,2024-09-27,금,석식,120.0,포기김치*,9
동양고등학교,7010965,2024-09-27,금,석식,120.0,레몬에이드,
동양고등학교,7010965,2024-09-30,월,중식,530.0,햄계란주먹밥,"1,2,5,6,10,15,16"
동양고등학교,7010965,2024-09-30,월,중식,530.0,어묵국*,"1,5,6,9"
동양고등학교,7010965,2024-09-30,월,중식,530.0,마라부대떡볶음,"1,2,5,6,10,13,15,16,18"
동양고등학교,7010965,2024-09-30,월,중식,530.0,잡채고로케,"1,2,5,6,15,16"
동양고등학교,7010965,2024-09-30,월,중식,530.0,포기김치*,9
동양고등학교,7010965,2024-09-30,월,중식,530.0,딸기우유,2
동양고등학교,7010965,2024-09-30,월,석식,200.0,김가루주먹밥*,"1,2,5,6,9,13,16,18"
동양고등학교,7010965,2024-09-30,월,석식,200.0,얼큰잔치국수*,"1,5,6,9"
동양고등학교,7010965,2024-09-30,월,석식,200.0,오이무침*,"5,6,13"
동양고등학교,7010965,2024-09-30,월,석식,200.0,등심돈까스*소스,"1,2,5,6,10,12,13,16,18"
동양고등학교,7010965,2024-09-30,월,석식,200.0,깍두기*,9
동양고등학교,7010965,2024-09-30,월,석식,200.0,살구에이드,
동양고등학교,7010965,2024-10-02,수,중식,530.0,보리밥*,
동양고등학교,7010965,2024-10-02,수,중식,530.0,국물닭갈비*소면,"2,5,6,12,13,15,16,18"
동양고등학교,7010965,2024-10-02,수,중식,530.0,꽈리멸치볶음(가이리),"5,6,13"
동양고등학교,7010965,2024-10-02,수,중식,530.0,스팸감자버터구이,"1,2,5,6,10,13,15,16"
동양고등학교,7010965,2024-10-02,수,중식,530.0,포기김치*,9
동양고등학교,7010965,2024-10-02,수,중식,530.0,베리베리스트로베리,13
동양고등학교,7010965,2024-10-04,금,중식,530.0,보리밥*,
동양고등학교,7010965,2024-10-04,금,중식,530.0,쇠고기미역국*,"5,6,9,16"
동양고등학교,7010965,2024-10-04,금,중식,530.0,매콤잡채,"1,5,6,9,13,17,18"
동양고등학교,7010965,2024-10-04,금,중식,530.0,삼색숙주나물^,
동양고등학교,7010965,2024-10-04,금,중식,530.0,돼지갈비구이(오븐)^^,"5,6,10,13,18"
동양고등학교,7010965,2024-10-04,금,중식,530.0,포기김치*,9
동양고등학교,7010965,2024-10-04,금,석식,190.0,추가밥,
동양고등학교,7010965,2024-10-04,금,석식,190.0,불고기카레우동,"2,5,6,7,10,12,13,16,18"
동양고등학교,7010965,2024-10-04,금,석식,190.0,오이지무침^^,"5,6"
동양고등학교,7010965,2024-10-04,금,석식,190.0,포기김치*,9
동양고등학교,7010965,2024-10-04,금,석식,190.0,아이스슈,"1,2,5,6"
동양고등학교,7010965,2024-10-04,금,석식,190.0,케이준치킨샐러드*,"1,2,5,6,12,13,15,18"
동양고등학교,7010965,2024-10-07,월,중식,210.0,콩나물밥*양념장*,"5,6,10"
동양고등학교,7010965,2024-10-07,월,중식,210.0,돼지고기김치찌개*,"5,6,9,10"
동양고등학교,7010965,2024-10-07,월,중식,210.0,아삭고추된장무침*,"5,6,13"
동양고등학교,7010965,2024-10-07,월,중식,210.0,순살파닭*,"1,2,5,6,12,13,15"
동양고등학교,7010965,2024-10-07,월,중식,210.0,깍두기*,9
동양고등학교,7010965,2024-10-07,월,중식,210.0,크루쿠키,"1,2,4,5,6"
동양고등학교,7010965,2024-10-08,화,중식,210.0,미트볼투움바파스타,"1,2,5,6,13,16,18"
동양고등학교,7010965,2024-10-08,화,중식,210.0,포기김치*,9
동양고등학교,7010965,2024-10-08,화,중식,210.0,4쪽마늘빵,"2,5,6"
동양고등학교,7010965,2024-10-08,화,중식,210.0,훈제오리또띠아,"1,2,5,6,13"
동양고등학교,7010965,2024-10-08,화,중식,210.0,오이피클(캔)^^,
동양고등학교,7010965,2024-10-08,화,중식,210.0,애플망고주스^^,13
동양고등학교,7010965,2024-10-10,목,중식,210.0,제육야채덮밥,"5,6,9,10,13"
동양고등학교,7010965,2024-10-10,목,중식,210.0,순두부김치국*,"5,9"
동양고등학교,7010965,2024-10-10,목,중식,210.0,계란후라이*,"1,2"
동양고등학교,7010965,2024-10-10,목,중식,210.0,뱅글뱅글소시지,"1,2,5,6,10,16"
동양고등학교,7010965,2024-10-10,목,중식,210.0,깍두기*,9
동양고등학교,7010965,2024-10-10,목,중식,210.0,동글동글한라봉주스,13
동양고등학교,7010965,2024-10-11,금,중식,210.0,보리밥*,
동양고등학교,7010965,2024-10-11,금,중식,210.0,팽이버섯된장국*,"5,6,9"
동양고등학교,7010965,2024-10-11,금,중식,210.0,탕평채*,16
동양고등학교,7010965,2024-10-11,금,중식,210.0,숯불이닭떡강정,"1,5,6,10,12,13,15"
동양고등학교,7010965,2024-10-11,금,중식,210.0,포기김치*,9
동양고등학교,7010965,2024-10-11,금,중식,210.0,깻잎무쌈,
동양고등학교,7010965,2024-10-14,월,중식,530.0,참치야채비빔밥,"5,6,10,13,16,18"
동양고등학교,7010965,2024-10-14,월,중식,530.0,어묵국*,"1,5,6,9"
동양고등학교,7010965,2024-10-14,월,중식,530.0,등심돈까스(100)&소스^,"1,2,5,6,10,12,13,16,18"
동양고등학교,7010965,2024-10-14,월,중식,530.0,불닭팽이버섯^,"5,6,13"
동양고등학교,7010965,2024-10-14,월,중식,530.0,포기김치*,9
동양고등학교,7010965,2024-10-14,월,중식,530.0,비락식혜,
동양고등학교,7010965,2024-10-14,월,석식,190.0,현미밥*,
동양고등학교,7010965,2024-10-14,월,석식,190.0,해물짬뽕순두부*,"2,5,6,9,13,17,18"
동양고등학교,7010965,2024-10-14,월,석식,190.0,보쌈*쌈장,"5,6,10"
동양고등학교,7010965,2024-10-14,월,석식,190.0,비빔국수,"3,5,6,9,13"
동양고등학교,7010965,2024-10-14,월,석식,190.0,포기김치*,9
동양고등학교,7010965,2024-10-14,월,석식,190.0,쥬시쿨/쿨피스^,"11,12"
동양고등학교,7010965,2024-10-15,화,중식,530.0,현미밥*,
동양고등학교,7010965,2024-10-15,화,중식,530.0,시래기된장국,"5,6,9"
동양고등학교,7010965,2024-10-15,화,중식,530.0,매운돼지갈비찜*,"5,6,10,13,18"
동양고등학교,7010965,2024-10-15,화,중식,530.0,콩나물어묵조림,"1,5,6,12,13"
동양고등학교,7010965,2024-10-15,화,중식,530.0,참나물샐러드,"5,6,13"
동양고등학교,7010965,2024-10-15,화,중식,530.0,포기김치*,9
동양고등학교,7010965,2024-10-15,화,중식,530.0,오예스,"1,2,5,6"
동양고등학교,7010965,2024-10-16,수,중식,530.0,햄계란주먹밥,"1,2,5,6,10,15,16"
동양고등학교,7010965,2024-10-16,수,중식,530.0,불닭볶음우동,"5,6,13,15,18"
동양고등학교,7010965,2024-10-16,수,중식,530.0,모듬피클,
동양고등학교,7010965,2024-10-16,수,중식,530.0,포기김치*,9
동양고등학교,7010965,2024-10-16,수,중식,530.0,불고기퀘사디아,"2,5,6,10,13"
동양고등학교,7010965,2024-10-16,수,중식,530.0,허쉬드링크,2
동양고등학교,7010965,2024-10-17,목,중식,530.0,찜닭비빔덮밥,"5,6,13,15"
동양고등학교,7010965,2024-10-17,목,중식,530.0,부추계란국*,"1,9"
동양고등학교,7010965,2024-10-17,목,중식,530.0,김치만두,"1,5,6,10,16,18"
동양고등학교,7010965,2024-10-17,목,중식,530.0,양념깻잎지,"5,6"
동양고등학교,7010965,2024-10-17,목,중식,530.0,깍두기*,9
동양고등학교,7010965,2024-10-17,목,중식,530.0,망고주스,13
동양고등학교,7010965,2024-10-17,목,석식,190.0,백미밥*,
동양고등학교,7010965,2024-10-17,목,석식,190.0,얼큰돼지국밥,"2,5,6,9,10,13,16"
동양고등학교,7010965,2024-10-17,목,석식,190.0,청포묵김가루무침,
동양고등학교,7010965,2024-10-17,목,석식,190.0,순대깻잎볶음*,"2,5,6,10,13,16"
동양고등학교,7010965,2024-10-17,목,석식,190.0,석박지*,9
동양고등학교,7010965,2024-10-17,목,석식,190.0,마시는프리바이오틱스^^,
동양고등학교,7010965,2024-10-18,금,중식,530.0,백미밥*,
동양고등학교,7010965,2024-10-18,금,중식,530.0,소갈비탕,"1,5,16"
동양고등학교,7010965,2024-10-18,금,중식,530.0,부추겉절이*,"5,6,13"
동양고등학교,7010965,2024-10-18,금,중식,530.0,너비아니구이,"1,5,6,10,13,16,18"
동양고등학교,7010965,2024-10-18,금,중식,530.0,석박지*,9
동양고등학교,7010965,2024-10-18,금,중식,530.0,카프리썬,13
동양고등학교,7010965,2024-10-18,금,석식,190.0,동양스밥버거,"1,2,5,6,9,13,16,18"
동양고등학교,7010965,2024-10-18,금,석식,190.0,김치어묵우동*,"1,2,5,6,7,9,13,18"
동양고등학교,7010965,2024-10-18,금,석식,190.0,꼬들단무지무침,
동양고등학교,7010965,2024-10-18,금,석식,190.0,김말이튀김,"1,5,6,10,16"
동양고등학교,7010965,2024-10-18,금,석식,190.0,깍두기*,9
동양고등학교,7010965,2024-10-18,금,석식,190.0,빅썬,13
동양고등학교,7010965,2024-10-21,월,중식,530.0,현미밥*,
동양고등학교,7010965,2024-10-21,월,중식,530.0,소고기된장찌개,"5,6,9,16"
동양고등학교,7010965,2024-10-21,월,중식,530.0,진미채야채무침*,"5,6,13,17"
동양고등학교,7010965,2024-10-21,월,중식,530.0,베이컨감자채볶음*,10
동양고등학교,7010965,2024-10-21,월,중식,530.0,돈육김치볶음,"5,6,9,10,13"
동양고등학교,7010965,2024-10-21,월,중식,530.0,깍두기*,9
동양고등학교,7010965,2024-10-21,월,석식,190.0,스팸마요덮밥*,"1,2,5,6,10,13,15,16"
동양고등학교,7010965,2024-10-21,월,석식,190.0,돼지고기김치찌개*,"5,6,9,10"
동양고등학교,7010965,2024-10-21,월,석식,190.0,양념깻잎지,"5,6"
동양고등학교,7010965,2024-10-21,월,석식,190.0,통안심닭꼬치,"1,5,6,12,13,15"
동양고등학교,7010965,2024-10-21,월,석식,190.0,깍두기*,9
동양고등학교,7010965,2024-10-21,월,석식,190.0,매실주스,
동양고등학교,7010965,2024-10-22,화,중식,530.0,보리밥*,
동양고등학교,7010965,2024-10-22,화,중식,530.0,뼈없는감자탕*,"2,5,6,10,13,16"
동양고등학교,7010965,2024-10-22,화,중식,530.0,오이무침*,"5,6,13"
동양고등학교,7010965,2024-10-22,화,중식,530.0,생선까스*TTS*,"1,5,6,13"
동양고등학교,7010965,2024-10-22,화,중식,530.0,석박지*,9
동양고등학교,7010965,2024-10-22,화,중식,530.0,"파스퇴르우유(바나나,딸기)","2,13"
동양고등학교,7010965,2024-10-22,화,석식,190.0,참치김치볶음밥*,"5,6,9,13,16,18"
동양고등학교,7010965,2024-10-22,화,석식,190.0,어묵국*,"1,5,6,9"
동양고등학교,7010965,2024-10-22,화,석식,190.0,배미나리무생채^^,
동양고등학교,7010965,2024-10-22,화,석식,190.0,닭다리오븐구이*,"5,6,12,13,15"
동양고등학교,7010965,2024-10-22,화,석식,190.0,깍두기*,9
동양고등학교,7010965,2024-10-22,화,석식,190.0,바나나,
동양고등학교,7010965,2024-10-23,수,중식,530.0,김가루주먹밥*,"1,2,5,6,9,13,16,18"
동양고등학교,7010965,2024-10-23,수,중식,530.0,짬뽕*,"2,5,6,9,10,13,17,18"
동양고등학교,7010965,2024-10-23,수,중식,530.0,오복채무침^^,13
동양고등학교,7010965,2024-10-23,수,중식,530.0,스틱돈카츠강정,"1,2,5,6,10,12,13"
동양고등학교,7010965,2024-10-23,수,중식,530.0,포기김치*,9
동양고등학교,7010965,2024-10-23,수,중식,530.0,레모나젤리,
동양고등학교,7010965,2024-10-24,목,중식,530.0,추가밥,
동양고등학교,7010965,2024-10-24,목,중식,530.0,쫄면,"3,5,6,13"
동양고등학교,7010965,2024-10-24,목,중식,530.0,깍둑단무지^^,
동양고등학교,7010965,2024-10-24,목,중식,530.0,포기김치*,9
동양고등학교,7010965,2024-10-24,목,중식,530.0,파워에이드,12
동양고등학교,7010965,2024-10-24,목,중식,530.0,수제햄버거*,"1,2,5,6,10,12,13,15,16,18"
동양고등학교,7010965,2024-10-28,월,중식,530.0,멸치주먹밥*,"1,2,5,6,9,13,16,18"
동양고등학교,7010965,2024-10-28,월,중식,530.0,얼큰잔치국수*,"1,5,6,9"
동양고등학교,7010965,2024-10-28,월,중식,530.0,치커리토마토유자청무침^^,"12,13"
동양고등학교,7010965,2024-10-28,월,중식,530.0,오징어먹물까스*소스,"1,5,6,17"
동양고등학교,7010965,2024-10-28,월,중식,530.0,포기김치*,9
동양고등학교,7010965,2024-10-28,월,중식,530.0,요플레,2
동양고등학교,7010965,2024-10-28,월,석식,190.0,보리밥*,
동양고등학교,7010965,2024-10-28,월,석식,190.0,떡만두국*,"1,2,5,6,9,10,13,16,18"
동양고등학교,7010965,2024-10-28,월,석식,190.0,분모자찜닭,"5,6,13,15,16,18"
동양고등학교,7010965,2024-10-28,월,석식,190.0,숙주나물무침*,
동양고등학교,7010965,2024-10-28,월,석식,190.0,포기김치*,9
동양고등학교,7010965,2024-10-28,월,석식,190.0,콘아이스크림,"1,2,4,5,6"
동양고등학교,7010965,2024-10-29,화,중식,530.0,보리밥*,
동양고등학교,7010965,2024-10-29,화,중식,530.0,쇠고기무국*,"5,6,9,16"
동양고등학교,7010965,2024-10-29,화,중식,530.0,볼어묵간장조림*,"1,5,6,13"
동양고등학교,7010965,2024-10-29,화,중식,530.0,등갈비김치찜,"5,6,9,10,13"
동양고등학교,7010965,2024-10-29,화,중식,530.0,해물파전*,"5,6,9,17"
동양고등학교,7010965,2024-10-29,화,중식,530.0,깍두기*,9
동양고등학교,7010965,2024-10-29,화,석식,190.0,팟카파오무쌉(태국식덮밥),"5,6,10,13,18"
동양고등학교,7010965,2024-10-29,화,석식,190.0,미소장국^^,"5,6,9"
동양고등학교,7010965,2024-10-29,화,석식,190.0,실곤약야채무침*,"5,6,13"
동양고등학교,7010965,2024-10-29,화,석식,190.0,크리스피돈강정,"1,5,6,10,13"
동양고등학교,7010965,2024-10-29,화,석식,190.0,포기김치*,9
동양고등학교,7010965,2024-10-29,화,석식,190.0,살구에이드,
동양고등학교,7010965,2024-10-30,수,중식,530.0,현미밥*,
동양고등학교,7010965,2024-10-30,수,중식,530.0,육개장*,"1,2,5,6,9,16,18"
동양고등학교,7010965,2024-10-30,수,중식,530.0,애플망고샐러드,"1,2,5,6,12"
동양고등학교,7010965,2024-10-30,수,중식,530.0,수제닭다리살스테이크*파채소스,"5,6,12,13,15"
동양고등학교,7010965,2024-10-30,수,중식,530.0,포기김치*,9
동양고등학교,7010965,2024-10-30,수,중식,530.0,빠삐코초코,"1,2,5"
동양고등학교,7010965,2024-10-31,목,중식,530.0,백미밥*,
동양고등학교,7010965,2024-10-31,목,중식,530.0,얼갈이된장국*,"5,6,9"
동양고등학교,7010965,2024-10-31,목,중식,530.0,상추겉절이*,"5,6,13"
동양고등학교,7010965,2024-10-31,목,중식,530.0,마늘삼겹살(한입)*,"5,6,10"
동양고등학교,7010965,2024-10-31,목,중식,530.0,포기김치*,9
동양고등학교,7010965,2024-10-31,목,중식,530.0,포카리스웨트,
동양고등학교,7010965,2024-10-31,목,석식,190.0,스팸계란볶음밥*,"1,2,5,6,10,13,15,16"
동양고등학교,7010965,2024-10-31,목,석식,190.0,마라탕,"1,2,5,6,10,15,16,18"
동양고등학교,7010965,2024-10-31,목,석식,190.0,콩나물겨자냉채,"1,5,6,8,13"
동양고등학교,7010965,2024-10-31,목,석식,190.0,잡채고로케,"1,2,5,6,15,16"
동양고등학교,7010965,2024-10-31,목,석식,190.0,포기김치*,9
동양고등학교,7010965,2024-10-31,목,석식,190.0,닥터캡슐,2
동양고등학교,7010965,2024-11-01,금,중식,530.0,햄김치볶음밥*,"1,2,5,6,9,10,13,15,16"
동양고등학교,7010965,2024-11-01,금,중식,530.0,어묵국*,"1,5,6,9"
동양고등학교,7010965,2024-11-01,금,중식,530.0,멕시칸돈까스,"1,2,5,6,10,12,13"
동양고등학교,7010965,2024-11-01,금,중식,530.0,깍두기*,9
동양고등학교,7010965,2024-11-01,금,중식,530.0,리치에이드,
동양고등학교,7010965,2024-11-01,금,중식,530.0,코울슬로,"1,5,13"
동양고등학교,7010965,2024-11-01,금,석식,160.0,참치마요*도시락김,"1,5,13,16,18"
동양고등학교,7010965,2024-11-01,금,석식,160.0,보리밥*,
동양고등학교,7010965,2024-11-01,금,석식,160.0,돼지고기짜글이찌개,"5,6,9,10,16,18"
동양고등학교,7010965,2024-11-01,금,석식,160.0,야채계란말이*,1
동양고등학교,7010965,2024-11-01,금,석식,160.0,깍두기*,9
동양고등학교,7010965,2024-11-01,금,석식,160.0,붓세,"1,2,5,6"
동양고등학교,7010965,2024-11-04,월,중식,530.0,현미밥*,
동양고등학교,7010965,2024-11-04,월,중식,530.0,들깨미역국*,"9,16"
동양고등학교,7010965,2024-11-04,월,중식,530.0,콩나물해파리냉채,"1,5,6,8,13"
동양고등학교,7010965,2024-11-04,월,중식,530.0,어묵잡채*,"1,5,6,13,18"
동양고등학교,7010965,2024-11-04,월,중식,530.0,돼지갈비구이(오븐)^^,"5,6,10,13,18"
동양고등학교,7010965,2024-11-04,월,중식,530.0,포기김치*,9
동양고등학교,7010965,2024-11-04,월,석식,160.0,현미밥*,
동양고등학교,7010965,2024-11-04,월,석식,160.0,닭개장*,"5,6,15,16"
동양고등학교,7010965,2024-11-04,월,석식,160.0,햄감자채볶음*,"1,2,5,6,10,15,16"
동양고등학교,7010965,2024-11-04,월,석식,160.0,탕수육*소스*,"1,5,6,10,11,12,13"
동양고등학교,7010965,2024-11-04,월,석식,160.0,포기김치*,9
동양고등학교,7010965,2024-11-04,월,석식,160.0,메이플크로플,"1,2,5,6"
동양고등학교,7010965,2024-11-05,화,중식,530.0,참치주먹밥*,"1,2,5,6,9,13,16,18"
동양고등학교,7010965,2024-11-05,화,중식,530.0,로제소스스파게티,"1,2,5,6,9,10,12,13,16"
동양고등학교,7010965,2024-11-05,화,중식,530.0,랍스터치즈구이,"1,2,5,6,8,13"
동양고등학교,7010965,2024-11-05,화,중식,530.0,쥬시쿨*,"11,12"
동양고등학교,7010965,2024-11-05,화,중식,530.0,오이피클(캔)^^,
동양고등학교,7010965,2024-11-05,화,중식,530.0,양상추샐러드*키위D,"1,5,11,12,13"
동양고등학교,7010965,2024-11-05,화,석식,160.0,계란파국^^,"1,9,13"
동양고등학교,7010965,2024-11-05,화,석식,160.0,콩나물김가루무침,5
동양고등학교,7010965,2024-11-05,화,석식,160.0,제육김치덮밥(+눈꽃치즈),"2,5,6,9,10,13"
동양고등학교,7010965,2024-11-05,화,석식,160.0,깍두기*,9
동양고등학교,7010965,2024-11-05,화,석식,160.0,비타민음료^^,13
동양고등학교,7010965,2024-11-05,화,석식,160.0,케이준치킨샐러드*,"1,2,5,6,12,13,15,18"
동양고등학교,7010965,2024-11-06,수,중식,530.0,콩나물밥*양념장*,"5,6,9,10"
동양고등학교,7010965,2024-11-06,수,중식,530.0,팽이버섯된장국*,"5,6,9"
동양고등학교,7010965,2024-11-06,수,중식,530.0,바베큐등갈비조림,"1,2,5,6,10,12,13"
동양고등학교,7010965,2024-11-06,수,중식,530.0,치커리토마토유자청무침^^,"12,13"
동양고등학교,7010965,2024-11-06,수,중식,530.0,깍두기*,9
동양고등학교,7010965,2024-11-06,수,중식,530.0,달콤크룽지,"1,2,5,6"
동양고등학교,7010965,2024-11-07,목,중식,530.0,보리밥*,
동양고등학교,7010965,2024-11-07,목,중식,530.0,소고기된장찌개,"5,6,9,16"
동양고등학교,7010965,2024-11-07,목,중식,530.0,춘천닭갈비*,"2,5,6,12,13,15,16,18"
동양고등학교,7010965,2024-11-07,목,중식,530.0,참치옥수수야채전,"1,5,6,8,13,16,18"
동양고등학교,7010965,2024-11-07,목,중식,530.0,포기김치*,9
동양고등학교,7010965,2024-11-07,목,중식,530.0,붕어싸만코^^,"1,2,5,6"
동양고등학교,7010965,2024-11-07,목,중식,530.0,깻잎무쌈,
동양고등학교,7010965,2024-11-07,목,석식,160.0,추가밥,
동양고등학교,7010965,2024-11-07,목,석식,160.0,등촌st샤브샤브칼국수,"5,6,10,13,16"
동양고등학교,7010965,2024-11-07,목,석식,160.0,갈비만두,"1,5,6,10,16,18"
동양고등학교,7010965,2024-11-07,목,석식,160.0,꽈리멸치볶음*,"5,6,13"
동양고등학교,7010965,2024-11-07,목,석식,160.0,포기김치*,9
동양고등학교,7010965,2024-11-07,목,석식,160.0,버터소금쿠키,"1,2,4,5,6"
동양고등학교,7010965,2024-11-08,금,중식,530.0,현미밥*,
동양고등학교,7010965,2024-11-08,금,중식,530.0,근대된장국*,"5,6,9"
동양고등학교,7010965,2024-11-08,금,중식,530.0,족발수육,"5,6,10,13,18"
동양고등학교,7010965,2024-11-08,금,중식,530.0,부추무생채*,"5,6,13"
동양고등학교,7010965,2024-11-08,금,중식,530.0,실곤약야채무침*,"5,6,13"
동양고등학교,7010965,2024-11-08,금,중식,530.0,포기김치*,9
동양고등학교,7010965,2024-11-08,금,중식,530.0,배스킨라빈스(100ml),"1,2,5"
동양고등학교,7010965,2024-11-08,금,석식,170.0,보리밥*,
동양고등학교,7010965,2024-11-08,금,석식,170.0,호박된장국*,"5,6,9"
동양고등학교,7010965,2024-11-08,금,석식,170.0,미역줄기맛살볶음*,"1,5,6,8"
동양고등학교,7010965,2024-11-08,금,석식,170.0,닭고추장구이*파채,"5,6,12,13,15"
동양고등학교,7010965,2024-11-08,금,석식,170.0,포기김치*,9
동양고등학교,7010965,2024-11-08,금,석식,170.0,홀그레인콘마요샐러드,"1,5,6,13"
동양고등학교,7010965,2024-11-11,월,중식,530.0,보리밥*,
동양고등학교,7010965,2024-11-11,월,중식,530.0,부대찌개*,"1,2,5,6,9,10,12,13,15,16"
동양고등학교,7010965,2024-11-11,월,중식,530.0,양념깻잎지,"5,6"
동양고등학교,7010965,2024-11-11,월,중식,530.0,네잎클로바함박스테이크*소스,"1,2,5,6,10,12,13,15,16,18"
동양고등학교,7010965,2024-11-11,월,중식,530.0,깍두기*,9
동양고등학교,7010965,2024-11-11,월,중식,530.0,빼빼로1,"1,2,5,6"
동양고등학교,7010965,2024-11-11,월,석식,170.0,깐부치밥,"1,5,6,9,13,15"
동양고등학교,7010965,2024-11-11,월,석식,170.0,팽이버섯된장국*,"5,6,9"
동양고등학교,7010965,2024-11-11,월,석식,170.0,참나물겉절이,"5,6,13"
동양고등학교,7010965,2024-11-11,월,석식,170.0,포기김치*,9
동양고등학교,7010965,2024-11-11,월,석식,170.0,Dole하이주스,"2,13"
동양고등학교,7010965,2024-11-11,월,석식,170.0,핫도그&케찹,"1,2,5,6,10,12,13,16"
동양고등학교,7010965,2024-11-12,화,중식,530.0,갈릭베이컨볶음밥,"1,5,6,10,13,18"
동양고등학교,7010965,2024-11-12,화,중식,530.0,모듬피클,
동양고등학교,7010965,2024-11-12,화,중식,530.0,돈마호크,"1,2,5,6,10,12,13,16,18"
동양고등학교,7010965,2024-11-12,화,중식,530.0,포기김치*,9
동양고등학교,7010965,2024-11-12,화,중식,530.0,카프리썬,13
동양고등학교,7010965,2024-11-12,화,중식,530.0,황도어린잎샐러드,"1,2,5,6,11,12"
동양고등학교,7010965,2024-11-12,화,석식,160.0,백미밥*,
동양고등학교,7010965,2024-11-12,화,석식,160.0,소갈비탕,"1,5,16"
동양고등학교,7010965,2024-11-12,화,석식,160.0,콩나물겨자냉채,"1,5,6,8,13"
동양고등학교,7010965,2024-11-12,화,석식,160.0,에그랑땡*케찹,"1,2,5,6,10,12,15,16"
동양고등학교,7010965,2024-11-12,화,석식,160.0,석박지*,9
동양고등학교,7010965,2024-11-12,화,석식,160.0,크림쏙딸기찰떡,"2,5"
동양고등학교,7010965,2024-11-15,금,중식,380.0,나물볶음밥*약고추장^^,"1,5,6,10,13"
동양고등학교,7010965,2024-11-15,금,중식,380.0,미역된장국*,"5,6,9"
동양고등학교,7010965,2024-11-15,금,중식,380.0,새우튀김,"1,5,6,9"
동양고등학교,7010965,2024-11-15,금,중식,380.0,포기김치*,9
동양고등학교,7010965,2024-11-15,금,중식,380.0,플리또주스,13
동양고등학교,7010965,2024-11-15,금,중식,380.0,시리얼과일샐러드^^,"1,2,5,6,11,12"
동양고등학교,7010965,2024-11-15,금,석식,100.0,감자탕집볶음밥,"5,6,9,10,13,16,18"
동양고등학교,7010965,2024-11-15,금,석식,100.0,콩나물국*,"5,6,9"
동양고등학교,7010965,2024-11-15,금,석식,100.0,부추겉절이*,"5,6,13"
동양고등학교,7010965,2024-11-15,금,석식,100.0,마늘닭강정^^,"1,5,6,13,15"
동양고등학교,7010965,2024-11-15,금,석식,100.0,깍두기*,9
동양고등학교,7010965,2024-11-15,금,석식,100.0,초코파이,"1,2,5,6"
동양고등학교,7010965,2024-11-18,월,중식,380.0,보리밥*,
동양고등학교,7010965,2024-11-18,월,중식,380.0,경상도식쇠고기무국^^,"5,6,9,16"
동양고등학교,7010965,2024-11-18,월,중식,380.0,분모자찜닭,"5,6,13,15,16,18"
동양고등학교,7010965,2024-11-18,월,중식,380.0,콩나물어묵조림,"1,5,6,12,13"
동양고등학교,7010965,2024-11-18,월,중식,380.0,애호박버섯볶음,9
동양고등학교,7010965,2024-11-18,월,중식,380.0,포기김치*,9
동양고등학교,7010965,2024-11-18,월,석식,100.0,고추참치볶음밥*,"5,9,12,13,16,18"
동양고등학교,7010965,2024-11-18,월,석식,100.0,두부맑은국^^,"5,9"
동양고등학교,7010965,2024-11-18,월,석식,100.0,사과오이초무침,13
동양고등학교,7010965,2024-11-18,월,석식,100.0,더블치즈스테이크*소스,"1,2,5,6,10,12,13,15,16,18"
동양고등학교,7010965,2024-11-18,월,석식,100.0,깍두기*,9
동양고등학교,7010965,2024-11-18,월,석식,100.0,감귤주스^,13
동양고등학교,7010965,2024-11-19,화,중식,380.0,현미밥*,
동양고등학교,7010965,2024-11-19,화,중식,380.0,얼큰순대국*,"2,5,6,9,10,13,16"
동양고등학교,7010965,2024-11-19,화,중식,380.0,부추양파무침^^,13
동양고등학교,7010965,2024-11-19,화,중식,380.0,진미채고추장볶음*,"5,6,13,17"
동양고등학교,7010965,2024-11-19,화,중식,380.0,파채불고기,"5,6,10,13,16"
동양고등학교,7010965,2024-11-19,화,중식,380.0,석박지*,9
동양고등학교,7010965,2024-11-19,화,석식,100.0,스팸장볶음밥*김가루*계란후라이,"1,2,5,6,10,13,15,16"
동양고등학교,7010965,2024-11-19,화,석식,100.0,어묵국*,"1,5,6,9"
동양고등학교,7010965,2024-11-19,화,석식,100.0,포기김치*,9
동양고등학교,7010965,2024-11-19,화,석식,100.0,방망이허니브레드,"2,5,6,13"
동양고등학교,7010965,2024-11-19,화,석식,100.0,후르츠펀치,"11,12,13"
동양고등학교,7010965,2024-11-20,수,중식,380.0,멸치주먹밥*,"1,2,5,6,9,13,16,18"
동양고등학교,7010965,2024-11-20,수,중식,380.0,잔치국수*,"1,5,6,9"
동양고등학교,7010965,2024-11-20,수,중식,380.0,무말랭이무침^^,"5,6,13"
동양고등학교,7010965,2024-11-20,수,중식,380.0,양념치킨,"2,5,6,12,13,15,16,18"
동양고등학교,7010965,2024-11-20,수,중식,380.0,포기김치*,9
동양고등학교,7010965,2024-11-20,수,중식,380.0,빨미까레(패스츄리),"1,2,5,6"
동양고등학교,7010965,2024-11-21,목,중식,460.0,소고기버섯무밥*양념장,"5,6,16"
동양고등학교,7010965,2024-11-21,목,중식,460.0,시래기된장국,"5,6,9"
동양고등학교,7010965,2024-11-21,목,중식,460.0,청포묵김가루무침,
동양고등학교,7010965,2024-11-21,목,중식,460.0,제육볶음*,"5,6,10,13"
동양고등학교,7010965,2024-11-21,목,중식,460.0,깍두기*,9
동양고등학교,7010965,2024-11-21,목,중식,460.0,C쥬스,13
동양고등학교,7010965,2024-11-21,목,석식,100.0,보리밥*,
동양고등학교,7010965,2024-11-21,목,석식,100.0,김치콩나물국*,"5,9"
동양고등학교,7010965,2024-11-21,목,석식,100.0,마늘쫑어묵볶음*,"1,5,6"
동양고등학교,7010965,2024-11-21,목,석식,100.0,언양식바싹불고기*부추겨자무침,"1,2,5,6,10,12,13,15,16"
동양고등학교,7010965,2024-11-21,목,석식,100.0,깍두기*,9
동양고등학교,7010965,2024-11-21,목,석식,100.0,신호등롤솜사탕,13
동양고등학교,7010965,2024-11-22,금,중식,460.0,백미밥*,
동양고등학교,7010965,2024-11-22,금,중식,460.0,사골곰탕*소면,"2,5,6,13,16"
동양고등학교,7010965,2024-11-22,금,중식,460.0,치커리사과무침*,"5,6,13"
동양고등학교,7010965,2024-11-22,금,중식,460.0,통그릴비엔나야채볶음^^,"2,5,6,10,12,13,15,16,18"
동양고등학교,7010965,2024-11-22,금,중식,460.0,석박지*,9
동양고등학교,7010965,2024-11-22,금,중식,460.0,쿠앤크맛아몬드^^,"2,5"
동양고등학교,7010965,2024-11-22,금,석식,100.0,현미밥*,
동양고등학교,7010965,2024-11-22,금,석식,100.0,얼갈이된장국*,"5,6,9"
동양고등학교,7010965,2024-11-22,금,석식,100.0,대패삼겹살숙주볶음,"5,6,10,13,18"
동양고등학교,7010965,2024-11-22,금,석식,100.0,콘치즈구이*,"1,2,5,6,8,10,13,15,16"
동양고등학교,7010965,2024-11-22,금,석식,100.0,포기김치*,9
동양고등학교,7010965,2024-11-22,금,석식,100.0,오라떼,"2,13"
동양고등학교,7010965,2024-11-25,월,중식,460.0,현미밥*,
동양고등학교,7010965,2024-11-25,월,중식,460.0,얼큰수제비,"5,6,9,13,17,18"
동양고등학교,7010965,2024-11-25,월,중식,460.0,콩나물불고기*,"5,6,10,13"
동양고등학교,7010965,2024-11-25,월,중식,460.0,얼갈이된장무침*,"5,6"
동양고등학교,7010965,2024-11-25,월,중식,460.0,스팸감자버터구이,"1,2,5,6,10,13,15,16"
동양고등학교,7010965,2024-11-25,월,중식,460.0,포기김치*,9
동양고등학교,7010965,2024-11-25,월,석식,100.0,굴소스야채볶음밥*,"1,2,5,6,8,9,10,13,15,16,18"
동양고등학교,7010965,2024-11-25,월,석식,100.0,소고기우거지콩나물국,"5,6,9,13,16"
동양고등학교,7010965,2024-11-25,월,석식,100.0,수제교촌식치킨윙,"1,2,5,6,12,13,15,16,18"
동양고등학교,7010965,2024-11-25,월,석식,100.0,포기김치*,9
동양고등학교,7010965,2024-11-25,월,석식,100.0,델몬트파인애플드링크,13
동양고등학교,7010965,2024-11-25,월,석식,100.0,블루베리무피클*,
동양고등학교,7010965,2024-11-26,화,중식,460.0,백미밥*,
동양고등학교,7010965,2024-11-26,화,중식,460.0,오이무침*,"5,6,13"
동양고등학교,7010965,2024-11-26,화,중식,460.0,등심돈까스(100)&소스^,"1,2,5,6,10,12,13,16,18"
동양고등학교,7010965,2024-11-26,화,중식,460.0,포기김치*,9
동양고등학교,7010965,2024-11-26,화,중식,460.0,아비꼬카레,"1,2,5,6,10,12,13,16,18"
동양고등학교,7010965,2024-11-26,화,중식,460.0,허쉬드링크,2
동양고등학교,7010965,2024-11-26,화,석식,100.0,보리밥*,
동양고등학교,7010965,2024-11-26,화,석식,100.0,뼈없는감자탕*,"2,5,6,10,13,16"
동양고등학교,7010965,2024-11-26,화,석식,100.0,오이무침*,"5,6,13"
동양고등학교,7010965,2024-11-26,화,석식,100.0,생선까스*콘소스,"1,2,5,6,13"
동양고등학교,7010965,2024-11-26,화,석식,100.0,석박지*,9
동양고등학교,7010965,2024-11-26,화,석식,100.0,초코칩쿠키,"1,2,5,6"
동양고등학교,7010965,2024-11-27,수,중식,460.0,추가밥,
동양고등학교,7010965,2024-11-27,수,중식,460.0,짜장면*,"1,2,5,6,10,13,16"
동양고등학교,7010965,2024-11-27,수,중식,460.0,짬뽕탕^^,"1,6,9,10,13,17,18"
동양고등학교,7010965,2024-11-27,수,중식,460.0,군만두&미니간장^^,"1,5,6,10,16,18"
동양고등학교,7010965,2024-11-27,수,중식,460.0,포기김치*,9
동양고등학교,7010965,2024-11-27,수,중식,460.0,단무지*,
동양고등학교,7010965,2024-11-27,수,중식,460.0,피크닉,13
동양고등학교,7010965,2024-11-28,목,중식,460.0,현미밥*,
동양고등학교,7010965,2024-11-28,목,중식,460.0,참치김치찌개*,"5,6,9,10,16,18"
동양고등학교,7010965,2024-11-28,목,중식,460.0,볼어묵간장조림*,"1,5,6,13"
동양고등학교,7010965,2024-11-28,목,중식,460.0,돈사태떡찜*,"5,6,10,13,18"
동양고등학교,7010965,2024-11-28,목,중식,460.0,삼색숙주나물^,
동양고등학교,7010965,2024-11-28,목,중식,460.0,깍두기*,9
동양고등학교,7010965,2024-11-28,목,석식,100.0,추가밥,
동양고등학교,7010965,2024-11-28,목,석식,100.0,비빔국수(주)*,"3,5,6,9"
동양고등학교,7010965,2024-11-28,목,석식,100.0,바싹돼지양념구이,"5,6,10,13"
동양고등학교,7010965,2024-11-28,목,석식,100.0,롱김말이튀김,"1,5,6,16"
동양고등학교,7010965,2024-11-28,목,석식,100.0,깍두기*,9
동양고등학교,7010965,2024-11-28,목,석식,100.0,오레오와플,"1,2,4,5,6"
동양고등학교,7010965,2024-11-29,금,중식,460.0,후리가케주먹밥,"1,2,5,6,9,13,16,18"
동양고등학교,7010965,2024-11-29,금,중식,460.0,얼큰돈코츠라멘,"1,2,5,6,9,10,15,16,18"
동양고등학교,7010965,2024-11-29,금,중식,460.0,꼬들단무지무침,
동양고등학교,7010965,2024-11-29,금,중식,460.0,웰던함박스테이크*소스,"1,2,5,6,10,12,13,16,18"
동양고등학교,7010965,2024-11-29,금,중식,460.0,포기김치*,9
동양고등학교,7010965,2024-11-29,금,중식,460.0,요구르트*,2
동양고등학교,7010965,2024-11-29,금,석식,100.0,현미밥*,
동양고등학교,7010965,2024-11-29,금,석식,100.0,해물된장찌개,"5,6,9,17,18"
동양고등학교,7010965,2024-11-29,금,석식,100.0,보쌈*쌈장,"5,6,10"
동양고등학교,7010965,2024-11-29,금,석식,100.0,매콤잡채,"1,5,6,9,13,17,18"
동양고등학교,7010965,2024-11-29,금,석식,100.0,포기김치*,9
동양고등학교,7010965,2024-11-29,금,석식,100.0,코코팜,
동양고등학교,7010965,2024-12-02,월,중식,460.0,보리밥*,
동양고등학교,7010965,2024-12-02,월,중식,460.0,소고기우거지콩나물국,"5,6,9,13,16"
동양고등학교,7010965,2024-12-02,월,중식,460.0,궁중떡볶이*,"5,6,13,16"
동양고등학교,7010965,2024-12-02,월,중식,460.0,돼지고기고추장양념구이,"5,6,10,13"
동양고등학교,7010965,2024-12-02,월,중식,460.0,포기김치*,9
동양고등학교,7010965,2024-12-02,월,중식,460.0,감귤주스(무농약),13
동양고등학교,7010965,2024-12-02,월,석식,100.0,추가밥,
동양고등학교,7010965,2024-12-02,월,석식,100.0,해물볶음우동,"5,6,13,17,18"
동양고등학교,7010965,2024-12-02,월,석식,100.0,꼬들단무지무침,
동양고등학교,7010965,2024-12-02,월,석식,100.0,뱅글뱅글소시지,"1,2,5,6,10,16"
동양고등학교,7010965,2024-12-02,월,석식,100.0,포기김치*,9
동양고등학교,7010965,2024-12-02,월,석식,100.0,애플망고주스^^,13
동양고등학교,7010965,2024-12-03,화,중식,380.0,중화제육덮밥,"5,6,10,13"
동양고등학교,7010965,2024-12-03,화,중식,380.0,부추계란국*,"1,9"
동양고등학교,7010965,2024-12-03,화,중식,380.0,꼬들단무지무침,
동양고등학교,7010965,2024-12-03,화,중식,380.0,포기김치*,9
동양고등학교,7010965,2024-12-03,화,중식,380.0,레몬에이드,
동양고등학교,7010965,2024-12-03,화,중식,380.0,케이준치킨샐러드*,"1,2,5,6,12,13,15,18"
동양고등학교,7010965,2024-12-03,화,석식,100.0,백미밥*,
동양고등학교,7010965,2024-12-03,화,석식,100.0,전주식물갈비,"5,6,10,13,16"
동양고등학교,7010965,2024-12-03,화,석식,100.0,야채계란찜*,"1,9"
동양고등학교,7010965,2024-12-03,화,석식,100.0,상추겉절이*,"5,6,13"
동양고등학교,7010965,2024-12-03,화,석식,100.0,포기김치*,9
동양고등학교,7010965,2024-12-03,화,석식,100.0,스위풀오렌지주스,13
동양고등학교,7010965,2024-12-04,수,중식,460.0,미트볼투움바파스타,"1,2,5,6,13,16,18"
동양고등학교,7010965,2024-12-04,수,중식,460.0,블랙타이거갈릭버터구이,"1,2,5,6,9,12,13"
동양고등학교,7010965,2024-12-04,수,중식,460.0,포기김치*,9
동양고등학교,7010965,2024-12-04,수,중식,460.0,파베생초코,"1,2,5,6"
동양고등학교,7010965,2024-12-04,수,중식,460.0,오이피클(캔)^^,
동양고등학교,7010965,2024-12-04,수,중식,460.0,양상추샐러드*참깨D,"6,11,12,13,1,2,5"
동양고등학교,7010965,2024-12-05,목,중식,380.0,보리밥*,
동양고등학교,7010965,2024-12-05,목,중식,380.0,쇠고기무국*,"5,6,9,16"
동양고등학교,7010965,2024-12-05,목,중식,380.0,볼어묵간장조림*,"1,5,6,13"
동양고등학교,7010965,2024-12-05,목,중식,380.0,돈육김치볶음,"5,6,9,10,13"
동양고등학교,7010965,2024-12-05,목,중식,380.0,해물파전*,"5,6,9,17"
동양고등학교,7010965,2024-12-05,목,중식,380.0,깍두기*,9
동양고등학교,7010965,2024-12-05,목,중식,380.0,브루스터스아이스크림,"1,2,5"
동양고등학교,7010965,2024-12-05,목,석식,100.0,베트남쌀국수,"2,5,6,9,13,16"
동양고등학교,7010965,2024-12-05,목,석식,100.0,돼지불고기핫도그샌드위치,"1,2,5,6,12,13,16"
동양고등학교,7010965,2024-12-05,목,석식,100.0,춘권,"1,5,6,10,16,18"
동양고등학교,7010965,2024-12-05,목,석식,100.0,깍두기*,9
동양고등학교,7010965,2024-12-05,목,석식,100.0,쿠앤크설레임,"1,2,5"
동양고등학교,7010965,2024-12-05,목,석식,100.0,단무지*,
동양고등학교,7010965,2024-12-06,금,중식,460.0,백미밥*,
동양고등학교,7010965,2024-12-06,금,중식,460.0,육개장*,"1,2,5,6,9,16,18"
동양고등학교,7010965,2024-12-06,금,중식,460.0,쫄면야채무침*,"3,5,6,13"
동양고등학교,7010965,2024-12-06,금,중식,460.0,청양크림함박스테이크,"1,2,5,6,10,12,13,15,16"
동양고등학교,7010965,2024-12-06,금,중식,460.0,포기김치*,9
동양고등학교,7010965,2024-12-06,금,중식,460.0,더블황치즈쿠키,"1,2,5,6"
동양고등학교,7010965,2024-12-06,금,석식,100.0,백미밥*,
동양고등학교,7010965,2024-12-06,금,석식,100.0,돼지고기김치찌개*,"5,6,9,10"
동양고등학교,7010965,2024-12-06,금,석식,100.0,탕평채*,16
동양고등학교,7010965,2024-12-06,금,석식,100.0,숯불이닭떡강정,"1,5,6,10,12,13,15"
동양고등학교,7010965,2024-12-06,금,석식,100.0,깍두기*,9
동양고등학교,7010965,2024-12-06,금,석식,100.0,깻잎무쌈,
동양고등학교,7010965,2024-12-09,월,중식,380.0,보리밥*,
동양고등학교,7010965,2024-12-09,월,중식,380.0,쇠고기미역국*,"5,6,9,16"
동양고등학교,7010965,2024-12-09,월,중식,380.0,족발수육,"5,6,10,13,18"
동양고등학교,7010965,2024-12-09,월,중식,380.0,콩나물해파리냉채,"1,5,6,8,13"
동양고등학교,7010965,2024-12-09,월,중식,380.0,베이컨감자채볶음*,10
동양고등학교,7010965,2024-12-09,월,중식,380.0,포기김치*,9
동양고등학교,7010965,2024-12-09,월,중식,380.0,이벤트케익,"1,2,5,6"
동양고등학교,7010965,2024-12-09,월,석식,100.0,추가밥,
동양고등학교,7010965,2024-12-09,월,석식,100.0,나가사끼짬뽕*,"2,5,6,9,10,13,17,18"
동양고등학교,7010965,2024-12-09,월,석식,100.0,부추겉절이*,"5,6,13"
동양고등학교,7010965,2024-12-09,월,석식,100.0,깐풍새우,"1,5,6,9,12,13"
동양고등학교,7010965,2024-12-09,월,석식,100.0,깍두기*,9
동양고등학교,7010965,2024-12-09,월,석식,100.0,청포도에이드,
동양고등학교,7010965,2024-12-10,화,중식,380.0,보리밥*,
동양고등학교,7010965,2024-12-10,화,중식,380.0,닭다리삼계탕*당면사리,"2,5,6,13,15,16"
동양고등학교,7010965,2024-12-10,화,중식,380.0,아삭고추된장무침*,"5,6,13"
동양고등학교,7010965,2024-12-10,화,중식,380.0,메밀김치전병*,"2,3,5,6,16,18"
동양고등학교,7010965,2024-12-10,화,중식,380.0,석박지*,9
동양고등학교,7010965,2024-12-10,화,중식,380.0,비타500젤리^^,
동양고등학교,7010965,2024-12-10,화,석식,100.0,김가루주먹밥*,"1,2,5,6,9,13,16,18"
동양고등학교,7010965,2024-12-10,화,석식,100.0,어묵국*,"1,5,6,9"
동양고등학교,7010965,2024-12-10,화,석식,100.0,마라부대떡볶음,"1,2,5,6,10,13,15,16,18"
동양고등학교,7010965,2024-12-10,화,석식,100.0,잡채고로케,"1,2,5,6,15,16"
동양고등학교,7010965,2024-12-10,화,석식,100.0,포기김치*,9
동양고등학교,7010965,2024-12-10,화,석식,100.0,"파스퇴르우유(바나나,딸기)","2,13"
동양고등학교,7010965,2024-12-17,화,중식,380.0,보리밥*,
동양고등학교,7010965,2024-12-17,화,중식,380.0,열무된장국*,"5,6,9"
동양고등학교,7010965,2024-12-17,화,중식,380.0,콩나물김가루무침,5
동양고등학교,7010965,2024-12-17,화,중식,380.0,제육볶음*,"5,6,10,13"
동양고등학교,7010965,2024-12-17,화,중식,380.0,야채계란말이*,1
동양고등학교,7010965,2024-12-17,화,중식,380.0,포기김치*,9
동양고등학교,7010965,2024-12-17,화,중식,380.0,귤*,
동양고등학교,7010965,2024-12-17,화,석식,100.0,멸치주먹밥*,"1,2,5,6,9,13,16,18"
동양고등학교,7010965,2024-12-17,화,석식,100.0,제주고기국수,"2,5,6,10,16"
동양고등학교,7010965,2024-12-17,화,석식,100.0,김치만두,"1,5,6,10,16,18"
동양고등학교,7010965,2024-12-17,화,석식,100.0,도토리묵야채무침*,"5,6,13"
동양고등학교,7010965,2024-12-17,화,석식,100.0,포기김치*,9
동양고등학교,7010965,2024-12-17,화,석식,100.0,끌레도르바,"1,2,5"
동양고등학교,7010965,2024-12-18,수,중식,380.0,스팸김치볶음밥*,"1,2,5,6,9,10,13,15,16"
동양고등학교,7010965,2024-12-18,수,중식,380.0,어묵국*,"1,5,6,9"
동양고등학교,7010965,2024-12-18,수,중식,380.0,수제교촌식치킨윙,"1,2,5,6,12,13,15,16,18"
동양고등학교,7010965,2024-12-18,수,중식,380.0,깍두기*,9
동양고등학교,7010965,2024-12-18,수,중식,380.0,워터젤리,
동양고등학교,7010965,2024-12-18,수,중식,380.0,멕시칸샐러드,"1,2,5,6,10,12,13,15,16"
동양고등학교,7010965,2024-12-19,목,중식,380.0,현미밥*,
동양고등학교,7010965,2024-12-19,목,중식,380.0,시래기된장국,"5,6,9"
동양고등학교,7010965,2024-12-19,목,중식,380.0,청경채나물,"5,6"
동양고등학교,7010965,2024-12-19,목,중식,380.0,사각어묵볶음*,"1,5,6"
동양고등학교,7010965,2024-12-19,목,중식,380.0,춘천닭갈비*,"2,5,6,12,13,15,16,18"
동양고등학교,7010965,2024-12-19,목,중식,380.0,포기김치*,9
동양고등학교,7010965,2024-12-19,목,중식,380.0,마들렌,"1,2,5,6"
동양고등학교,7010965,2024-12-19,목,석식,100.0,대패삼겹쌈장비빔밥,"5,6,10,13"
동양고등학교,7010965,2024-12-19,목,석식,100.0,부추계란국*,"1,9"
동양고등학교,7010965,2024-12-19,목,석식,100.0,소떡소떡,"1,2,5,6,12,13"
동양고등학교,7010965,2024-12-19,목,석식,100.0,콘치즈구이*,"1,2,5,6,8,10,13,15,16"
동양고등학교,7010965,2024-12-19,목,석식,100.0,포기김치*,9
동양고등학교,7010965,2024-12-19,목,석식,100.0,피크닉,13
동양고등학교,7010965,2024-12-20,금,중식,380.0,햄계란주먹밥,"1,2,5,6,10,15,16"
동양고등학교,7010965,2024-12-20,금,중식,380.0,소갈비국수,"5,6,9,16"
동양고등학교,7010965,2024-12-20,금,중식,380.0,오이무침*,"5,6,13"
동양고등학교,7010965,2024-12-20,금,중식,380.0,포기김치*,9
동양고등학교,7010965,2024-12-20,금,중식,380.0,감자모짜치즈핫도그,"1,2,5,6,10,12,16"
동양고등학교,7010965,2024-12-20,금,중식,380.0,리얼초코프리첼^,"2,5,6"
동양고등학교,7010965,2024-12-20,금,중식,380.0,요구르트*,2
동양고등학교,7010965,2024-12-20,금,석식,100.0,백미밥*,
동양고등학교,7010965,2024-12-20,금,석식,100.0,부대찌개*,"1,2,5,6,9,10,12,13,15,16"
동양고등학교,7010965,2024-12-20,금,석식,100.0,양배추부추겨자무침,"5,6,13"
동양고등학교,7010965,2024-12-20,금,석식,100.0,진미채고추장볶음*,"5,6,13,17"
동양고등학교,7010965,2024-12-20,금,석식,100.0,너비아니구이,"1,5,6,10,13,16,18"
동양고등학교,7010965,2024-12-20,금,석식,100.0,깍두기*,9
동양고등학교,7010965,2024-12-23,월,중식,380.0,보리밥*,
동양고등학교,7010965,2024-12-23,월,중식,380.0,얼큰수제비,"5,6,9,13,17,18"
동양고등학교,7010965,2024-12-23,월,중식,380.0,꽈리고추계란장조림*,"1,5,6,13"
동양고등학교,7010965,2024-12-23,월,중식,380.0,부추겉절이*,"5,6,13"
동양고등학교,7010965,2024-12-23,월,중식,380.0,통살새우까스*소스,"1,5,6,9,13"
동양고등학교,7010965,2024-12-23,월,중식,380.0,포기김치*,9
동양고등학교,7010965,2024-12-23,월,중식,380.0,토레타^^,
동양고등학교,7010965,2024-12-24,화,중식,380.0,오므라이스*소스*,"1,2,5,6,10,12,13,15,16,18"
동양고등학교,7010965,2024-12-24,화,중식,380.0,미역된장국*,"5,6,9"
동양고등학교,7010965,2024-12-24,화,중식,380.0,바베큐등갈비조림,"1,2,5,6,10,12,13"
동양고등학교,7010965,2024-12-24,화,중식,380.0,치커리토마토유자청무침^^,"12,13"
동양고등학교,7010965,2024-12-24,화,중식,380.0,깍두기*,9
동양고등학교,7010965,2024-12-24,화,중식,380.0,눈사람마카롱,"1,2,5,6"
동양고등학교,7010965,2024-12-26,목,중식,380.0,백미밥*,
동양고등학교,7010965,2024-12-26,목,중식,380.0,크림스프*,"2,5,6,13,16"
동양고등학교,7010965,2024-12-26,목,중식,380.0,등심돈까스(100)&소스^,"1,2,5,6,10,12,13,16,18"
동양고등학교,7010965,2024-12-26,목,중식,380.0,포기김치*,9
동양고등학교,7010965,2024-12-26,목,중식,380.0,코코팜,
동양고등학교,7010965,2024-12-26,목,중식,380.0,시리얼양배추샐러드,"1,2,5,6,12,13"
동양고등학교,7010965,2024-12-27,금,중식,380.0,추가밥,
동양고등학교,7010965,2024-12-27,금,중식,380.0,국물떡볶이,"1,2,5,6,10,12,13,15,16,18"
동양고등학교,7010965,2024-12-27,금,중식,380.0,반마리옛날통닭,"1,2,5,6,12,13,15"
동양고등학교,7010965,2024-12-27,금,중식,380.0,제로콜라,
동양고등학교,7010965,2024-12-27,금,중식,380.0,블루베리무피클*,
동양고등학교,7010965,2024-12-27,금,중식,380.0,코울슬로,"1,5,13"
동양고등학교,7010965,2024-12-30,월,중식,380.0,보리밥*,
동양고등학교,7010965,2024-12-30,월,중식,380.0,스팸김치찌개,"1,2,5,6,9,10,13,15,16"
동양고등학교,7010965,2024-12-30,월,중식,380.0,안동찜닭*,"5,6,13,15,16,18"
동양고등학교,7010965,2024-12-30,월,중식,380.0,콩나물어묵조림,"1,5,6,12,13"
동양고등학교,7010965,2024-12-30,월,중식,380.0,탕평채*,16
동양고등학교,7010965,2024-12-30,월,중식,380.0,깍두기*,9
동양고등학교,7010965,2024-12-30,월,중식,380.0,초코에몽(캔),2
동양고등학교,7010965,2024-12-31,화,중식,380.0,갈릭베이컨볶음밥,"1,5,6,10,13,18"
동양고등학교,7010965,2024-12-31,화,중식,380.0,동양앤쿡목살스테이크,"1,2,5,6,10,12,13,16,18"
동양고등학교,7010965,2024-12-31,화,중식,380.0,깍두기*,9
동양고등학교,7010965,2024-12-31,화,중식,380.0,바닐라컵아이스크림,"1,2,5"
동양고등학교,7010965,2024-12-31,화,중식,380.0,링파인애플,
동양고등학교,7010965,2024-12-31,화,중식,380.0,황도어린잎샐러드,"1,2,5,6,11,12"
